0.094;0.094;0.094;0.094;0.098;0.098;0.098;0.098;0.098;0.102;0.102;0.110;0.114;0.110;0.114;0.118;0.118;0.118;0.122;0.122;0.122;0.122;0.106;0.106;0.106;0.106;0.110;0.110;0.110;0.110;0.114;0.118;0.122;0.125;0.122;0.122;0.122;0.125;0.125;0.125;0.125;0.125;0.125;0.125;0.125;0.125;0.125;0.129;0.129;0.129;0.133;0.133;0.133;0.133;0.133;0.133;0.133;0.133;0.133;0.133;0.133;0.133;0.137;0.137;0.137;0.133;0.133;0.133;0.125;0.102;0.114;0.129;0.129;0.129;0.129;0.129;0.129;0.129;0.133;0.133;0.133;0.133;0.137;0.137;0.137;0.137;0.141;0.141;0.145;0.145;0.149;0.153;0.165;0.169;0.176;0.180;0.184;0.188;0.192;0.200;0.208;0.208;0.208;0.212;0.208;0.208;0.212;0.212;0.216;0.216;0.220;0.220;0.224;0.224;0.224;0.227;0.231;0.239;0.239;0.243;0.243;0.243;0.243;0.247;0.247;0.247;0.251;0.251;0.255;0.255;0.259;0.259;0.263;0.267;0.271;0.275;0.278;0.278;0.282;0.286;0.290;0.294;0.298;0.314;0.325;0.325;0.325;0.329;0.329;0.333;0.333;0.333;0.337;0.337;0.337;0.337;0.341;0.341;0.341;0.341;0.345;0.345;0.349;0.353;0.353;0.349;0.349;0.349;0.353;0.353;0.353;0.353;0.357;0.357;0.365;0.365;0.369;0.369;0.373;0.376;0.376;0.380;0.380;0.380;0.380;0.384;0.384;0.384;0.388;0.388;0.388;0.388;0.392;0.392;0.400;0.404;0.404;0.404;0.408;0.408;0.408;0.408;0.408;0.412;0.412;0.412;0.412;0.408;0.404;0.408;0.408;0.412;0.412;0.408;
0.094;0.094;0.094;0.094;0.098;0.098;0.098;0.098;0.098;0.102;0.102;0.110;0.114;0.110;0.114;0.118;0.118;0.118;0.122;0.122;0.122;0.122;0.106;0.106;0.106;0.106;0.110;0.110;0.110;0.110;0.114;0.118;0.122;0.125;0.122;0.122;0.122;0.125;0.125;0.125;0.125;0.125;0.125;0.125;0.125;0.125;0.125;0.129;0.129;0.129;0.133;0.133;0.133;0.133;0.133;0.133;0.133;0.133;0.133;0.133;0.133;0.133;0.137;0.137;0.137;0.133;0.133;0.133;0.125;0.102;0.114;0.129;0.129;0.129;0.129;0.129;0.129;0.129;0.133;0.133;0.133;0.133;0.137;0.137;0.137;0.137;0.141;0.141;0.145;0.145;0.149;0.153;0.165;0.169;0.176;0.180;0.184;0.188;0.192;0.200;0.208;0.208;0.208;0.212;0.208;0.208;0.212;0.212;0.216;0.216;0.220;0.220;0.224;0.224;0.224;0.227;0.231;0.239;0.239;0.243;0.243;0.243;0.243;0.247;0.247;0.247;0.251;0.251;0.255;0.255;0.259;0.259;0.263;0.267;0.271;0.275;0.278;0.278;0.282;0.286;0.290;0.294;0.298;0.314;0.325;0.325;0.325;0.329;0.329;0.333;0.333;0.333;0.337;0.337;0.337;0.337;0.341;0.341;0.341;0.341;0.345;0.345;0.349;0.353;0.353;0.349;0.349;0.349;0.353;0.353;0.353;0.353;0.357;0.357;0.365;0.365;0.369;0.369;0.373;0.376;0.376;0.380;0.380;0.380;0.380;0.384;0.384;0.384;0.388;0.388;0.388;0.388;0.392;0.392;0.400;0.404;0.404;0.404;0.408;0.408;0.408;0.408;0.408;0.412;0.412;0.412;0.412;0.408;0.404;0.408;0.408;0.412;0.412;0.408;
0.094;0.098;0.098;0.094;0.090;0.090;0.094;0.094;0.094;0.094;0.094;0.098;0.106;0.102;0.102;0.098;0.098;0.098;0.102;0.114;0.098;0.118;0.102;0.102;0.106;0.106;0.106;0.110;0.110;0.110;0.114;0.114;0.114;0.114;0.118;0.118;0.118;0.118;0.118;0.118;0.118;0.118;0.122;0.122;0.122;0.125;0.125;0.125;0.125;0.125;0.125;0.125;0.125;0.125;0.125;0.125;0.125;0.125;0.125;0.129;0.129;0.129;0.129;0.129;0.129;0.133;0.133;0.129;0.098;0.102;0.122;0.122;0.122;0.122;0.125;0.122;0.125;0.125;0.125;0.125;0.125;0.129;0.129;0.129;0.129;0.133;0.133;0.133;0.137;0.137;0.141;0.141;0.145;0.149;0.165;0.176;0.176;0.184;0.184;0.184;0.196;0.196;0.196;0.196;0.200;0.204;0.208;0.204;0.204;0.204;0.212;0.216;0.216;0.220;0.224;0.227;0.227;0.227;0.231;0.231;0.231;0.235;0.235;0.239;0.239;0.239;0.243;0.243;0.247;0.247;0.251;0.251;0.259;0.259;0.263;0.267;0.271;0.275;0.275;0.278;0.282;0.286;0.290;0.294;0.306;0.322;0.325;0.325;0.325;0.329;0.329;0.333;0.333;0.333;0.337;0.337;0.337;0.337;0.337;0.337;0.341;0.341;0.345;0.345;0.345;0.345;0.345;0.345;0.349;0.349;0.349;0.349;0.353;0.353;0.357;0.357;0.361;0.365;0.369;0.369;0.373;0.373;0.376;0.376;0.380;0.380;0.380;0.380;0.384;0.380;0.384;0.384;0.384;0.388;0.392;0.392;0.396;0.396;0.396;0.400;0.400;0.400;0.400;0.400;0.404;0.400;0.400;0.400;0.400;0.400;0.400;0.404;0.404;0.404;
0.094;0.098;0.098;0.094;0.090;0.090;0.094;0.094;0.094;0.094;0.094;0.098;0.106;0.102;0.102;0.098;0.098;0.098;0.102;0.114;0.098;0.118;0.102;0.102;0.106;0.106;0.106;0.110;0.110;0.110;0.114;0.114;0.114;0.114;0.118;0.118;0.118;0.118;0.118;0.118;0.118;0.118;0.122;0.122;0.122;0.125;0.125;0.125;0.125;0.125;0.125;0.125;0.125;0.125;0.125;0.125;0.125;0.125;0.125;0.129;0.129;0.129;0.129;0.129;0.129;0.133;0.133;0.129;0.098;0.102;0.122;0.122;0.122;0.122;0.125;0.122;0.125;0.125;0.125;0.125;0.125;0.129;0.129;0.129;0.129;0.133;0.133;0.133;0.137;0.137;0.141;0.141;0.145;0.149;0.165;0.176;0.176;0.184;0.184;0.184;0.196;0.196;0.196;0.196;0.200;0.204;0.208;0.204;0.204;0.204;0.212;0.216;0.216;0.220;0.224;0.227;0.227;0.227;0.231;0.231;0.231;0.235;0.235;0.239;0.239;0.239;0.243;0.243;0.247;0.247;0.251;0.251;0.259;0.259;0.263;0.267;0.271;0.275;0.275;0.278;0.282;0.286;0.290;0.294;0.306;0.322;0.325;0.325;0.325;0.329;0.329;0.333;0.333;0.333;0.337;0.337;0.337;0.337;0.337;0.337;0.341;0.341;0.345;0.345;0.345;0.345;0.345;0.345;0.349;0.349;0.349;0.349;0.353;0.353;0.357;0.357;0.361;0.365;0.369;0.369;0.373;0.373;0.376;0.376;0.380;0.380;0.380;0.380;0.384;0.380;0.384;0.384;0.384;0.388;0.392;0.392;0.396;0.396;0.396;0.400;0.400;0.400;0.400;0.400;0.404;0.400;0.400;0.400;0.400;0.400;0.400;0.404;0.404;0.404;
0.078;0.090;0.090;0.086;0.086;0.086;0.082;0.086;0.086;0.090;0.090;0.090;0.098;0.102;0.098;0.098;0.094;0.098;0.098;0.098;0.098;0.098;0.102;0.102;0.102;0.106;0.106;0.106;0.110;0.110;0.110;0.106;0.106;0.106;0.110;0.110;0.110;0.114;0.114;0.114;0.118;0.118;0.118;0.118;0.118;0.118;0.122;0.122;0.122;0.122;0.122;0.122;0.118;0.118;0.122;0.118;0.114;0.114;0.114;0.110;0.122;0.118;0.114;0.118;0.122;0.129;0.129;0.122;0.094;0.102;0.118;0.118;0.118;0.118;0.122;0.118;0.118;0.118;0.122;0.122;0.122;0.122;0.122;0.125;0.125;0.129;0.129;0.129;0.129;0.133;0.133;0.137;0.137;0.141;0.157;0.161;0.169;0.180;0.184;0.184;0.184;0.188;0.196;0.196;0.196;0.196;0.196;0.196;0.196;0.196;0.200;0.200;0.200;0.200;0.208;0.212;0.216;0.224;0.227;0.231;0.231;0.235;0.235;0.239;0.239;0.239;0.239;0.239;0.243;0.243;0.247;0.247;0.251;0.255;0.255;0.259;0.263;0.267;0.271;0.275;0.278;0.282;0.286;0.290;0.294;0.310;0.318;0.322;0.322;0.325;0.325;0.329;0.329;0.333;0.333;0.333;0.337;0.337;0.337;0.337;0.341;0.341;0.341;0.341;0.341;0.345;0.345;0.345;0.345;0.345;0.349;0.349;0.349;0.349;0.353;0.353;0.353;0.361;0.361;0.365;0.369;0.369;0.373;0.373;0.376;0.376;0.376;0.380;0.380;0.380;0.380;0.380;0.380;0.380;0.384;0.384;0.384;0.388;0.388;0.388;0.388;0.388;0.388;0.392;0.392;0.388;0.392;0.396;0.396;0.400;0.392;0.388;0.396;0.396;
0.078;0.090;0.090;0.086;0.086;0.086;0.082;0.086;0.086;0.090;0.090;0.090;0.098;0.102;0.098;0.098;0.094;0.098;0.098;0.098;0.098;0.098;0.102;0.102;0.102;0.106;0.106;0.106;0.110;0.110;0.110;0.106;0.106;0.106;0.110;0.110;0.110;0.114;0.114;0.114;0.118;0.118;0.118;0.118;0.118;0.118;0.122;0.122;0.122;0.122;0.122;0.122;0.118;0.118;0.122;0.118;0.114;0.114;0.114;0.110;0.122;0.118;0.114;0.118;0.122;0.129;0.129;0.122;0.094;0.102;0.118;0.118;0.118;0.118;0.122;0.118;0.118;0.118;0.122;0.122;0.122;0.122;0.122;0.125;0.125;0.129;0.129;0.129;0.129;0.133;0.133;0.137;0.137;0.141;0.157;0.161;0.169;0.180;0.184;0.184;0.184;0.188;0.196;0.196;0.196;0.196;0.196;0.196;0.196;0.196;0.200;0.200;0.200;0.200;0.208;0.212;0.216;0.224;0.227;0.231;0.231;0.235;0.235;0.239;0.239;0.239;0.239;0.239;0.243;0.243;0.247;0.247;0.251;0.255;0.255;0.259;0.263;0.267;0.271;0.275;0.278;0.282;0.286;0.290;0.294;0.310;0.318;0.322;0.322;0.325;0.325;0.329;0.329;0.333;0.333;0.333;0.337;0.337;0.337;0.337;0.341;0.341;0.341;0.341;0.341;0.345;0.345;0.345;0.345;0.345;0.349;0.349;0.349;0.349;0.353;0.353;0.353;0.361;0.361;0.365;0.369;0.369;0.373;0.373;0.376;0.376;0.376;0.380;0.380;0.380;0.380;0.380;0.380;0.380;0.384;0.384;0.384;0.388;0.388;0.388;0.388;0.388;0.388;0.392;0.392;0.388;0.392;0.396;0.396;0.400;0.392;0.388;0.396;0.396;
0.071;0.071;0.075;0.075;0.078;0.078;0.078;0.078;0.078;0.082;0.082;0.086;0.090;0.090;0.090;0.090;0.086;0.090;0.094;0.094;0.094;0.098;0.098;0.098;0.098;0.094;0.098;0.098;0.102;0.102;0.102;0.102;0.106;0.106;0.106;0.110;0.114;0.114;0.114;0.114;0.114;0.114;0.114;0.114;0.118;0.118;0.118;0.118;0.114;0.110;0.106;0.106;0.106;0.106;0.106;0.106;0.106;0.106;0.106;0.106;0.106;0.106;0.106;0.110;0.110;0.122;0.118;0.114;0.094;0.098;0.114;0.114;0.114;0.114;0.114;0.114;0.114;0.118;0.118;0.118;0.118;0.122;0.122;0.118;0.118;0.122;0.125;0.125;0.129;0.129;0.129;0.129;0.133;0.133;0.149;0.153;0.153;0.157;0.165;0.176;0.180;0.184;0.184;0.184;0.192;0.196;0.196;0.196;0.196;0.196;0.196;0.200;0.200;0.200;0.200;0.200;0.204;0.200;0.204;0.212;0.224;0.227;0.231;0.235;0.235;0.239;0.243;0.243;0.243;0.247;0.247;0.247;0.247;0.251;0.255;0.259;0.259;0.263;0.267;0.271;0.275;0.275;0.278;0.286;0.290;0.298;0.314;0.318;0.318;0.322;0.322;0.325;0.325;0.329;0.329;0.333;0.333;0.333;0.337;0.337;0.341;0.341;0.341;0.341;0.341;0.341;0.337;0.325;0.325;0.325;0.333;0.337;0.337;0.337;0.341;0.349;0.349;0.353;0.357;0.361;0.361;0.361;0.369;0.373;0.376;0.376;0.376;0.376;0.376;0.376;0.376;0.376;0.376;0.376;0.380;0.380;0.380;0.380;0.380;0.380;0.376;0.380;0.380;0.380;0.380;0.380;0.384;0.388;0.388;0.388;0.388;0.392;0.388;0.388;
0.071;0.071;0.075;0.075;0.078;0.078;0.078;0.078;0.078;0.082;0.082;0.086;0.090;0.090;0.090;0.090;0.086;0.090;0.094;0.094;0.094;0.098;0.098;0.098;0.098;0.094;0.098;0.098;0.102;0.102;0.102;0.102;0.106;0.106;0.106;0.110;0.114;0.114;0.114;0.114;0.114;0.114;0.114;0.114;0.118;0.118;0.118;0.118;0.114;0.110;0.106;0.106;0.106;0.106;0.106;0.106;0.106;0.106;0.106;0.106;0.106;0.106;0.106;0.110;0.110;0.122;0.118;0.114;0.094;0.098;0.114;0.114;0.114;0.114;0.114;0.114;0.114;0.118;0.118;0.118;0.118;0.122;0.122;0.118;0.118;0.122;0.125;0.125;0.129;0.129;0.129;0.129;0.133;0.133;0.149;0.153;0.153;0.157;0.165;0.176;0.180;0.184;0.184;0.184;0.192;0.196;0.196;0.196;0.196;0.196;0.196;0.200;0.200;0.200;0.200;0.200;0.204;0.200;0.204;0.212;0.224;0.227;0.231;0.235;0.235;0.239;0.243;0.243;0.243;0.247;0.247;0.247;0.247;0.251;0.255;0.259;0.259;0.263;0.267;0.271;0.275;0.275;0.278;0.286;0.290;0.298;0.314;0.318;0.318;0.322;0.322;0.325;0.325;0.329;0.329;0.333;0.333;0.333;0.337;0.337;0.341;0.341;0.341;0.341;0.341;0.341;0.337;0.325;0.325;0.325;0.333;0.337;0.337;0.337;0.341;0.349;0.349;0.353;0.357;0.361;0.361;0.361;0.369;0.373;0.376;0.376;0.376;0.376;0.376;0.376;0.376;0.376;0.376;0.376;0.380;0.380;0.380;0.380;0.380;0.380;0.376;0.380;0.380;0.380;0.380;0.380;0.384;0.388;0.388;0.388;0.388;0.392;0.388;0.388;
0.067;0.067;0.067;0.067;0.067;0.067;0.067;0.071;0.071;0.071;0.075;0.075;0.078;0.078;0.082;0.082;0.082;0.086;0.082;0.086;0.090;0.090;0.090;0.094;0.094;0.094;0.094;0.098;0.098;0.102;0.106;0.110;0.110;0.114;0.114;0.114;0.114;0.118;0.114;0.114;0.114;0.118;0.118;0.114;0.114;0.114;0.118;0.118;0.106;0.102;0.102;0.098;0.098;0.098;0.098;0.098;0.098;0.098;0.098;0.098;0.102;0.102;0.102;0.102;0.106;0.110;0.114;0.110;0.090;0.098;0.110;0.110;0.110;0.110;0.110;0.114;0.114;0.114;0.110;0.086;0.086;0.086;0.086;0.086;0.094;0.102;0.110;0.106;0.102;0.090;0.110;0.125;0.129;0.133;0.145;0.149;0.149;0.153;0.157;0.157;0.161;0.165;0.173;0.180;0.180;0.188;0.192;0.192;0.192;0.192;0.196;0.196;0.196;0.196;0.200;0.200;0.200;0.200;0.200;0.200;0.204;0.208;0.220;0.224;0.227;0.227;0.227;0.231;0.239;0.243;0.247;0.251;0.251;0.251;0.255;0.255;0.255;0.255;0.259;0.263;0.267;0.271;0.275;0.278;0.286;0.294;0.302;0.310;0.314;0.318;0.318;0.322;0.322;0.325;0.325;0.329;0.329;0.333;0.333;0.337;0.337;0.337;0.333;0.329;0.325;0.329;0.325;0.322;0.322;0.322;0.325;0.325;0.329;0.329;0.333;0.341;0.341;0.345;0.349;0.349;0.353;0.353;0.365;0.365;0.365;0.369;0.373;0.373;0.373;0.373;0.373;0.373;0.369;0.373;0.373;0.373;0.373;0.373;0.373;0.373;0.369;0.369;0.369;0.369;0.369;0.373;0.380;0.384;0.384;0.384;0.384;0.384;0.384;0.384;
0.067;0.067;0.067;0.067;0.067;0.067;0.067;0.071;0.071;0.071;0.075;0.075;0.078;0.078;0.082;0.082;0.082;0.086;0.082;0.086;0.090;0.090;0.090;0.094;0.094;0.094;0.094;0.098;0.098;0.102;0.106;0.110;0.110;0.114;0.114;0.114;0.114;0.118;0.114;0.114;0.114;0.118;0.118;0.114;0.114;0.114;0.118;0.118;0.106;0.102;0.102;0.098;0.098;0.098;0.098;0.098;0.098;0.098;0.098;0.098;0.102;0.102;0.102;0.102;0.106;0.110;0.114;0.110;0.090;0.098;0.110;0.110;0.110;0.110;0.110;0.114;0.114;0.114;0.110;0.086;0.086;0.086;0.086;0.086;0.094;0.102;0.110;0.106;0.102;0.090;0.110;0.125;0.129;0.133;0.145;0.149;0.149;0.153;0.157;0.157;0.161;0.165;0.173;0.180;0.180;0.188;0.192;0.192;0.192;0.192;0.196;0.196;0.196;0.196;0.200;0.200;0.200;0.200;0.200;0.200;0.204;0.208;0.220;0.224;0.227;0.227;0.227;0.231;0.239;0.243;0.247;0.251;0.251;0.251;0.255;0.255;0.255;0.255;0.259;0.263;0.267;0.271;0.275;0.278;0.286;0.294;0.302;0.310;0.314;0.318;0.318;0.322;0.322;0.325;0.325;0.329;0.329;0.333;0.333;0.337;0.337;0.337;0.333;0.329;0.325;0.329;0.325;0.322;0.322;0.322;0.325;0.325;0.329;0.329;0.333;0.341;0.341;0.345;0.349;0.349;0.353;0.353;0.365;0.365;0.365;0.369;0.373;0.373;0.373;0.373;0.373;0.373;0.369;0.373;0.373;0.373;0.373;0.373;0.373;0.373;0.369;0.369;0.369;0.369;0.369;0.373;0.380;0.384;0.384;0.384;0.384;0.384;0.384;0.384;
0.063;0.063;0.063;0.063;0.063;0.063;0.067;0.067;0.071;0.071;0.071;0.075;0.075;0.078;0.078;0.078;0.082;0.082;0.082;0.086;0.086;0.086;0.090;0.094;0.094;0.094;0.098;0.102;0.102;0.102;0.102;0.102;0.102;0.106;0.106;0.106;0.110;0.110;0.110;0.114;0.114;0.114;0.114;0.118;0.114;0.114;0.114;0.114;0.098;0.098;0.094;0.090;0.090;0.094;0.094;0.094;0.094;0.094;0.094;0.094;0.098;0.098;0.098;0.098;0.098;0.106;0.106;0.106;0.086;0.102;0.106;0.106;0.106;0.106;0.102;0.090;0.078;0.078;0.082;0.098;0.110;0.118;0.122;0.133;0.141;0.149;0.149;0.149;0.141;0.129;0.122;0.106;0.098;0.122;0.141;0.149;0.149;0.149;0.149;0.153;0.157;0.161;0.161;0.165;0.173;0.180;0.192;0.188;0.188;0.192;0.192;0.192;0.192;0.196;0.196;0.196;0.196;0.196;0.200;0.200;0.200;0.200;0.200;0.204;0.212;0.224;0.227;0.227;0.231;0.235;0.235;0.235;0.239;0.247;0.251;0.251;0.255;0.259;0.259;0.259;0.263;0.263;0.263;0.263;0.267;0.267;0.275;0.282;0.290;0.298;0.310;0.318;0.322;0.325;0.325;0.329;0.329;0.333;0.329;0.329;0.325;0.322;0.322;0.318;0.322;0.322;0.322;0.318;0.322;0.322;0.322;0.322;0.318;0.318;0.322;0.325;0.329;0.333;0.337;0.341;0.341;0.341;0.353;0.353;0.357;0.361;0.365;0.365;0.365;0.365;0.365;0.365;0.361;0.365;0.365;0.365;0.361;0.361;0.361;0.361;0.357;0.357;0.357;0.361;0.365;0.373;0.376;0.373;0.361;0.353;0.345;0.341;0.349;0.349;
0.063;0.063;0.063;0.063;0.063;0.063;0.067;0.067;0.071;0.071;0.071;0.075;0.075;0.078;0.078;0.078;0.082;0.082;0.082;0.086;0.086;0.086;0.090;0.094;0.094;0.094;0.098;0.102;0.102;0.102;0.102;0.102;0.102;0.106;0.106;0.106;0.110;0.110;0.110;0.114;0.114;0.114;0.114;0.118;0.114;0.114;0.114;0.114;0.098;0.098;0.094;0.090;0.090;0.094;0.094;0.094;0.094;0.094;0.094;0.094;0.098;0.098;0.098;0.098;0.098;0.106;0.106;0.106;0.086;0.102;0.106;0.106;0.106;0.106;0.102;0.090;0.078;0.078;0.082;0.098;0.110;0.118;0.122;0.133;0.141;0.149;0.149;0.149;0.141;0.129;0.122;0.106;0.098;0.122;0.141;0.149;0.149;0.149;0.149;0.153;0.157;0.161;0.161;0.165;0.173;0.180;0.192;0.188;0.188;0.192;0.192;0.192;0.192;0.196;0.196;0.196;0.196;0.196;0.200;0.200;0.200;0.200;0.200;0.204;0.212;0.224;0.227;0.227;0.231;0.235;0.235;0.235;0.239;0.247;0.251;0.251;0.255;0.259;0.259;0.259;0.263;0.263;0.263;0.263;0.267;0.267;0.275;0.282;0.290;0.298;0.310;0.318;0.322;0.325;0.325;0.329;0.329;0.333;0.329;0.329;0.325;0.322;0.322;0.318;0.322;0.322;0.322;0.318;0.322;0.322;0.322;0.322;0.318;0.318;0.322;0.325;0.329;0.333;0.337;0.341;0.341;0.341;0.353;0.353;0.357;0.361;0.365;0.365;0.365;0.365;0.365;0.365;0.361;0.365;0.365;0.365;0.361;0.361;0.361;0.361;0.357;0.357;0.357;0.361;0.365;0.373;0.376;0.373;0.361;0.353;0.345;0.341;0.349;0.349;
0.055;0.055;0.059;0.059;0.059;0.063;0.067;0.067;0.067;0.071;0.071;0.071;0.071;0.075;0.075;0.075;0.075;0.075;0.075;0.075;0.078;0.078;0.082;0.086;0.086;0.090;0.094;0.094;0.090;0.090;0.090;0.094;0.094;0.094;0.098;0.098;0.098;0.102;0.102;0.110;0.110;0.110;0.110;0.110;0.110;0.106;0.102;0.090;0.090;0.090;0.086;0.086;0.086;0.086;0.090;0.090;0.090;0.090;0.090;0.094;0.094;0.094;0.094;0.094;0.094;0.098;0.098;0.094;0.082;0.102;0.102;0.098;0.082;0.075;0.075;0.082;0.098;0.110;0.118;0.133;0.153;0.165;0.169;0.169;0.169;0.169;0.173;0.176;0.173;0.173;0.165;0.145;0.125;0.106;0.106;0.137;0.149;0.149;0.149;0.149;0.153;0.157;0.157;0.161;0.169;0.169;0.173;0.176;0.180;0.188;0.192;0.192;0.192;0.196;0.196;0.196;0.196;0.196;0.196;0.196;0.200;0.200;0.200;0.204;0.200;0.200;0.200;0.204;0.208;0.212;0.216;0.216;0.224;0.231;0.235;0.239;0.243;0.247;0.251;0.255;0.259;0.263;0.263;0.267;0.267;0.267;0.271;0.271;0.271;0.275;0.275;0.275;0.278;0.278;0.278;0.282;0.282;0.294;0.294;0.302;0.302;0.298;0.302;0.310;0.310;0.314;0.314;0.310;0.310;0.310;0.310;0.310;0.306;0.310;0.314;0.318;0.318;0.322;0.325;0.325;0.329;0.329;0.349;0.353;0.353;0.353;0.353;0.353;0.357;0.357;0.357;0.353;0.353;0.357;0.353;0.353;0.353;0.353;0.353;0.349;0.349;0.349;0.349;0.353;0.349;0.341;0.337;0.337;0.337;0.345;0.353;0.357;0.361;0.361;
0.055;0.055;0.059;0.059;0.059;0.063;0.067;0.067;0.067;0.071;0.071;0.071;0.071;0.075;0.075;0.075;0.075;0.075;0.075;0.075;0.078;0.078;0.082;0.086;0.086;0.090;0.094;0.094;0.090;0.090;0.090;0.094;0.094;0.094;0.098;0.098;0.098;0.102;0.102;0.110;0.110;0.110;0.110;0.110;0.110;0.106;0.102;0.090;0.090;0.090;0.086;0.086;0.086;0.086;0.090;0.090;0.090;0.090;0.090;0.094;0.094;0.094;0.094;0.094;0.094;0.098;0.098;0.094;0.082;0.102;0.102;0.098;0.082;0.075;0.075;0.082;0.098;0.110;0.118;0.133;0.153;0.165;0.169;0.169;0.169;0.169;0.173;0.176;0.173;0.173;0.165;0.145;0.125;0.106;0.106;0.137;0.149;0.149;0.149;0.149;0.153;0.157;0.157;0.161;0.169;0.169;0.173;0.176;0.180;0.188;0.192;0.192;0.192;0.196;0.196;0.196;0.196;0.196;0.196;0.196;0.200;0.200;0.200;0.204;0.200;0.200;0.200;0.204;0.208;0.212;0.216;0.216;0.224;0.231;0.235;0.239;0.243;0.247;0.251;0.255;0.259;0.263;0.263;0.267;0.267;0.267;0.271;0.271;0.271;0.275;0.275;0.275;0.278;0.278;0.278;0.282;0.282;0.294;0.294;0.302;0.302;0.298;0.302;0.310;0.310;0.314;0.314;0.310;0.310;0.310;0.310;0.310;0.306;0.310;0.314;0.318;0.318;0.322;0.325;0.325;0.329;0.329;0.349;0.353;0.353;0.353;0.353;0.353;0.357;0.357;0.357;0.353;0.353;0.357;0.353;0.353;0.353;0.353;0.353;0.349;0.349;0.349;0.349;0.353;0.349;0.341;0.337;0.337;0.337;0.345;0.353;0.357;0.361;0.361;
0.055;0.059;0.059;0.059;0.063;0.063;0.063;0.059;0.059;0.059;0.063;0.063;0.063;0.063;0.067;0.071;0.075;0.075;0.071;0.071;0.075;0.075;0.075;0.075;0.075;0.075;0.078;0.078;0.082;0.082;0.082;0.082;0.086;0.086;0.086;0.090;0.090;0.094;0.098;0.110;0.110;0.110;0.106;0.106;0.094;0.090;0.090;0.086;0.090;0.090;0.086;0.082;0.082;0.082;0.086;0.086;0.090;0.094;0.094;0.094;0.094;0.094;0.090;0.090;0.090;0.094;0.090;0.078;0.071;0.067;0.071;0.086;0.094;0.110;0.114;0.114;0.114;0.118;0.133;0.157;0.165;0.165;0.169;0.173;0.169;0.169;0.169;0.169;0.169;0.173;0.173;0.176;0.165;0.145;0.125;0.102;0.129;0.145;0.149;0.149;0.149;0.149;0.153;0.157;0.161;0.169;0.169;0.169;0.173;0.173;0.173;0.176;0.180;0.184;0.188;0.188;0.192;0.196;0.196;0.196;0.196;0.200;0.200;0.200;0.200;0.196;0.200;0.200;0.200;0.200;0.204;0.204;0.204;0.204;0.208;0.208;0.208;0.212;0.220;0.231;0.235;0.239;0.243;0.247;0.255;0.263;0.267;0.271;0.275;0.275;0.275;0.275;0.278;0.278;0.278;0.282;0.282;0.282;0.282;0.286;0.286;0.282;0.286;0.286;0.286;0.290;0.290;0.294;0.294;0.298;0.298;0.302;0.302;0.306;0.306;0.310;0.310;0.314;0.314;0.318;0.318;0.318;0.322;0.329;0.337;0.337;0.337;0.337;0.345;0.341;0.345;0.341;0.341;0.345;0.345;0.345;0.345;0.345;0.349;0.345;0.329;0.333;0.333;0.333;0.333;0.337;0.345;0.357;0.361;0.361;0.361;0.361;0.361;0.361;
0.055;0.059;0.059;0.059;0.063;0.063;0.063;0.059;0.059;0.059;0.063;0.063;0.063;0.063;0.067;0.071;0.075;0.075;0.071;0.071;0.075;0.075;0.075;0.075;0.075;0.075;0.078;0.078;0.082;0.082;0.082;0.082;0.086;0.086;0.086;0.090;0.090;0.094;0.098;0.110;0.110;0.110;0.106;0.106;0.094;0.090;0.090;0.086;0.090;0.090;0.086;0.082;0.082;0.082;0.086;0.086;0.090;0.094;0.094;0.094;0.094;0.094;0.090;0.090;0.090;0.094;0.090;0.078;0.071;0.067;0.071;0.086;0.094;0.110;0.114;0.114;0.114;0.118;0.133;0.157;0.165;0.165;0.169;0.173;0.169;0.169;0.169;0.169;0.169;0.173;0.173;0.176;0.165;0.145;0.125;0.102;0.129;0.145;0.149;0.149;0.149;0.149;0.153;0.157;0.161;0.169;0.169;0.169;0.173;0.173;0.173;0.176;0.180;0.184;0.188;0.188;0.192;0.196;0.196;0.196;0.196;0.200;0.200;0.200;0.200;0.196;0.200;0.200;0.200;0.200;0.204;0.204;0.204;0.204;0.208;0.208;0.208;0.212;0.220;0.231;0.235;0.239;0.243;0.247;0.255;0.263;0.267;0.271;0.275;0.275;0.275;0.275;0.278;0.278;0.278;0.282;0.282;0.282;0.282;0.286;0.286;0.282;0.286;0.286;0.286;0.290;0.290;0.294;0.294;0.298;0.298;0.302;0.302;0.306;0.306;0.310;0.310;0.314;0.314;0.318;0.318;0.318;0.322;0.329;0.337;0.337;0.337;0.337;0.345;0.341;0.345;0.341;0.341;0.345;0.345;0.345;0.345;0.345;0.349;0.345;0.329;0.333;0.333;0.333;0.333;0.337;0.345;0.357;0.361;0.361;0.361;0.361;0.361;0.361;
0.055;0.055;0.059;0.063;0.063;0.063;0.051;0.051;0.055;0.055;0.051;0.051;0.055;0.055;0.059;0.075;0.075;0.075;0.059;0.055;0.051;0.051;0.051;0.051;0.055;0.055;0.055;0.055;0.059;0.059;0.063;0.067;0.067;0.075;0.071;0.075;0.078;0.082;0.086;0.102;0.106;0.102;0.098;0.098;0.102;0.090;0.082;0.082;0.082;0.086;0.082;0.082;0.078;0.078;0.082;0.082;0.082;0.090;0.090;0.090;0.090;0.090;0.086;0.086;0.075;0.059;0.059;0.075;0.090;0.098;0.102;0.102;0.106;0.114;0.114;0.114;0.114;0.118;0.137;0.161;0.165;0.165;0.165;0.169;0.169;0.169;0.173;0.169;0.173;0.173;0.173;0.176;0.176;0.173;0.165;0.149;0.106;0.106;0.125;0.141;0.149;0.149;0.153;0.153;0.161;0.165;0.169;0.169;0.169;0.169;0.173;0.173;0.173;0.173;0.176;0.176;0.180;0.180;0.180;0.180;0.180;0.184;0.184;0.184;0.188;0.192;0.184;0.169;0.165;0.165;0.169;0.169;0.169;0.176;0.176;0.176;0.192;0.196;0.196;0.216;0.212;0.212;0.212;0.216;0.216;0.220;0.239;0.263;0.275;0.275;0.275;0.271;0.267;0.275;0.278;0.278;0.282;0.282;0.286;0.286;0.286;0.282;0.259;0.263;0.263;0.263;0.267;0.263;0.267;0.267;0.267;0.267;0.271;0.275;0.275;0.278;0.290;0.302;0.306;0.310;0.314;0.318;0.322;0.322;0.322;0.325;0.325;0.325;0.329;0.329;0.329;0.333;0.333;0.337;0.337;0.341;0.341;0.345;0.349;0.349;0.349;0.353;0.353;0.353;0.357;0.357;0.361;0.361;0.365;0.365;0.365;0.369;0.369;0.373;
0.055;0.055;0.059;0.063;0.063;0.063;0.051;0.051;0.055;0.055;0.051;0.051;0.055;0.055;0.059;0.075;0.075;0.075;0.059;0.055;0.051;0.051;0.051;0.051;0.055;0.055;0.055;0.055;0.059;0.059;0.063;0.067;0.067;0.075;0.071;0.075;0.078;0.082;0.086;0.102;0.106;0.102;0.098;0.098;0.102;0.090;0.082;0.082;0.082;0.086;0.082;0.082;0.078;0.078;0.082;0.082;0.082;0.090;0.090;0.090;0.090;0.090;0.086;0.086;0.075;0.059;0.059;0.075;0.090;0.098;0.102;0.102;0.106;0.114;0.114;0.114;0.114;0.118;0.137;0.161;0.165;0.165;0.165;0.169;0.169;0.169;0.173;0.169;0.173;0.173;0.173;0.176;0.176;0.173;0.165;0.149;0.106;0.106;0.125;0.141;0.149;0.149;0.153;0.153;0.161;0.165;0.169;0.169;0.169;0.169;0.173;0.173;0.173;0.173;0.176;0.176;0.180;0.180;0.180;0.180;0.180;0.184;0.184;0.184;0.188;0.192;0.184;0.169;0.165;0.165;0.169;0.169;0.169;0.176;0.176;0.176;0.192;0.196;0.196;0.216;0.212;0.212;0.212;0.216;0.216;0.220;0.239;0.263;0.275;0.275;0.275;0.271;0.267;0.275;0.278;0.278;0.282;0.282;0.286;0.286;0.286;0.282;0.259;0.263;0.263;0.263;0.267;0.263;0.267;0.267;0.267;0.267;0.271;0.275;0.275;0.278;0.290;0.302;0.306;0.310;0.314;0.318;0.322;0.322;0.322;0.325;0.325;0.325;0.329;0.329;0.329;0.333;0.333;0.337;0.337;0.341;0.341;0.345;0.349;0.349;0.349;0.353;0.353;0.353;0.357;0.357;0.361;0.361;0.365;0.365;0.365;0.369;0.369;0.373;
0.051;0.055;0.055;0.067;0.063;0.067;0.055;0.051;0.055;0.051;0.047;0.047;0.047;0.047;0.047;0.047;0.043;0.043;0.043;0.043;0.039;0.039;0.043;0.043;0.047;0.047;0.051;0.051;0.055;0.055;0.055;0.059;0.059;0.059;0.063;0.063;0.063;0.067;0.067;0.071;0.075;0.075;0.075;0.075;0.078;0.078;0.078;0.078;0.078;0.078;0.078;0.078;0.078;0.078;0.078;0.078;0.082;0.082;0.082;0.082;0.082;0.082;0.082;0.086;0.086;0.090;0.094;0.094;0.102;0.102;0.102;0.106;0.106;0.114;0.114;0.125;0.141;0.149;0.125;0.145;0.161;0.169;0.169;0.173;0.173;0.169;0.169;0.173;0.173;0.173;0.173;0.173;0.176;0.176;0.180;0.184;0.173;0.153;0.125;0.110;0.129;0.149;0.153;0.153;0.157;0.165;0.165;0.165;0.169;0.169;0.169;0.169;0.169;0.169;0.169;0.173;0.173;0.173;0.180;0.180;0.180;0.165;0.153;0.153;0.153;0.161;0.173;0.188;0.192;0.192;0.192;0.192;0.200;0.216;0.224;0.224;0.243;0.251;0.251;0.251;0.251;0.251;0.251;0.247;0.243;0.251;0.255;0.267;0.275;0.275;0.267;0.239;0.239;0.247;0.251;0.251;0.259;0.278;0.282;0.286;0.290;0.290;0.294;0.294;0.294;0.298;0.298;0.298;0.294;0.294;0.298;0.302;0.298;0.298;0.306;0.306;0.306;0.298;0.286;0.286;0.282;0.282;0.282;0.286;0.290;0.290;0.290;0.294;0.294;0.294;0.298;0.298;0.298;0.302;0.302;0.310;0.310;0.318;0.345;0.353;0.353;0.357;0.357;0.357;0.361;0.361;0.369;0.373;0.376;0.376;0.380;0.388;0.388;0.388;
0.051;0.055;0.055;0.067;0.063;0.067;0.055;0.051;0.055;0.051;0.047;0.047;0.047;0.047;0.047;0.047;0.043;0.043;0.043;0.043;0.039;0.039;0.043;0.043;0.047;0.047;0.051;0.051;0.055;0.055;0.055;0.059;0.059;0.059;0.063;0.063;0.063;0.067;0.067;0.071;0.075;0.075;0.075;0.075;0.078;0.078;0.078;0.078;0.078;0.078;0.078;0.078;0.078;0.078;0.078;0.078;0.082;0.082;0.082;0.082;0.082;0.082;0.082;0.086;0.086;0.090;0.094;0.094;0.102;0.102;0.102;0.106;0.106;0.114;0.114;0.125;0.141;0.149;0.125;0.145;0.161;0.169;0.169;0.173;0.173;0.169;0.169;0.173;0.173;0.173;0.173;0.173;0.176;0.176;0.180;0.184;0.173;0.153;0.125;0.110;0.129;0.149;0.153;0.153;0.157;0.165;0.165;0.165;0.169;0.169;0.169;0.169;0.169;0.169;0.169;0.173;0.173;0.173;0.180;0.180;0.180;0.165;0.153;0.153;0.153;0.161;0.173;0.188;0.192;0.192;0.192;0.192;0.200;0.216;0.224;0.224;0.243;0.251;0.251;0.251;0.251;0.251;0.251;0.247;0.243;0.251;0.255;0.267;0.275;0.275;0.267;0.239;0.239;0.247;0.251;0.251;0.259;0.278;0.282;0.286;0.290;0.290;0.294;0.294;0.294;0.298;0.298;0.298;0.294;0.294;0.298;0.302;0.298;0.298;0.306;0.306;0.306;0.298;0.286;0.286;0.282;0.282;0.282;0.286;0.290;0.290;0.290;0.294;0.294;0.294;0.298;0.298;0.298;0.302;0.302;0.310;0.310;0.318;0.345;0.353;0.353;0.357;0.357;0.357;0.361;0.361;0.369;0.373;0.376;0.376;0.380;0.388;0.388;0.388;
0.016;0.016;0.020;0.024;0.027;0.039;0.039;0.043;0.043;0.035;0.039;0.043;0.043;0.043;0.043;0.043;0.043;0.043;0.039;0.035;0.035;0.039;0.039;0.039;0.035;0.035;0.043;0.047;0.047;0.051;0.055;0.059;0.059;0.059;0.063;0.063;0.067;0.067;0.071;0.071;0.071;0.075;0.075;0.075;0.075;0.075;0.075;0.078;0.078;0.078;0.078;0.078;0.078;0.078;0.078;0.078;0.078;0.078;0.078;0.082;0.082;0.082;0.086;0.090;0.094;0.098;0.098;0.098;0.102;0.106;0.106;0.106;0.110;0.114;0.122;0.149;0.157;0.157;0.153;0.141;0.153;0.161;0.161;0.165;0.165;0.169;0.173;0.173;0.173;0.173;0.176;0.176;0.176;0.180;0.180;0.180;0.184;0.184;0.176;0.165;0.149;0.122;0.114;0.118;0.129;0.129;0.137;0.133;0.137;0.133;0.137;0.133;0.129;0.129;0.137;0.141;0.145;0.149;0.153;0.157;0.157;0.169;0.176;0.180;0.200;0.220;0.227;0.231;0.235;0.239;0.247;0.255;0.255;0.255;0.255;0.255;0.259;0.259;0.263;0.267;0.267;0.267;0.267;0.267;0.267;0.271;0.271;0.275;0.275;0.275;0.271;0.271;0.267;0.263;0.263;0.263;0.267;0.267;0.282;0.286;0.290;0.290;0.294;0.294;0.298;0.298;0.302;0.302;0.306;0.306;0.310;0.310;0.314;0.314;0.314;0.318;0.318;0.322;0.322;0.322;0.322;0.325;0.325;0.325;0.322;0.322;0.325;0.325;0.325;0.329;0.333;0.341;0.345;0.337;0.341;0.341;0.345;0.353;0.361;0.361;0.365;0.365;0.369;0.369;0.373;0.373;0.376;0.380;0.380;0.384;0.384;0.388;0.388;0.392;
0.016;0.016;0.020;0.024;0.027;0.039;0.039;0.043;0.043;0.035;0.039;0.043;0.043;0.043;0.043;0.043;0.043;0.043;0.039;0.035;0.035;0.039;0.039;0.039;0.035;0.035;0.043;0.047;0.047;0.051;0.055;0.059;0.059;0.059;0.063;0.063;0.067;0.067;0.071;0.071;0.071;0.075;0.075;0.075;0.075;0.075;0.075;0.078;0.078;0.078;0.078;0.078;0.078;0.078;0.078;0.078;0.078;0.078;0.078;0.082;0.082;0.082;0.086;0.090;0.094;0.098;0.098;0.098;0.102;0.106;0.106;0.106;0.110;0.114;0.122;0.149;0.157;0.157;0.153;0.141;0.153;0.161;0.161;0.165;0.165;0.169;0.173;0.173;0.173;0.173;0.176;0.176;0.176;0.180;0.180;0.180;0.184;0.184;0.176;0.165;0.149;0.122;0.114;0.118;0.129;0.129;0.137;0.133;0.137;0.133;0.137;0.133;0.129;0.129;0.137;0.141;0.145;0.149;0.153;0.157;0.157;0.169;0.176;0.180;0.200;0.220;0.227;0.231;0.235;0.239;0.247;0.255;0.255;0.255;0.255;0.255;0.259;0.259;0.263;0.267;0.267;0.267;0.267;0.267;0.267;0.271;0.271;0.275;0.275;0.275;0.271;0.271;0.267;0.263;0.263;0.263;0.267;0.267;0.282;0.286;0.290;0.290;0.294;0.294;0.298;0.298;0.302;0.302;0.306;0.306;0.310;0.310;0.314;0.314;0.314;0.318;0.318;0.322;0.322;0.322;0.322;0.325;0.325;0.325;0.322;0.322;0.325;0.325;0.325;0.329;0.333;0.341;0.345;0.337;0.341;0.341;0.345;0.353;0.361;0.361;0.365;0.365;0.369;0.369;0.373;0.373;0.376;0.380;0.380;0.384;0.384;0.388;0.388;0.392;
0.016;0.016;0.020;0.020;0.024;0.024;0.027;0.027;0.027;0.031;0.031;0.035;0.035;0.039;0.039;0.039;0.039;0.039;0.039;0.039;0.039;0.039;0.035;0.035;0.035;0.039;0.039;0.039;0.039;0.039;0.039;0.043;0.047;0.055;0.059;0.063;0.063;0.067;0.067;0.071;0.071;0.075;0.075;0.075;0.078;0.078;0.078;0.082;0.086;0.090;0.090;0.086;0.082;0.082;0.086;0.086;0.082;0.082;0.082;0.086;0.094;0.090;0.094;0.098;0.098;0.098;0.102;0.102;0.106;0.106;0.110;0.114;0.118;0.118;0.129;0.137;0.153;0.157;0.153;0.153;0.157;0.157;0.161;0.161;0.165;0.165;0.169;0.169;0.173;0.176;0.176;0.180;0.180;0.180;0.180;0.180;0.180;0.184;0.184;0.184;0.184;0.180;0.169;0.157;0.149;0.137;0.137;0.133;0.133;0.141;0.149;0.161;0.157;0.161;0.180;0.192;0.208;0.212;0.216;0.220;0.224;0.227;0.231;0.235;0.243;0.247;0.247;0.247;0.243;0.243;0.251;0.251;0.251;0.251;0.251;0.255;0.255;0.259;0.259;0.263;0.263;0.263;0.267;0.267;0.271;0.271;0.275;0.275;0.275;0.278;0.278;0.278;0.278;0.278;0.278;0.278;0.282;0.282;0.290;0.290;0.290;0.294;0.294;0.298;0.298;0.302;0.302;0.306;0.306;0.310;0.310;0.310;0.314;0.318;0.318;0.322;0.322;0.325;0.325;0.325;0.329;0.329;0.333;0.333;0.337;0.337;0.341;0.341;0.345;0.345;0.349;0.349;0.349;0.353;0.353;0.357;0.357;0.361;0.361;0.365;0.365;0.369;0.369;0.373;0.373;0.373;0.376;0.380;0.380;0.380;0.384;0.388;0.388;0.392;
0.016;0.016;0.020;0.020;0.024;0.024;0.027;0.027;0.027;0.031;0.031;0.035;0.035;0.039;0.039;0.039;0.039;0.039;0.039;0.039;0.039;0.039;0.035;0.035;0.035;0.039;0.039;0.039;0.039;0.039;0.039;0.043;0.047;0.055;0.059;0.063;0.063;0.067;0.067;0.071;0.071;0.075;0.075;0.075;0.078;0.078;0.078;0.082;0.086;0.090;0.090;0.086;0.082;0.082;0.086;0.086;0.082;0.082;0.082;0.086;0.094;0.090;0.094;0.098;0.098;0.098;0.102;0.102;0.106;0.106;0.110;0.114;0.118;0.118;0.129;0.137;0.153;0.157;0.153;0.153;0.157;0.157;0.161;0.161;0.165;0.165;0.169;0.169;0.173;0.176;0.176;0.180;0.180;0.180;0.180;0.180;0.180;0.184;0.184;0.184;0.184;0.180;0.169;0.157;0.149;0.137;0.137;0.133;0.133;0.141;0.149;0.161;0.157;0.161;0.180;0.192;0.208;0.212;0.216;0.220;0.224;0.227;0.231;0.235;0.243;0.247;0.247;0.247;0.243;0.243;0.251;0.251;0.251;0.251;0.251;0.255;0.255;0.259;0.259;0.263;0.263;0.263;0.267;0.267;0.271;0.271;0.275;0.275;0.275;0.278;0.278;0.278;0.278;0.278;0.278;0.278;0.282;0.282;0.290;0.290;0.290;0.294;0.294;0.298;0.298;0.302;0.302;0.306;0.306;0.310;0.310;0.310;0.314;0.318;0.318;0.322;0.322;0.325;0.325;0.325;0.329;0.329;0.333;0.333;0.337;0.337;0.341;0.341;0.345;0.345;0.349;0.349;0.349;0.353;0.353;0.357;0.357;0.361;0.361;0.365;0.365;0.369;0.369;0.373;0.373;0.373;0.376;0.380;0.380;0.380;0.384;0.388;0.388;0.392;
0.016;0.016;0.016;0.020;0.024;0.024;0.027;0.027;0.027;0.027;0.031;0.039;0.035;0.035;0.035;0.039;0.039;0.039;0.039;0.039;0.039;0.039;0.039;0.039;0.039;0.047;0.043;0.039;0.039;0.043;0.043;0.043;0.055;0.051;0.055;0.059;0.063;0.063;0.063;0.067;0.071;0.071;0.075;0.078;0.082;0.082;0.082;0.090;0.090;0.094;0.094;0.086;0.082;0.082;0.082;0.086;0.082;0.086;0.098;0.102;0.102;0.098;0.098;0.102;0.102;0.106;0.106;0.110;0.114;0.114;0.118;0.122;0.125;0.137;0.145;0.149;0.149;0.149;0.153;0.153;0.153;0.157;0.165;0.165;0.169;0.169;0.165;0.169;0.173;0.173;0.176;0.176;0.184;0.184;0.184;0.184;0.184;0.184;0.184;0.184;0.184;0.184;0.180;0.169;0.165;0.165;0.165;0.165;0.169;0.176;0.196;0.212;0.220;0.220;0.224;0.224;0.227;0.224;0.227;0.231;0.235;0.239;0.243;0.243;0.247;0.247;0.247;0.247;0.247;0.247;0.247;0.247;0.251;0.251;0.251;0.255;0.255;0.259;0.259;0.263;0.263;0.267;0.267;0.271;0.271;0.275;0.275;0.275;0.275;0.278;0.278;0.278;0.282;0.282;0.286;0.286;0.286;0.290;0.290;0.290;0.294;0.294;0.298;0.298;0.302;0.302;0.302;0.306;0.306;0.310;0.310;0.314;0.314;0.314;0.318;0.318;0.322;0.322;0.325;0.325;0.329;0.329;0.333;0.333;0.337;0.337;0.341;0.345;0.345;0.349;0.349;0.353;0.353;0.353;0.357;0.357;0.357;0.361;0.361;0.365;0.369;0.369;0.369;0.373;0.373;0.376;0.376;0.380;0.384;0.396;0.412;0.416;0.416;0.416;
0.016;0.016;0.016;0.020;0.024;0.024;0.027;0.027;0.027;0.027;0.031;0.039;0.035;0.035;0.035;0.039;0.039;0.039;0.039;0.039;0.039;0.039;0.039;0.039;0.039;0.047;0.043;0.039;0.039;0.043;0.043;0.043;0.055;0.051;0.055;0.059;0.063;0.063;0.063;0.067;0.071;0.071;0.075;0.078;0.082;0.082;0.082;0.090;0.090;0.094;0.094;0.086;0.082;0.082;0.082;0.086;0.082;0.086;0.098;0.102;0.102;0.098;0.098;0.102;0.102;0.106;0.106;0.110;0.114;0.114;0.118;0.122;0.125;0.137;0.145;0.149;0.149;0.149;0.153;0.153;0.153;0.157;0.165;0.165;0.169;0.169;0.165;0.169;0.173;0.173;0.176;0.176;0.184;0.184;0.184;0.184;0.184;0.184;0.184;0.184;0.184;0.184;0.180;0.169;0.165;0.165;0.165;0.165;0.169;0.176;0.196;0.212;0.220;0.220;0.224;0.224;0.227;0.224;0.227;0.231;0.235;0.239;0.243;0.243;0.247;0.247;0.247;0.247;0.247;0.247;0.247;0.247;0.251;0.251;0.251;0.255;0.255;0.259;0.259;0.263;0.263;0.267;0.267;0.271;0.271;0.275;0.275;0.275;0.275;0.278;0.278;0.278;0.282;0.282;0.286;0.286;0.286;0.290;0.290;0.290;0.294;0.294;0.298;0.298;0.302;0.302;0.302;0.306;0.306;0.310;0.310;0.314;0.314;0.314;0.318;0.318;0.322;0.322;0.325;0.325;0.329;0.329;0.333;0.333;0.337;0.337;0.341;0.345;0.345;0.349;0.349;0.353;0.353;0.353;0.357;0.357;0.357;0.361;0.361;0.365;0.369;0.369;0.369;0.373;0.373;0.376;0.376;0.380;0.384;0.396;0.412;0.416;0.416;0.416;
0.012;0.008;0.000;0.000;0.012;0.024;0.024;0.024;0.027;0.031;0.035;0.035;0.027;0.024;0.024;0.031;0.039;0.039;0.039;0.039;0.039;0.039;0.039;0.039;0.039;0.039;0.043;0.043;0.043;0.043;0.043;0.047;0.071;0.071;0.067;0.071;0.071;0.071;0.067;0.071;0.078;0.078;0.082;0.082;0.082;0.086;0.102;0.102;0.094;0.090;0.094;0.094;0.082;0.082;0.086;0.086;0.090;0.102;0.102;0.106;0.106;0.106;0.098;0.106;0.106;0.110;0.110;0.114;0.114;0.122;0.125;0.141;0.141;0.141;0.145;0.145;0.149;0.149;0.149;0.149;0.153;0.165;0.165;0.169;0.169;0.173;0.173;0.173;0.173;0.173;0.176;0.180;0.180;0.184;0.184;0.184;0.188;0.184;0.184;0.188;0.188;0.176;0.169;0.169;0.169;0.169;0.169;0.169;0.180;0.196;0.216;0.220;0.220;0.220;0.224;0.224;0.224;0.227;0.227;0.231;0.235;0.239;0.239;0.239;0.239;0.239;0.243;0.243;0.247;0.247;0.247;0.251;0.251;0.251;0.251;0.255;0.255;0.259;0.259;0.259;0.263;0.263;0.267;0.267;0.271;0.271;0.271;0.275;0.275;0.278;0.278;0.282;0.282;0.282;0.282;0.286;0.286;0.286;0.290;0.290;0.294;0.294;0.298;0.298;0.302;0.302;0.306;0.306;0.310;0.310;0.318;0.318;0.325;0.329;0.333;0.337;0.337;0.341;0.345;0.349;0.349;0.353;0.357;0.361;0.361;0.365;0.365;0.369;0.369;0.369;0.373;0.373;0.373;0.373;0.373;0.361;0.361;0.361;0.365;0.365;0.369;0.369;0.373;0.373;0.376;0.376;0.380;0.380;0.388;0.408;0.416;0.420;0.420;0.420;
0.012;0.008;0.000;0.000;0.012;0.024;0.024;0.024;0.027;0.031;0.035;0.035;0.027;0.024;0.024;0.031;0.039;0.039;0.039;0.039;0.039;0.039;0.039;0.039;0.039;0.039;0.043;0.043;0.043;0.043;0.043;0.047;0.071;0.071;0.067;0.071;0.071;0.071;0.067;0.071;0.078;0.078;0.082;0.082;0.082;0.086;0.102;0.102;0.094;0.090;0.094;0.094;0.082;0.082;0.086;0.086;0.090;0.102;0.102;0.106;0.106;0.106;0.098;0.106;0.106;0.110;0.110;0.114;0.114;0.122;0.125;0.141;0.141;0.141;0.145;0.145;0.149;0.149;0.149;0.149;0.153;0.165;0.165;0.169;0.169;0.173;0.173;0.173;0.173;0.173;0.176;0.180;0.180;0.184;0.184;0.184;0.188;0.184;0.184;0.188;0.188;0.176;0.169;0.169;0.169;0.169;0.169;0.169;0.180;0.196;0.216;0.220;0.220;0.220;0.224;0.224;0.224;0.227;0.227;0.231;0.235;0.239;0.239;0.239;0.239;0.239;0.243;0.243;0.247;0.247;0.247;0.251;0.251;0.251;0.251;0.255;0.255;0.259;0.259;0.259;0.263;0.263;0.267;0.267;0.271;0.271;0.271;0.275;0.275;0.278;0.278;0.282;0.282;0.282;0.282;0.286;0.286;0.286;0.290;0.290;0.294;0.294;0.298;0.298;0.302;0.302;0.306;0.306;0.310;0.310;0.318;0.318;0.325;0.329;0.333;0.337;0.337;0.341;0.345;0.349;0.349;0.353;0.357;0.361;0.361;0.365;0.365;0.369;0.369;0.369;0.373;0.373;0.373;0.373;0.373;0.361;0.361;0.361;0.365;0.365;0.369;0.369;0.373;0.373;0.376;0.376;0.380;0.380;0.388;0.408;0.416;0.420;0.420;0.420;
0.000;0.000;0.000;0.004;0.008;0.008;0.012;0.008;0.008;0.012;0.012;0.016;0.016;0.031;0.027;0.016;0.027;0.039;0.039;0.039;0.043;0.043;0.043;0.043;0.043;0.047;0.047;0.047;0.051;0.051;0.051;0.055;0.063;0.071;0.071;0.071;0.071;0.071;0.075;0.075;0.075;0.078;0.078;0.082;0.082;0.086;0.086;0.090;0.090;0.090;0.094;0.094;0.094;0.090;0.098;0.102;0.106;0.106;0.110;0.106;0.106;0.106;0.110;0.110;0.110;0.110;0.114;0.118;0.122;0.133;0.137;0.137;0.141;0.141;0.141;0.145;0.145;0.145;0.149;0.161;0.161;0.165;0.169;0.169;0.169;0.173;0.173;0.173;0.173;0.173;0.176;0.180;0.184;0.184;0.184;0.188;0.188;0.188;0.188;0.188;0.188;0.188;0.176;0.176;0.173;0.173;0.173;0.176;0.192;0.212;0.216;0.220;0.220;0.220;0.220;0.224;0.224;0.227;0.227;0.231;0.231;0.235;0.235;0.239;0.239;0.239;0.239;0.243;0.247;0.251;0.247;0.247;0.251;0.251;0.251;0.255;0.255;0.255;0.259;0.263;0.267;0.271;0.275;0.282;0.286;0.286;0.290;0.290;0.294;0.294;0.294;0.298;0.298;0.298;0.298;0.302;0.302;0.302;0.302;0.306;0.306;0.310;0.310;0.310;0.314;0.325;0.329;0.329;0.329;0.333;0.333;0.337;0.341;0.341;0.345;0.345;0.345;0.349;0.349;0.353;0.353;0.357;0.357;0.361;0.365;0.369;0.373;0.373;0.376;0.376;0.376;0.380;0.380;0.380;0.384;0.392;0.388;0.373;0.373;0.373;0.376;0.384;0.388;0.392;0.396;0.400;0.396;0.392;0.412;0.424;0.424;0.424;0.427;0.431;
0.000;0.000;0.000;0.004;0.008;0.008;0.012;0.008;0.008;0.012;0.012;0.016;0.016;0.031;0.027;0.016;0.027;0.039;0.039;0.039;0.043;0.043;0.043;0.043;0.043;0.047;0.047;0.047;0.051;0.051;0.051;0.055;0.063;0.071;0.071;0.071;0.071;0.071;0.075;0.075;0.075;0.078;0.078;0.082;0.082;0.086;0.086;0.090;0.090;0.090;0.094;0.094;0.094;0.090;0.098;0.102;0.106;0.106;0.110;0.106;0.106;0.106;0.110;0.110;0.110;0.110;0.114;0.118;0.122;0.133;0.137;0.137;0.141;0.141;0.141;0.145;0.145;0.145;0.149;0.161;0.161;0.165;0.169;0.169;0.169;0.173;0.173;0.173;0.173;0.173;0.176;0.180;0.184;0.184;0.184;0.188;0.188;0.188;0.188;0.188;0.188;0.188;0.176;0.176;0.173;0.173;0.173;0.176;0.192;0.212;0.216;0.220;0.220;0.220;0.220;0.224;0.224;0.227;0.227;0.231;0.231;0.235;0.235;0.239;0.239;0.239;0.239;0.243;0.247;0.251;0.247;0.247;0.251;0.251;0.251;0.255;0.255;0.255;0.259;0.263;0.267;0.271;0.275;0.282;0.286;0.286;0.290;0.290;0.294;0.294;0.294;0.298;0.298;0.298;0.298;0.302;0.302;0.302;0.302;0.306;0.306;0.310;0.310;0.310;0.314;0.325;0.329;0.329;0.329;0.333;0.333;0.337;0.341;0.341;0.345;0.345;0.345;0.349;0.349;0.353;0.353;0.357;0.357;0.361;0.365;0.369;0.373;0.373;0.376;0.376;0.376;0.380;0.380;0.380;0.384;0.392;0.388;0.373;0.373;0.373;0.376;0.384;0.388;0.392;0.396;0.400;0.396;0.392;0.412;0.424;0.424;0.424;0.427;0.431;
0.004;0.000;0.000;0.000;0.004;0.004;0.004;0.008;0.016;0.024;0.012;0.020;0.027;0.016;0.020;0.035;0.039;0.039;0.039;0.039;0.043;0.043;0.047;0.047;0.047;0.051;0.051;0.051;0.055;0.055;0.059;0.059;0.059;0.063;0.067;0.067;0.067;0.071;0.071;0.075;0.075;0.078;0.078;0.082;0.082;0.086;0.086;0.090;0.090;0.090;0.094;0.094;0.094;0.098;0.102;0.106;0.106;0.106;0.110;0.106;0.110;0.110;0.110;0.110;0.114;0.122;0.129;0.129;0.129;0.133;0.133;0.137;0.137;0.141;0.145;0.145;0.145;0.149;0.145;0.161;0.165;0.165;0.169;0.169;0.173;0.176;0.176;0.176;0.173;0.176;0.176;0.180;0.184;0.184;0.188;0.188;0.188;0.188;0.192;0.192;0.192;0.188;0.180;0.180;0.176;0.176;0.180;0.184;0.192;0.208;0.212;0.216;0.216;0.216;0.220;0.224;0.224;0.227;0.227;0.231;0.231;0.235;0.235;0.235;0.235;0.239;0.239;0.239;0.243;0.243;0.247;0.247;0.247;0.251;0.255;0.255;0.259;0.259;0.263;0.267;0.271;0.275;0.278;0.282;0.286;0.290;0.294;0.294;0.298;0.298;0.298;0.298;0.302;0.302;0.302;0.302;0.306;0.306;0.310;0.310;0.310;0.314;0.318;0.325;0.325;0.329;0.329;0.329;0.333;0.337;0.341;0.341;0.345;0.345;0.349;0.349;0.349;0.349;0.353;0.353;0.357;0.357;0.361;0.365;0.369;0.369;0.373;0.376;0.384;0.388;0.392;0.392;0.396;0.400;0.404;0.408;0.408;0.412;0.416;0.420;0.420;0.420;0.424;0.424;0.424;0.427;0.427;0.431;0.435;0.439;0.439;0.443;0.447;0.447;
0.004;0.000;0.000;0.000;0.004;0.004;0.004;0.008;0.016;0.024;0.012;0.020;0.027;0.016;0.020;0.035;0.039;0.039;0.039;0.039;0.043;0.043;0.047;0.047;0.047;0.051;0.051;0.051;0.055;0.055;0.059;0.059;0.059;0.063;0.067;0.067;0.067;0.071;0.071;0.075;0.075;0.078;0.078;0.082;0.082;0.086;0.086;0.090;0.090;0.090;0.094;0.094;0.094;0.098;0.102;0.106;0.106;0.106;0.110;0.106;0.110;0.110;0.110;0.110;0.114;0.122;0.129;0.129;0.129;0.133;0.133;0.137;0.137;0.141;0.145;0.145;0.145;0.149;0.145;0.161;0.165;0.165;0.169;0.169;0.173;0.176;0.176;0.176;0.173;0.176;0.176;0.180;0.184;0.184;0.188;0.188;0.188;0.188;0.192;0.192;0.192;0.188;0.180;0.180;0.176;0.176;0.180;0.184;0.192;0.208;0.212;0.216;0.216;0.216;0.220;0.224;0.224;0.227;0.227;0.231;0.231;0.235;0.235;0.235;0.235;0.239;0.239;0.239;0.243;0.243;0.247;0.247;0.247;0.251;0.255;0.255;0.259;0.259;0.263;0.267;0.271;0.275;0.278;0.282;0.286;0.290;0.294;0.294;0.298;0.298;0.298;0.298;0.302;0.302;0.302;0.302;0.306;0.306;0.310;0.310;0.310;0.314;0.318;0.325;0.325;0.329;0.329;0.329;0.333;0.337;0.341;0.341;0.345;0.345;0.349;0.349;0.349;0.349;0.353;0.353;0.357;0.357;0.361;0.365;0.369;0.369;0.373;0.376;0.384;0.388;0.392;0.392;0.396;0.400;0.404;0.408;0.408;0.412;0.416;0.420;0.420;0.420;0.424;0.424;0.424;0.427;0.427;0.431;0.435;0.439;0.439;0.443;0.447;0.447;
0.004;0.008;0.008;0.008;0.008;0.004;0.008;0.008;0.004;0.012;0.020;0.043;0.043;0.043;0.039;0.039;0.039;0.039;0.039;0.039;0.039;0.043;0.047;0.051;0.051;0.051;0.055;0.059;0.059;0.059;0.059;0.063;0.067;0.075;0.078;0.094;0.082;0.082;0.082;0.090;0.094;0.094;0.086;0.094;0.098;0.098;0.098;0.102;0.098;0.098;0.098;0.102;0.102;0.098;0.098;0.102;0.102;0.106;0.110;0.110;0.110;0.110;0.114;0.114;0.118;0.122;0.129;0.129;0.129;0.129;0.133;0.137;0.141;0.141;0.145;0.145;0.145;0.145;0.149;0.153;0.161;0.161;0.169;0.176;0.180;0.184;0.184;0.188;0.192;0.192;0.196;0.196;0.200;0.200;0.196;0.196;0.196;0.196;0.196;0.196;0.196;0.200;0.200;0.200;0.196;0.192;0.196;0.208;0.208;0.212;0.216;0.216;0.216;0.220;0.220;0.224;0.224;0.224;0.227;0.227;0.231;0.231;0.231;0.235;0.235;0.235;0.239;0.243;0.243;0.243;0.247;0.247;0.251;0.251;0.255;0.255;0.259;0.263;0.267;0.271;0.275;0.278;0.282;0.286;0.290;0.294;0.294;0.298;0.298;0.302;0.302;0.302;0.302;0.306;0.306;0.306;0.306;0.310;0.310;0.318;0.322;0.325;0.325;0.333;0.337;0.341;0.345;0.345;0.349;0.357;0.361;0.365;0.369;0.369;0.373;0.373;0.373;0.376;0.376;0.380;0.380;0.380;0.384;0.388;0.392;0.396;0.400;0.400;0.404;0.404;0.408;0.408;0.408;0.412;0.412;0.412;0.412;0.416;0.416;0.420;0.420;0.420;0.424;0.424;0.427;0.427;0.431;0.435;0.435;0.439;0.443;0.443;0.447;0.451;
0.004;0.008;0.008;0.008;0.008;0.004;0.008;0.008;0.004;0.012;0.020;0.043;0.043;0.043;0.039;0.039;0.039;0.039;0.039;0.039;0.039;0.043;0.047;0.051;0.051;0.051;0.055;0.059;0.059;0.059;0.059;0.063;0.067;0.075;0.078;0.094;0.082;0.082;0.082;0.090;0.094;0.094;0.086;0.094;0.098;0.098;0.098;0.102;0.098;0.098;0.098;0.102;0.102;0.098;0.098;0.102;0.102;0.106;0.110;0.110;0.110;0.110;0.114;0.114;0.118;0.122;0.129;0.129;0.129;0.129;0.133;0.137;0.141;0.141;0.145;0.145;0.145;0.145;0.149;0.153;0.161;0.161;0.169;0.176;0.180;0.184;0.184;0.188;0.192;0.192;0.196;0.196;0.200;0.200;0.196;0.196;0.196;0.196;0.196;0.196;0.196;0.200;0.200;0.200;0.196;0.192;0.196;0.208;0.208;0.212;0.216;0.216;0.216;0.220;0.220;0.224;0.224;0.224;0.227;0.227;0.231;0.231;0.231;0.235;0.235;0.235;0.239;0.243;0.243;0.243;0.247;0.247;0.251;0.251;0.255;0.255;0.259;0.263;0.267;0.271;0.275;0.278;0.282;0.286;0.290;0.294;0.294;0.298;0.298;0.302;0.302;0.302;0.302;0.306;0.306;0.306;0.306;0.310;0.310;0.318;0.322;0.325;0.325;0.333;0.337;0.341;0.345;0.345;0.349;0.357;0.361;0.365;0.369;0.369;0.373;0.373;0.373;0.376;0.376;0.380;0.380;0.380;0.384;0.388;0.392;0.396;0.400;0.400;0.404;0.404;0.408;0.408;0.408;0.412;0.412;0.412;0.412;0.416;0.416;0.420;0.420;0.420;0.424;0.424;0.427;0.427;0.431;0.435;0.435;0.439;0.443;0.443;0.447;0.451;
0.012;0.012;0.020;0.016;0.016;0.027;0.027;0.043;0.043;0.043;0.043;0.043;0.043;0.043;0.043;0.039;0.039;0.043;0.043;0.047;0.047;0.051;0.059;0.082;0.090;0.082;0.075;0.075;0.067;0.067;0.094;0.090;0.071;0.086;0.090;0.098;0.098;0.098;0.098;0.098;0.102;0.102;0.106;0.106;0.106;0.106;0.106;0.106;0.106;0.110;0.114;0.118;0.118;0.118;0.118;0.114;0.110;0.110;0.110;0.110;0.110;0.110;0.114;0.118;0.118;0.122;0.122;0.125;0.129;0.129;0.133;0.137;0.137;0.141;0.141;0.145;0.145;0.149;0.153;0.161;0.173;0.173;0.176;0.176;0.180;0.184;0.188;0.188;0.192;0.196;0.196;0.200;0.200;0.204;0.204;0.208;0.208;0.212;0.212;0.208;0.204;0.204;0.204;0.204;0.204;0.208;0.208;0.208;0.208;0.212;0.212;0.212;0.216;0.216;0.220;0.220;0.224;0.224;0.227;0.227;0.227;0.231;0.231;0.235;0.239;0.239;0.243;0.243;0.247;0.251;0.251;0.255;0.255;0.259;0.263;0.263;0.267;0.271;0.275;0.278;0.278;0.282;0.286;0.290;0.290;0.294;0.298;0.298;0.302;0.302;0.306;0.306;0.306;0.306;0.310;0.314;0.318;0.322;0.333;0.337;0.337;0.337;0.337;0.341;0.341;0.345;0.349;0.353;0.357;0.361;0.365;0.369;0.373;0.376;0.376;0.380;0.380;0.384;0.384;0.388;0.392;0.392;0.396;0.396;0.400;0.400;0.400;0.404;0.404;0.408;0.408;0.408;0.412;0.412;0.412;0.412;0.416;0.416;0.420;0.420;0.424;0.424;0.424;0.427;0.427;0.431;0.435;0.439;0.439;0.443;0.447;0.447;0.451;0.455;
0.012;0.012;0.020;0.016;0.016;0.027;0.027;0.043;0.043;0.043;0.043;0.043;0.043;0.043;0.043;0.039;0.039;0.043;0.043;0.047;0.047;0.051;0.059;0.082;0.090;0.082;0.075;0.075;0.067;0.067;0.094;0.090;0.071;0.086;0.090;0.098;0.098;0.098;0.098;0.098;0.102;0.102;0.106;0.106;0.106;0.106;0.106;0.106;0.106;0.110;0.114;0.118;0.118;0.118;0.118;0.114;0.110;0.110;0.110;0.110;0.110;0.110;0.114;0.118;0.118;0.122;0.122;0.125;0.129;0.129;0.133;0.137;0.137;0.141;0.141;0.145;0.145;0.149;0.153;0.161;0.173;0.173;0.176;0.176;0.180;0.184;0.188;0.188;0.192;0.196;0.196;0.200;0.200;0.204;0.204;0.208;0.208;0.212;0.212;0.208;0.204;0.204;0.204;0.204;0.204;0.208;0.208;0.208;0.208;0.212;0.212;0.212;0.216;0.216;0.220;0.220;0.224;0.224;0.227;0.227;0.227;0.231;0.231;0.235;0.239;0.239;0.243;0.243;0.247;0.251;0.251;0.255;0.255;0.259;0.263;0.263;0.267;0.271;0.275;0.278;0.278;0.282;0.286;0.290;0.290;0.294;0.298;0.298;0.302;0.302;0.306;0.306;0.306;0.306;0.310;0.314;0.318;0.322;0.333;0.337;0.337;0.337;0.337;0.341;0.341;0.345;0.349;0.353;0.357;0.361;0.365;0.369;0.373;0.376;0.376;0.380;0.380;0.384;0.384;0.388;0.392;0.392;0.396;0.396;0.400;0.400;0.400;0.404;0.404;0.408;0.408;0.408;0.412;0.412;0.412;0.412;0.416;0.416;0.420;0.420;0.424;0.424;0.424;0.427;0.427;0.431;0.435;0.439;0.439;0.443;0.447;0.447;0.451;0.455;
0.035;0.020;0.020;0.020;0.020;0.043;0.043;0.043;0.043;0.043;0.043;0.043;0.043;0.043;0.047;0.063;0.067;0.071;0.071;0.063;0.055;0.059;0.094;0.090;0.086;0.075;0.078;0.078;0.078;0.078;0.082;0.082;0.090;0.090;0.094;0.102;0.102;0.106;0.110;0.114;0.122;0.122;0.125;0.125;0.125;0.125;0.125;0.125;0.125;0.125;0.125;0.125;0.125;0.125;0.129;0.129;0.129;0.125;0.125;0.118;0.122;0.118;0.118;0.118;0.118;0.122;0.125;0.125;0.129;0.133;0.133;0.137;0.141;0.145;0.145;0.145;0.145;0.149;0.157;0.169;0.173;0.173;0.176;0.180;0.184;0.188;0.192;0.192;0.196;0.200;0.200;0.204;0.204;0.208;0.208;0.212;0.212;0.212;0.216;0.216;0.216;0.220;0.220;0.224;0.224;0.224;0.224;0.224;0.224;0.224;0.224;0.220;0.220;0.220;0.224;0.224;0.224;0.227;0.227;0.227;0.231;0.231;0.235;0.239;0.239;0.243;0.247;0.247;0.251;0.255;0.255;0.259;0.263;0.267;0.271;0.271;0.275;0.278;0.282;0.282;0.286;0.286;0.290;0.290;0.294;0.294;0.298;0.298;0.302;0.306;0.310;0.310;0.314;0.318;0.325;0.329;0.329;0.333;0.333;0.333;0.333;0.337;0.337;0.341;0.345;0.349;0.357;0.365;0.369;0.373;0.376;0.380;0.380;0.384;0.388;0.388;0.392;0.392;0.392;0.396;0.400;0.400;0.400;0.404;0.404;0.408;0.408;0.408;0.412;0.412;0.412;0.412;0.412;0.416;0.416;0.420;0.420;0.424;0.424;0.427;0.427;0.431;0.431;0.435;0.435;0.439;0.443;0.447;0.447;0.451;0.455;0.455;0.459;0.463;
0.035;0.020;0.020;0.020;0.020;0.043;0.043;0.043;0.043;0.043;0.043;0.043;0.043;0.043;0.047;0.063;0.067;0.071;0.071;0.063;0.055;0.059;0.094;0.090;0.086;0.075;0.078;0.078;0.078;0.078;0.082;0.082;0.090;0.090;0.094;0.102;0.102;0.106;0.110;0.114;0.122;0.122;0.125;0.125;0.125;0.125;0.125;0.125;0.125;0.125;0.125;0.125;0.125;0.125;0.129;0.129;0.129;0.125;0.125;0.118;0.122;0.118;0.118;0.118;0.118;0.122;0.125;0.125;0.129;0.133;0.133;0.137;0.141;0.145;0.145;0.145;0.145;0.149;0.157;0.169;0.173;0.173;0.176;0.180;0.184;0.188;0.192;0.192;0.196;0.200;0.200;0.204;0.204;0.208;0.208;0.212;0.212;0.212;0.216;0.216;0.216;0.220;0.220;0.224;0.224;0.224;0.224;0.224;0.224;0.224;0.224;0.220;0.220;0.220;0.224;0.224;0.224;0.227;0.227;0.227;0.231;0.231;0.235;0.239;0.239;0.243;0.247;0.247;0.251;0.255;0.255;0.259;0.263;0.267;0.271;0.271;0.275;0.278;0.282;0.282;0.286;0.286;0.290;0.290;0.294;0.294;0.298;0.298;0.302;0.306;0.310;0.310;0.314;0.318;0.325;0.329;0.329;0.333;0.333;0.333;0.333;0.337;0.337;0.341;0.345;0.349;0.357;0.365;0.369;0.373;0.376;0.380;0.380;0.384;0.388;0.388;0.392;0.392;0.392;0.396;0.400;0.400;0.400;0.404;0.404;0.408;0.408;0.408;0.412;0.412;0.412;0.412;0.412;0.416;0.416;0.420;0.420;0.424;0.424;0.427;0.427;0.431;0.431;0.435;0.435;0.439;0.443;0.447;0.447;0.451;0.455;0.455;0.459;0.463;
0.039;0.043;0.047;0.047;0.047;0.047;0.043;0.043;0.043;0.043;0.043;0.043;0.063;0.059;0.063;0.063;0.059;0.059;0.063;0.059;0.059;0.063;0.067;0.071;0.075;0.086;0.086;0.086;0.090;0.090;0.094;0.098;0.102;0.106;0.114;0.118;0.118;0.122;0.125;0.125;0.125;0.125;0.125;0.125;0.129;0.129;0.129;0.133;0.129;0.129;0.129;0.129;0.133;0.133;0.133;0.137;0.153;0.141;0.133;0.133;0.133;0.133;0.133;0.133;0.129;0.125;0.125;0.129;0.133;0.133;0.133;0.137;0.141;0.149;0.153;0.157;0.161;0.165;0.169;0.169;0.173;0.176;0.180;0.184;0.188;0.192;0.192;0.196;0.200;0.204;0.204;0.208;0.208;0.212;0.216;0.216;0.216;0.216;0.220;0.220;0.220;0.224;0.224;0.224;0.224;0.227;0.227;0.227;0.231;0.231;0.235;0.235;0.224;0.227;0.227;0.227;0.227;0.227;0.231;0.231;0.231;0.239;0.243;0.267;0.271;0.271;0.271;0.271;0.271;0.271;0.271;0.271;0.271;0.271;0.275;0.275;0.278;0.282;0.286;0.286;0.290;0.290;0.294;0.298;0.302;0.302;0.302;0.306;0.314;0.318;0.322;0.329;0.329;0.329;0.329;0.329;0.329;0.329;0.333;0.333;0.337;0.337;0.341;0.349;0.357;0.365;0.369;0.376;0.380;0.384;0.384;0.388;0.392;0.392;0.392;0.396;0.400;0.400;0.400;0.404;0.408;0.408;0.412;0.412;0.416;0.416;0.420;0.420;0.420;0.424;0.424;0.424;0.424;0.427;0.427;0.431;0.431;0.435;0.435;0.439;0.439;0.439;0.443;0.443;0.447;0.447;0.451;0.455;0.459;0.463;0.463;0.467;0.467;0.471;
0.039;0.043;0.047;0.047;0.047;0.047;0.043;0.043;0.043;0.043;0.043;0.043;0.063;0.059;0.063;0.063;0.059;0.059;0.063;0.059;0.059;0.063;0.067;0.071;0.075;0.086;0.086;0.086;0.090;0.090;0.094;0.098;0.102;0.106;0.114;0.118;0.118;0.122;0.125;0.125;0.125;0.125;0.125;0.125;0.129;0.129;0.129;0.133;0.129;0.129;0.129;0.129;0.133;0.133;0.133;0.137;0.153;0.141;0.133;0.133;0.133;0.133;0.133;0.133;0.129;0.125;0.125;0.129;0.133;0.133;0.133;0.137;0.141;0.149;0.153;0.157;0.161;0.165;0.169;0.169;0.173;0.176;0.180;0.184;0.188;0.192;0.192;0.196;0.200;0.204;0.204;0.208;0.208;0.212;0.216;0.216;0.216;0.216;0.220;0.220;0.220;0.224;0.224;0.224;0.224;0.227;0.227;0.227;0.231;0.231;0.235;0.235;0.224;0.227;0.227;0.227;0.227;0.227;0.231;0.231;0.231;0.239;0.243;0.267;0.271;0.271;0.271;0.271;0.271;0.271;0.271;0.271;0.271;0.271;0.275;0.275;0.278;0.282;0.286;0.286;0.290;0.290;0.294;0.298;0.302;0.302;0.302;0.306;0.314;0.318;0.322;0.329;0.329;0.329;0.329;0.329;0.329;0.329;0.333;0.333;0.337;0.337;0.341;0.349;0.357;0.365;0.369;0.376;0.380;0.384;0.384;0.388;0.392;0.392;0.392;0.396;0.400;0.400;0.400;0.404;0.408;0.408;0.412;0.412;0.416;0.416;0.420;0.420;0.420;0.424;0.424;0.424;0.424;0.427;0.427;0.431;0.431;0.435;0.435;0.439;0.439;0.439;0.443;0.443;0.447;0.447;0.451;0.455;0.459;0.463;0.463;0.467;0.467;0.471;
0.047;0.047;0.047;0.047;0.047;0.047;0.047;0.047;0.051;0.059;0.059;0.067;0.071;0.071;0.071;0.071;0.071;0.078;0.067;0.075;0.075;0.075;0.075;0.078;0.082;0.086;0.090;0.094;0.098;0.106;0.110;0.118;0.122;0.122;0.122;0.122;0.122;0.125;0.125;0.125;0.133;0.133;0.133;0.133;0.133;0.133;0.133;0.137;0.137;0.141;0.141;0.137;0.141;0.141;0.141;0.145;0.153;0.149;0.141;0.141;0.137;0.137;0.137;0.137;0.137;0.137;0.137;0.129;0.133;0.141;0.141;0.149;0.153;0.157;0.157;0.161;0.165;0.169;0.169;0.173;0.176;0.180;0.184;0.188;0.188;0.192;0.200;0.200;0.204;0.208;0.212;0.212;0.216;0.220;0.220;0.224;0.224;0.224;0.224;0.227;0.227;0.227;0.227;0.227;0.231;0.231;0.231;0.235;0.235;0.235;0.239;0.239;0.235;0.231;0.231;0.231;0.231;0.235;0.235;0.247;0.271;0.263;0.255;0.263;0.275;0.275;0.278;0.278;0.278;0.278;0.278;0.282;0.282;0.286;0.286;0.290;0.290;0.286;0.290;0.290;0.294;0.298;0.298;0.298;0.302;0.310;0.314;0.325;0.325;0.325;0.325;0.325;0.325;0.329;0.329;0.329;0.329;0.333;0.333;0.337;0.337;0.345;0.349;0.357;0.365;0.373;0.376;0.380;0.384;0.388;0.396;0.400;0.400;0.404;0.404;0.408;0.408;0.408;0.412;0.416;0.416;0.420;0.420;0.424;0.424;0.427;0.431;0.431;0.435;0.435;0.435;0.439;0.439;0.443;0.443;0.447;0.447;0.447;0.451;0.451;0.451;0.451;0.455;0.455;0.459;0.463;0.463;0.467;0.471;0.471;0.475;0.475;0.478;0.478;
0.047;0.047;0.047;0.047;0.047;0.047;0.047;0.047;0.051;0.059;0.059;0.067;0.071;0.071;0.071;0.071;0.071;0.078;0.067;0.075;0.075;0.075;0.075;0.078;0.082;0.086;0.090;0.094;0.098;0.106;0.110;0.118;0.122;0.122;0.122;0.122;0.122;0.125;0.125;0.125;0.133;0.133;0.133;0.133;0.133;0.133;0.133;0.137;0.137;0.141;0.141;0.137;0.141;0.141;0.141;0.145;0.153;0.149;0.141;0.141;0.137;0.137;0.137;0.137;0.137;0.137;0.137;0.129;0.133;0.141;0.141;0.149;0.153;0.157;0.157;0.161;0.165;0.169;0.169;0.173;0.176;0.180;0.184;0.188;0.188;0.192;0.200;0.200;0.204;0.208;0.212;0.212;0.216;0.220;0.220;0.224;0.224;0.224;0.224;0.227;0.227;0.227;0.227;0.227;0.231;0.231;0.231;0.235;0.235;0.235;0.239;0.239;0.235;0.231;0.231;0.231;0.231;0.235;0.235;0.247;0.271;0.263;0.255;0.263;0.275;0.275;0.278;0.278;0.278;0.278;0.278;0.282;0.282;0.286;0.286;0.290;0.290;0.286;0.290;0.290;0.294;0.298;0.298;0.298;0.302;0.310;0.314;0.325;0.325;0.325;0.325;0.325;0.325;0.329;0.329;0.329;0.329;0.333;0.333;0.337;0.337;0.345;0.349;0.357;0.365;0.373;0.376;0.380;0.384;0.388;0.396;0.400;0.400;0.404;0.404;0.408;0.408;0.408;0.412;0.416;0.416;0.420;0.420;0.424;0.424;0.427;0.431;0.431;0.435;0.435;0.435;0.439;0.439;0.443;0.443;0.447;0.447;0.447;0.451;0.451;0.451;0.451;0.455;0.455;0.459;0.463;0.463;0.467;0.471;0.471;0.475;0.475;0.478;0.478;
0.047;0.047;0.047;0.055;0.071;0.067;0.055;0.055;0.055;0.071;0.067;0.067;0.082;0.082;0.082;0.086;0.094;0.086;0.082;0.082;0.090;0.098;0.102;0.098;0.106;0.118;0.118;0.118;0.125;0.149;0.141;0.125;0.122;0.122;0.125;0.129;0.129;0.125;0.133;0.137;0.137;0.137;0.141;0.141;0.137;0.137;0.145;0.145;0.145;0.149;0.149;0.149;0.149;0.149;0.149;0.149;0.149;0.145;0.145;0.141;0.141;0.141;0.141;0.141;0.137;0.137;0.137;0.141;0.141;0.145;0.149;0.153;0.161;0.161;0.165;0.165;0.169;0.173;0.173;0.176;0.176;0.176;0.188;0.192;0.196;0.200;0.204;0.204;0.208;0.212;0.216;0.220;0.220;0.224;0.227;0.227;0.231;0.231;0.231;0.231;0.235;0.235;0.235;0.235;0.235;0.239;0.239;0.239;0.243;0.243;0.243;0.247;0.247;0.251;0.259;0.259;0.259;0.263;0.267;0.271;0.267;0.263;0.263;0.263;0.275;0.278;0.278;0.278;0.278;0.278;0.282;0.286;0.290;0.290;0.290;0.294;0.294;0.298;0.298;0.298;0.298;0.302;0.306;0.310;0.322;0.325;0.325;0.325;0.325;0.325;0.325;0.325;0.329;0.329;0.329;0.333;0.333;0.333;0.337;0.337;0.341;0.349;0.353;0.361;0.373;0.380;0.384;0.388;0.392;0.396;0.400;0.404;0.408;0.408;0.408;0.412;0.416;0.420;0.427;0.427;0.431;0.435;0.439;0.439;0.443;0.443;0.443;0.443;0.443;0.447;0.451;0.451;0.451;0.455;0.455;0.455;0.459;0.459;0.459;0.463;0.463;0.467;0.467;0.471;0.475;0.475;0.478;0.478;0.482;0.482;0.486;0.486;0.486;0.490;
0.047;0.047;0.047;0.055;0.071;0.067;0.055;0.055;0.055;0.071;0.067;0.067;0.082;0.082;0.082;0.086;0.094;0.086;0.082;0.082;0.090;0.098;0.102;0.098;0.106;0.118;0.118;0.118;0.125;0.149;0.141;0.125;0.122;0.122;0.125;0.129;0.129;0.125;0.133;0.137;0.137;0.137;0.141;0.141;0.137;0.137;0.145;0.145;0.145;0.149;0.149;0.149;0.149;0.149;0.149;0.149;0.149;0.145;0.145;0.141;0.141;0.141;0.141;0.141;0.137;0.137;0.137;0.141;0.141;0.145;0.149;0.153;0.161;0.161;0.165;0.165;0.169;0.173;0.173;0.176;0.176;0.176;0.188;0.192;0.196;0.200;0.204;0.204;0.208;0.212;0.216;0.220;0.220;0.224;0.227;0.227;0.231;0.231;0.231;0.231;0.235;0.235;0.235;0.235;0.235;0.239;0.239;0.239;0.243;0.243;0.243;0.247;0.247;0.251;0.259;0.259;0.259;0.263;0.267;0.271;0.267;0.263;0.263;0.263;0.275;0.278;0.278;0.278;0.278;0.278;0.282;0.286;0.290;0.290;0.290;0.294;0.294;0.298;0.298;0.298;0.298;0.302;0.306;0.310;0.322;0.325;0.325;0.325;0.325;0.325;0.325;0.325;0.329;0.329;0.329;0.333;0.333;0.333;0.337;0.337;0.341;0.349;0.353;0.361;0.373;0.380;0.384;0.388;0.392;0.396;0.400;0.404;0.408;0.408;0.408;0.412;0.416;0.420;0.427;0.427;0.431;0.435;0.439;0.439;0.443;0.443;0.443;0.443;0.443;0.447;0.451;0.451;0.451;0.455;0.455;0.455;0.459;0.459;0.459;0.463;0.463;0.467;0.467;0.471;0.475;0.475;0.478;0.478;0.482;0.482;0.486;0.486;0.486;0.490;
0.051;0.051;0.063;0.075;0.071;0.067;0.071;0.067;0.071;0.078;0.082;0.086;0.090;0.090;0.094;0.102;0.110;0.118;0.129;0.106;0.118;0.122;0.122;0.125;0.137;0.129;0.137;0.141;0.153;0.153;0.141;0.125;0.122;0.125;0.129;0.137;0.137;0.137;0.149;0.149;0.149;0.149;0.153;0.153;0.157;0.157;0.161;0.161;0.161;0.157;0.157;0.161;0.157;0.161;0.161;0.161;0.157;0.157;0.157;0.153;0.153;0.149;0.149;0.149;0.145;0.145;0.141;0.141;0.141;0.141;0.153;0.153;0.157;0.165;0.165;0.173;0.173;0.176;0.176;0.176;0.188;0.188;0.192;0.196;0.200;0.204;0.208;0.212;0.216;0.216;0.220;0.224;0.227;0.227;0.231;0.235;0.235;0.239;0.239;0.239;0.243;0.243;0.243;0.243;0.243;0.247;0.247;0.247;0.251;0.255;0.251;0.251;0.251;0.255;0.255;0.255;0.259;0.263;0.263;0.263;0.263;0.267;0.267;0.271;0.278;0.278;0.278;0.278;0.278;0.278;0.278;0.282;0.290;0.290;0.294;0.294;0.298;0.298;0.298;0.302;0.310;0.318;0.322;0.322;0.325;0.325;0.325;0.325;0.325;0.325;0.329;0.329;0.329;0.333;0.333;0.333;0.337;0.337;0.341;0.341;0.345;0.349;0.353;0.365;0.380;0.388;0.392;0.396;0.400;0.404;0.408;0.412;0.416;0.416;0.420;0.424;0.427;0.431;0.435;0.439;0.443;0.443;0.447;0.451;0.451;0.455;0.455;0.459;0.459;0.463;0.463;0.463;0.467;0.467;0.467;0.467;0.467;0.471;0.475;0.475;0.478;0.482;0.486;0.486;0.490;0.490;0.490;0.494;0.494;0.498;0.498;0.498;0.498;0.502;
0.051;0.051;0.063;0.075;0.071;0.067;0.071;0.067;0.071;0.078;0.082;0.086;0.090;0.090;0.094;0.102;0.110;0.118;0.129;0.106;0.118;0.122;0.122;0.125;0.137;0.129;0.137;0.141;0.153;0.153;0.141;0.125;0.122;0.125;0.129;0.137;0.137;0.137;0.149;0.149;0.149;0.149;0.153;0.153;0.157;0.157;0.161;0.161;0.161;0.157;0.157;0.161;0.157;0.161;0.161;0.161;0.157;0.157;0.157;0.153;0.153;0.149;0.149;0.149;0.145;0.145;0.141;0.141;0.141;0.141;0.153;0.153;0.157;0.165;0.165;0.173;0.173;0.176;0.176;0.176;0.188;0.188;0.192;0.196;0.200;0.204;0.208;0.212;0.216;0.216;0.220;0.224;0.227;0.227;0.231;0.235;0.235;0.239;0.239;0.239;0.243;0.243;0.243;0.243;0.243;0.247;0.247;0.247;0.251;0.255;0.251;0.251;0.251;0.255;0.255;0.255;0.259;0.263;0.263;0.263;0.263;0.267;0.267;0.271;0.278;0.278;0.278;0.278;0.278;0.278;0.278;0.282;0.290;0.290;0.294;0.294;0.298;0.298;0.298;0.302;0.310;0.318;0.322;0.322;0.325;0.325;0.325;0.325;0.325;0.325;0.329;0.329;0.329;0.333;0.333;0.333;0.337;0.337;0.341;0.341;0.345;0.349;0.353;0.365;0.380;0.388;0.392;0.396;0.400;0.404;0.408;0.412;0.416;0.416;0.420;0.424;0.427;0.431;0.435;0.439;0.443;0.443;0.447;0.451;0.451;0.455;0.455;0.459;0.459;0.463;0.463;0.463;0.467;0.467;0.467;0.467;0.467;0.471;0.475;0.475;0.478;0.482;0.486;0.486;0.490;0.490;0.490;0.494;0.494;0.498;0.498;0.498;0.498;0.502;
0.055;0.059;0.063;0.078;0.086;0.075;0.075;0.082;0.090;0.098;0.098;0.114;0.122;0.122;0.118;0.118;0.125;0.125;0.125;0.118;0.125;0.137;0.137;0.141;0.145;0.145;0.149;0.153;0.153;0.157;0.157;0.157;0.149;0.145;0.149;0.165;0.161;0.161;0.161;0.165;0.165;0.161;0.161;0.165;0.169;0.169;0.169;0.169;0.169;0.169;0.169;0.173;0.173;0.173;0.176;0.184;0.184;0.169;0.169;0.165;0.161;0.161;0.161;0.157;0.157;0.153;0.153;0.149;0.145;0.149;0.145;0.157;0.169;0.169;0.173;0.176;0.176;0.184;0.184;0.188;0.188;0.192;0.196;0.196;0.204;0.208;0.212;0.216;0.220;0.224;0.227;0.227;0.231;0.235;0.239;0.243;0.243;0.247;0.247;0.247;0.251;0.251;0.251;0.251;0.251;0.255;0.255;0.255;0.255;0.255;0.259;0.259;0.259;0.263;0.263;0.263;0.263;0.267;0.271;0.271;0.271;0.271;0.275;0.275;0.278;0.278;0.278;0.282;0.282;0.278;0.286;0.298;0.294;0.294;0.298;0.298;0.298;0.302;0.310;0.322;0.325;0.322;0.322;0.325;0.322;0.325;0.325;0.325;0.329;0.329;0.333;0.333;0.333;0.337;0.337;0.337;0.341;0.341;0.345;0.349;0.349;0.353;0.357;0.376;0.396;0.400;0.404;0.412;0.412;0.420;0.424;0.431;0.427;0.427;0.431;0.435;0.439;0.443;0.447;0.451;0.451;0.455;0.459;0.463;0.467;0.471;0.471;0.475;0.475;0.478;0.478;0.478;0.478;0.478;0.478;0.482;0.482;0.486;0.486;0.494;0.494;0.498;0.502;0.502;0.506;0.506;0.510;0.510;0.514;0.514;0.514;0.514;0.514;0.514;
0.055;0.059;0.063;0.078;0.086;0.075;0.075;0.082;0.090;0.098;0.098;0.114;0.122;0.122;0.118;0.118;0.125;0.125;0.125;0.118;0.125;0.137;0.137;0.141;0.145;0.145;0.149;0.153;0.153;0.157;0.157;0.157;0.149;0.145;0.149;0.165;0.161;0.161;0.161;0.165;0.165;0.161;0.161;0.165;0.169;0.169;0.169;0.169;0.169;0.169;0.169;0.173;0.173;0.173;0.176;0.184;0.184;0.169;0.169;0.165;0.161;0.161;0.161;0.157;0.157;0.153;0.153;0.149;0.145;0.149;0.145;0.157;0.169;0.169;0.173;0.176;0.176;0.184;0.184;0.188;0.188;0.192;0.196;0.196;0.204;0.208;0.212;0.216;0.220;0.224;0.227;0.227;0.231;0.235;0.239;0.243;0.243;0.247;0.247;0.247;0.251;0.251;0.251;0.251;0.251;0.255;0.255;0.255;0.255;0.255;0.259;0.259;0.259;0.263;0.263;0.263;0.263;0.267;0.271;0.271;0.271;0.271;0.275;0.275;0.278;0.278;0.278;0.282;0.282;0.278;0.286;0.298;0.294;0.294;0.298;0.298;0.298;0.302;0.310;0.322;0.325;0.322;0.322;0.325;0.322;0.325;0.325;0.325;0.329;0.329;0.333;0.333;0.333;0.337;0.337;0.337;0.341;0.341;0.345;0.349;0.349;0.353;0.357;0.376;0.396;0.400;0.404;0.412;0.412;0.420;0.424;0.431;0.427;0.427;0.431;0.435;0.439;0.443;0.447;0.451;0.451;0.455;0.459;0.463;0.467;0.471;0.471;0.475;0.475;0.478;0.478;0.478;0.478;0.478;0.478;0.482;0.482;0.486;0.486;0.494;0.494;0.498;0.502;0.502;0.506;0.506;0.510;0.510;0.514;0.514;0.514;0.514;0.514;0.514;
0.063;0.067;0.071;0.075;0.082;0.086;0.090;0.094;0.106;0.122;0.125;0.125;0.141;0.149;0.133;0.125;0.125;0.129;0.133;0.129;0.133;0.145;0.149;0.149;0.145;0.161;0.165;0.165;0.165;0.169;0.173;0.176;0.180;0.180;0.173;0.176;0.173;0.173;0.176;0.180;0.180;0.180;0.176;0.176;0.173;0.173;0.173;0.180;0.184;0.184;0.184;0.184;0.184;0.184;0.184;0.184;0.184;0.180;0.180;0.176;0.176;0.173;0.173;0.169;0.169;0.169;0.165;0.157;0.157;0.153;0.153;0.157;0.169;0.173;0.173;0.176;0.176;0.184;0.192;0.192;0.196;0.196;0.200;0.204;0.208;0.216;0.220;0.220;0.224;0.227;0.231;0.235;0.239;0.243;0.247;0.251;0.251;0.255;0.255;0.255;0.259;0.259;0.259;0.259;0.259;0.263;0.263;0.263;0.263;0.263;0.263;0.267;0.267;0.267;0.267;0.267;0.271;0.271;0.275;0.275;0.275;0.275;0.278;0.278;0.282;0.282;0.290;0.294;0.294;0.294;0.294;0.294;0.294;0.298;0.298;0.302;0.310;0.325;0.325;0.322;0.322;0.322;0.322;0.322;0.325;0.325;0.325;0.329;0.329;0.333;0.333;0.337;0.337;0.341;0.341;0.345;0.345;0.349;0.353;0.353;0.357;0.361;0.369;0.396;0.400;0.408;0.412;0.416;0.424;0.427;0.431;0.435;0.435;0.443;0.451;0.455;0.455;0.459;0.463;0.467;0.471;0.475;0.475;0.478;0.478;0.482;0.482;0.482;0.486;0.486;0.486;0.490;0.490;0.490;0.494;0.494;0.498;0.502;0.506;0.506;0.510;0.514;0.514;0.518;0.522;0.525;0.525;0.525;0.529;0.529;0.529;0.529;0.529;0.529;
0.063;0.067;0.071;0.075;0.082;0.086;0.090;0.094;0.106;0.122;0.125;0.125;0.141;0.149;0.133;0.125;0.125;0.129;0.133;0.129;0.133;0.145;0.149;0.149;0.145;0.161;0.165;0.165;0.165;0.169;0.173;0.176;0.180;0.180;0.173;0.176;0.173;0.173;0.176;0.180;0.180;0.180;0.176;0.176;0.173;0.173;0.173;0.180;0.184;0.184;0.184;0.184;0.184;0.184;0.184;0.184;0.184;0.180;0.180;0.176;0.176;0.173;0.173;0.169;0.169;0.169;0.165;0.157;0.157;0.153;0.153;0.157;0.169;0.173;0.173;0.176;0.176;0.184;0.192;0.192;0.196;0.196;0.200;0.204;0.208;0.216;0.220;0.220;0.224;0.227;0.231;0.235;0.239;0.243;0.247;0.251;0.251;0.255;0.255;0.255;0.259;0.259;0.259;0.259;0.259;0.263;0.263;0.263;0.263;0.263;0.263;0.267;0.267;0.267;0.267;0.267;0.271;0.271;0.275;0.275;0.275;0.275;0.278;0.278;0.282;0.282;0.290;0.294;0.294;0.294;0.294;0.294;0.294;0.298;0.298;0.302;0.310;0.325;0.325;0.322;0.322;0.322;0.322;0.322;0.325;0.325;0.325;0.329;0.329;0.333;0.333;0.337;0.337;0.341;0.341;0.345;0.345;0.349;0.353;0.353;0.357;0.361;0.369;0.396;0.400;0.408;0.412;0.416;0.424;0.427;0.431;0.435;0.435;0.443;0.451;0.455;0.455;0.459;0.463;0.467;0.471;0.475;0.475;0.478;0.478;0.482;0.482;0.482;0.486;0.486;0.486;0.490;0.490;0.490;0.494;0.494;0.498;0.502;0.506;0.506;0.510;0.514;0.514;0.518;0.522;0.525;0.525;0.525;0.529;0.529;0.529;0.529;0.529;0.529;
0.078;0.086;0.082;0.086;0.086;0.090;0.102;0.110;0.118;0.137;0.153;0.153;0.137;0.122;0.122;0.129;0.137;0.149;0.165;0.157;0.149;0.153;0.153;0.157;0.165;0.173;0.176;0.176;0.180;0.188;0.192;0.196;0.200;0.208;0.208;0.200;0.192;0.196;0.196;0.196;0.196;0.196;0.196;0.196;0.192;0.188;0.192;0.192;0.196;0.196;0.196;0.200;0.196;0.196;0.196;0.200;0.196;0.196;0.192;0.192;0.188;0.192;0.192;0.188;0.184;0.184;0.176;0.173;0.169;0.165;0.161;0.157;0.169;0.173;0.173;0.176;0.176;0.180;0.200;0.200;0.204;0.204;0.208;0.212;0.212;0.220;0.224;0.227;0.231;0.235;0.239;0.243;0.247;0.251;0.255;0.259;0.263;0.263;0.263;0.263;0.263;0.263;0.267;0.267;0.267;0.267;0.267;0.267;0.271;0.271;0.271;0.271;0.275;0.275;0.275;0.275;0.275;0.278;0.278;0.278;0.278;0.278;0.282;0.282;0.286;0.290;0.290;0.290;0.294;0.294;0.294;0.298;0.298;0.298;0.302;0.310;0.325;0.322;0.322;0.322;0.322;0.322;0.322;0.325;0.325;0.325;0.329;0.333;0.333;0.337;0.341;0.341;0.345;0.345;0.349;0.353;0.353;0.357;0.361;0.361;0.369;0.373;0.388;0.400;0.408;0.412;0.420;0.424;0.431;0.439;0.443;0.455;0.459;0.467;0.471;0.471;0.475;0.478;0.478;0.482;0.482;0.486;0.486;0.490;0.490;0.494;0.498;0.502;0.506;0.510;0.514;0.514;0.514;0.514;0.518;0.522;0.522;0.525;0.525;0.529;0.533;0.533;0.537;0.541;0.541;0.545;0.545;0.545;0.549;0.549;0.549;0.549;0.549;0.549;
0.078;0.086;0.082;0.086;0.086;0.090;0.102;0.110;0.118;0.137;0.153;0.153;0.137;0.122;0.122;0.129;0.137;0.149;0.165;0.157;0.149;0.153;0.153;0.157;0.165;0.173;0.176;0.176;0.180;0.188;0.192;0.196;0.200;0.208;0.208;0.200;0.192;0.196;0.196;0.196;0.196;0.196;0.196;0.196;0.192;0.188;0.192;0.192;0.196;0.196;0.196;0.200;0.196;0.196;0.196;0.200;0.196;0.196;0.192;0.192;0.188;0.192;0.192;0.188;0.184;0.184;0.176;0.173;0.169;0.165;0.161;0.157;0.169;0.173;0.173;0.176;0.176;0.180;0.200;0.200;0.204;0.204;0.208;0.212;0.212;0.220;0.224;0.227;0.231;0.235;0.239;0.243;0.247;0.251;0.255;0.259;0.263;0.263;0.263;0.263;0.263;0.263;0.267;0.267;0.267;0.267;0.267;0.267;0.271;0.271;0.271;0.271;0.275;0.275;0.275;0.275;0.275;0.278;0.278;0.278;0.278;0.278;0.282;0.282;0.286;0.290;0.290;0.290;0.294;0.294;0.294;0.298;0.298;0.298;0.302;0.310;0.325;0.322;0.322;0.322;0.322;0.322;0.322;0.325;0.325;0.325;0.329;0.333;0.333;0.337;0.341;0.341;0.345;0.345;0.349;0.353;0.353;0.357;0.361;0.361;0.369;0.373;0.388;0.400;0.408;0.412;0.420;0.424;0.431;0.439;0.443;0.455;0.459;0.467;0.471;0.471;0.475;0.478;0.478;0.482;0.482;0.486;0.486;0.490;0.490;0.494;0.498;0.502;0.506;0.510;0.514;0.514;0.514;0.514;0.518;0.522;0.522;0.525;0.525;0.529;0.533;0.533;0.537;0.541;0.541;0.545;0.545;0.545;0.549;0.549;0.549;0.549;0.549;0.549;
0.082;0.082;0.086;0.086;0.090;0.094;0.102;0.114;0.125;0.141;0.118;0.137;0.169;0.149;0.137;0.141;0.149;0.157;0.169;0.165;0.165;0.165;0.173;0.176;0.184;0.188;0.188;0.192;0.196;0.192;0.204;0.208;0.212;0.216;0.216;0.216;0.216;0.216;0.216;0.216;0.216;0.216;0.216;0.216;0.216;0.212;0.208;0.212;0.212;0.212;0.216;0.212;0.212;0.212;0.216;0.220;0.224;0.224;0.212;0.208;0.208;0.204;0.200;0.200;0.200;0.196;0.192;0.184;0.180;0.180;0.173;0.165;0.157;0.169;0.173;0.176;0.180;0.180;0.204;0.212;0.212;0.212;0.216;0.216;0.216;0.224;0.231;0.235;0.239;0.243;0.247;0.251;0.255;0.259;0.263;0.267;0.271;0.271;0.271;0.271;0.271;0.271;0.271;0.271;0.271;0.271;0.275;0.275;0.275;0.275;0.275;0.278;0.278;0.278;0.278;0.282;0.282;0.282;0.282;0.282;0.286;0.286;0.286;0.286;0.290;0.290;0.294;0.294;0.302;0.306;0.306;0.302;0.298;0.298;0.302;0.314;0.325;0.325;0.325;0.322;0.325;0.325;0.325;0.325;0.329;0.329;0.333;0.337;0.341;0.349;0.353;0.357;0.361;0.369;0.369;0.373;0.373;0.373;0.376;0.380;0.380;0.392;0.400;0.404;0.412;0.424;0.435;0.447;0.455;0.455;0.463;0.467;0.478;0.486;0.486;0.486;0.486;0.490;0.490;0.490;0.494;0.494;0.498;0.502;0.506;0.510;0.518;0.522;0.525;0.525;0.525;0.529;0.529;0.533;0.537;0.541;0.541;0.545;0.549;0.549;0.553;0.553;0.557;0.557;0.561;0.561;0.565;0.565;0.569;0.569;0.569;0.569;0.569;0.569;
0.082;0.082;0.086;0.086;0.090;0.094;0.102;0.114;0.125;0.141;0.118;0.137;0.169;0.149;0.137;0.141;0.149;0.157;0.169;0.165;0.165;0.165;0.173;0.176;0.184;0.188;0.188;0.192;0.196;0.192;0.204;0.208;0.212;0.216;0.216;0.216;0.216;0.216;0.216;0.216;0.216;0.216;0.216;0.216;0.216;0.212;0.208;0.212;0.212;0.212;0.216;0.212;0.212;0.212;0.216;0.220;0.224;0.224;0.212;0.208;0.208;0.204;0.200;0.200;0.200;0.196;0.192;0.184;0.180;0.180;0.173;0.165;0.157;0.169;0.173;0.176;0.180;0.180;0.204;0.212;0.212;0.212;0.216;0.216;0.216;0.224;0.231;0.235;0.239;0.243;0.247;0.251;0.255;0.259;0.263;0.267;0.271;0.271;0.271;0.271;0.271;0.271;0.271;0.271;0.271;0.271;0.275;0.275;0.275;0.275;0.275;0.278;0.278;0.278;0.278;0.282;0.282;0.282;0.282;0.282;0.286;0.286;0.286;0.286;0.290;0.290;0.294;0.294;0.302;0.306;0.306;0.302;0.298;0.298;0.302;0.314;0.325;0.325;0.325;0.322;0.325;0.325;0.325;0.325;0.329;0.329;0.333;0.337;0.341;0.349;0.353;0.357;0.361;0.369;0.369;0.373;0.373;0.373;0.376;0.380;0.380;0.392;0.400;0.404;0.412;0.424;0.435;0.447;0.455;0.455;0.463;0.467;0.478;0.486;0.486;0.486;0.486;0.490;0.490;0.490;0.494;0.494;0.498;0.502;0.506;0.510;0.518;0.522;0.525;0.525;0.525;0.529;0.529;0.533;0.537;0.541;0.541;0.545;0.549;0.549;0.553;0.553;0.557;0.557;0.561;0.561;0.565;0.565;0.569;0.569;0.569;0.569;0.569;0.569;
0.090;0.090;0.090;0.094;0.102;0.106;0.106;0.114;0.118;0.122;0.137;0.133;0.157;0.169;0.161;0.153;0.165;0.169;0.169;0.180;0.176;0.184;0.188;0.192;0.200;0.208;0.208;0.208;0.208;0.216;0.220;0.227;0.227;0.243;0.235;0.235;0.231;0.235;0.239;0.239;0.235;0.235;0.235;0.231;0.227;0.227;0.224;0.224;0.227;0.227;0.227;0.227;0.224;0.227;0.227;0.227;0.227;0.227;0.220;0.216;0.212;0.212;0.212;0.208;0.208;0.204;0.200;0.196;0.192;0.188;0.184;0.180;0.176;0.169;0.169;0.180;0.196;0.208;0.212;0.208;0.212;0.220;0.220;0.224;0.227;0.231;0.231;0.243;0.247;0.251;0.255;0.259;0.263;0.267;0.271;0.271;0.275;0.275;0.278;0.275;0.275;0.275;0.278;0.278;0.278;0.278;0.278;0.282;0.282;0.282;0.286;0.286;0.286;0.286;0.286;0.286;0.286;0.290;0.290;0.290;0.290;0.290;0.294;0.294;0.294;0.294;0.294;0.294;0.294;0.298;0.306;0.306;0.302;0.302;0.302;0.314;0.325;0.325;0.325;0.325;0.325;0.329;0.329;0.333;0.333;0.337;0.345;0.353;0.357;0.365;0.373;0.376;0.380;0.380;0.384;0.384;0.388;0.388;0.392;0.396;0.400;0.408;0.416;0.427;0.443;0.447;0.451;0.455;0.463;0.467;0.475;0.482;0.486;0.494;0.498;0.498;0.498;0.502;0.502;0.502;0.510;0.514;0.522;0.525;0.525;0.529;0.529;0.533;0.533;0.537;0.541;0.541;0.545;0.549;0.549;0.553;0.553;0.557;0.561;0.561;0.561;0.565;0.565;0.569;0.569;0.573;0.573;0.576;0.576;0.580;0.580;0.580;0.580;0.580;
0.090;0.090;0.090;0.094;0.102;0.106;0.106;0.114;0.118;0.122;0.137;0.133;0.157;0.169;0.161;0.153;0.165;0.169;0.169;0.180;0.176;0.184;0.188;0.192;0.200;0.208;0.208;0.208;0.208;0.216;0.220;0.227;0.227;0.243;0.235;0.235;0.231;0.235;0.239;0.239;0.235;0.235;0.235;0.231;0.227;0.227;0.224;0.224;0.227;0.227;0.227;0.227;0.224;0.227;0.227;0.227;0.227;0.227;0.220;0.216;0.212;0.212;0.212;0.208;0.208;0.204;0.200;0.196;0.192;0.188;0.184;0.180;0.176;0.169;0.169;0.180;0.196;0.208;0.212;0.208;0.212;0.220;0.220;0.224;0.227;0.231;0.231;0.243;0.247;0.251;0.255;0.259;0.263;0.267;0.271;0.271;0.275;0.275;0.278;0.275;0.275;0.275;0.278;0.278;0.278;0.278;0.278;0.282;0.282;0.282;0.286;0.286;0.286;0.286;0.286;0.286;0.286;0.290;0.290;0.290;0.290;0.290;0.294;0.294;0.294;0.294;0.294;0.294;0.294;0.298;0.306;0.306;0.302;0.302;0.302;0.314;0.325;0.325;0.325;0.325;0.325;0.329;0.329;0.333;0.333;0.337;0.345;0.353;0.357;0.365;0.373;0.376;0.380;0.380;0.384;0.384;0.388;0.388;0.392;0.396;0.400;0.408;0.416;0.427;0.443;0.447;0.451;0.455;0.463;0.467;0.475;0.482;0.486;0.494;0.498;0.498;0.498;0.502;0.502;0.502;0.510;0.514;0.522;0.525;0.525;0.529;0.529;0.533;0.533;0.537;0.541;0.541;0.545;0.549;0.549;0.553;0.553;0.557;0.561;0.561;0.561;0.565;0.565;0.569;0.569;0.573;0.573;0.576;0.576;0.580;0.580;0.580;0.580;0.580;
0.094;0.098;0.098;0.106;0.110;0.118;0.125;0.122;0.133;0.145;0.149;0.153;0.149;0.145;0.157;0.165;0.173;0.169;0.188;0.188;0.196;0.212;0.204;0.204;0.216;0.231;0.235;0.231;0.227;0.224;0.231;0.239;0.251;0.243;0.243;0.251;0.247;0.247;0.247;0.247;0.247;0.251;0.247;0.247;0.247;0.247;0.247;0.247;0.247;0.247;0.247;0.243;0.239;0.243;0.243;0.243;0.239;0.235;0.231;0.227;0.224;0.220;0.216;0.212;0.212;0.208;0.208;0.204;0.200;0.196;0.192;0.192;0.184;0.180;0.176;0.169;0.188;0.196;0.200;0.204;0.212;0.220;0.227;0.231;0.235;0.239;0.243;0.247;0.251;0.255;0.259;0.263;0.267;0.271;0.275;0.278;0.278;0.282;0.282;0.282;0.282;0.282;0.282;0.282;0.286;0.286;0.286;0.290;0.290;0.290;0.290;0.294;0.294;0.294;0.294;0.294;0.294;0.294;0.294;0.294;0.298;0.294;0.298;0.298;0.298;0.298;0.298;0.298;0.298;0.298;0.298;0.298;0.298;0.306;0.322;0.333;0.333;0.329;0.329;0.329;0.333;0.333;0.337;0.345;0.349;0.357;0.365;0.369;0.376;0.380;0.384;0.384;0.388;0.388;0.392;0.396;0.396;0.400;0.404;0.408;0.416;0.424;0.431;0.447;0.455;0.459;0.463;0.471;0.478;0.482;0.490;0.494;0.498;0.502;0.502;0.506;0.510;0.514;0.514;0.518;0.522;0.525;0.529;0.533;0.533;0.537;0.541;0.545;0.545;0.549;0.553;0.553;0.557;0.561;0.561;0.565;0.565;0.569;0.569;0.569;0.573;0.573;0.576;0.576;0.576;0.580;0.580;0.584;0.584;0.588;0.588;0.588;0.588;0.588;
0.094;0.098;0.098;0.106;0.110;0.118;0.125;0.122;0.133;0.145;0.149;0.153;0.149;0.145;0.157;0.165;0.173;0.169;0.188;0.188;0.196;0.212;0.204;0.204;0.216;0.231;0.235;0.231;0.227;0.224;0.231;0.239;0.251;0.243;0.243;0.251;0.247;0.247;0.247;0.247;0.247;0.251;0.247;0.247;0.247;0.247;0.247;0.247;0.247;0.247;0.247;0.243;0.239;0.243;0.243;0.243;0.239;0.235;0.231;0.227;0.224;0.220;0.216;0.212;0.212;0.208;0.208;0.204;0.200;0.196;0.192;0.192;0.184;0.180;0.176;0.169;0.188;0.196;0.200;0.204;0.212;0.220;0.227;0.231;0.235;0.239;0.243;0.247;0.251;0.255;0.259;0.263;0.267;0.271;0.275;0.278;0.278;0.282;0.282;0.282;0.282;0.282;0.282;0.282;0.286;0.286;0.286;0.290;0.290;0.290;0.290;0.294;0.294;0.294;0.294;0.294;0.294;0.294;0.294;0.294;0.298;0.294;0.298;0.298;0.298;0.298;0.298;0.298;0.298;0.298;0.298;0.298;0.298;0.306;0.322;0.333;0.333;0.329;0.329;0.329;0.333;0.333;0.337;0.345;0.349;0.357;0.365;0.369;0.376;0.380;0.384;0.384;0.388;0.388;0.392;0.396;0.396;0.400;0.404;0.408;0.416;0.424;0.431;0.447;0.455;0.459;0.463;0.471;0.478;0.482;0.490;0.494;0.498;0.502;0.502;0.506;0.510;0.514;0.514;0.518;0.522;0.525;0.529;0.533;0.533;0.537;0.541;0.545;0.545;0.549;0.553;0.553;0.557;0.561;0.561;0.565;0.565;0.569;0.569;0.569;0.573;0.573;0.576;0.576;0.576;0.580;0.580;0.584;0.584;0.588;0.588;0.588;0.588;0.588;
0.114;0.118;0.129;0.122;0.125;0.133;0.133;0.137;0.153;0.153;0.153;0.149;0.157;0.161;0.157;0.169;0.188;0.192;0.200;0.200;0.204;0.212;0.216;0.220;0.224;0.231;0.239;0.247;0.243;0.243;0.243;0.255;0.267;0.267;0.267;0.271;0.263;0.263;0.259;0.259;0.259;0.263;0.263;0.259;0.259;0.263;0.259;0.259;0.259;0.259;0.259;0.255;0.255;0.259;0.255;0.255;0.251;0.247;0.243;0.239;0.235;0.231;0.227;0.224;0.220;0.220;0.216;0.216;0.212;0.208;0.204;0.204;0.200;0.196;0.188;0.184;0.173;0.192;0.212;0.216;0.224;0.224;0.227;0.235;0.243;0.243;0.247;0.251;0.255;0.263;0.267;0.271;0.275;0.275;0.278;0.282;0.282;0.286;0.286;0.286;0.286;0.286;0.290;0.290;0.290;0.294;0.294;0.294;0.298;0.298;0.298;0.302;0.302;0.302;0.302;0.302;0.302;0.302;0.302;0.302;0.298;0.298;0.298;0.298;0.298;0.298;0.298;0.298;0.298;0.302;0.306;0.318;0.329;0.345;0.345;0.345;0.345;0.341;0.337;0.341;0.345;0.357;0.361;0.369;0.373;0.376;0.384;0.388;0.388;0.388;0.392;0.392;0.396;0.400;0.404;0.412;0.420;0.431;0.431;0.435;0.443;0.451;0.459;0.467;0.471;0.475;0.482;0.486;0.494;0.498;0.498;0.506;0.510;0.510;0.510;0.514;0.514;0.518;0.522;0.525;0.529;0.533;0.537;0.541;0.545;0.545;0.549;0.553;0.557;0.561;0.565;0.565;0.569;0.569;0.573;0.576;0.576;0.576;0.576;0.580;0.580;0.580;0.584;0.584;0.584;0.588;0.588;0.592;0.592;0.592;0.596;0.596;0.596;0.596;
0.114;0.118;0.129;0.122;0.125;0.133;0.133;0.137;0.153;0.153;0.153;0.149;0.157;0.161;0.157;0.169;0.188;0.192;0.200;0.200;0.204;0.212;0.216;0.220;0.224;0.231;0.239;0.247;0.243;0.243;0.243;0.255;0.267;0.267;0.267;0.271;0.263;0.263;0.259;0.259;0.259;0.263;0.263;0.259;0.259;0.263;0.259;0.259;0.259;0.259;0.259;0.255;0.255;0.259;0.255;0.255;0.251;0.247;0.243;0.239;0.235;0.231;0.227;0.224;0.220;0.220;0.216;0.216;0.212;0.208;0.204;0.204;0.200;0.196;0.188;0.184;0.173;0.192;0.212;0.216;0.224;0.224;0.227;0.235;0.243;0.243;0.247;0.251;0.255;0.263;0.267;0.271;0.275;0.275;0.278;0.282;0.282;0.286;0.286;0.286;0.286;0.286;0.290;0.290;0.290;0.294;0.294;0.294;0.298;0.298;0.298;0.302;0.302;0.302;0.302;0.302;0.302;0.302;0.302;0.302;0.298;0.298;0.298;0.298;0.298;0.298;0.298;0.298;0.298;0.302;0.306;0.318;0.329;0.345;0.345;0.345;0.345;0.341;0.337;0.341;0.345;0.357;0.361;0.369;0.373;0.376;0.384;0.388;0.388;0.388;0.392;0.392;0.396;0.400;0.404;0.412;0.420;0.431;0.431;0.435;0.443;0.451;0.459;0.467;0.471;0.475;0.482;0.486;0.494;0.498;0.498;0.506;0.510;0.510;0.510;0.514;0.514;0.518;0.522;0.525;0.529;0.533;0.537;0.541;0.545;0.545;0.549;0.553;0.557;0.561;0.565;0.565;0.569;0.569;0.573;0.576;0.576;0.576;0.576;0.580;0.580;0.580;0.584;0.584;0.584;0.588;0.588;0.592;0.592;0.592;0.596;0.596;0.596;0.596;
0.133;0.137;0.137;0.137;0.141;0.149;0.153;0.157;0.161;0.165;0.169;0.173;0.176;0.180;0.188;0.200;0.208;0.212;0.212;0.216;0.220;0.224;0.235;0.239;0.243;0.247;0.251;0.255;0.259;0.255;0.255;0.259;0.267;0.271;0.275;0.271;0.271;0.271;0.271;0.271;0.271;0.271;0.271;0.271;0.271;0.271;0.275;0.271;0.271;0.271;0.271;0.271;0.271;0.271;0.267;0.267;0.263;0.255;0.255;0.251;0.247;0.239;0.235;0.231;0.231;0.227;0.224;0.224;0.224;0.220;0.216;0.216;0.212;0.208;0.204;0.196;0.176;0.184;0.200;0.212;0.216;0.220;0.227;0.235;0.243;0.251;0.255;0.255;0.263;0.267;0.271;0.275;0.278;0.278;0.282;0.286;0.286;0.290;0.290;0.290;0.294;0.294;0.294;0.298;0.298;0.298;0.302;0.302;0.302;0.306;0.306;0.306;0.306;0.306;0.310;0.310;0.306;0.306;0.306;0.306;0.302;0.302;0.302;0.302;0.306;0.310;0.318;0.325;0.341;0.353;0.361;0.365;0.376;0.384;0.392;0.388;0.380;0.376;0.373;0.376;0.380;0.388;0.392;0.396;0.396;0.396;0.400;0.400;0.400;0.404;0.408;0.420;0.427;0.435;0.439;0.439;0.443;0.451;0.459;0.463;0.467;0.478;0.486;0.490;0.494;0.498;0.502;0.502;0.506;0.506;0.506;0.510;0.510;0.510;0.518;0.522;0.525;0.533;0.537;0.537;0.541;0.541;0.545;0.545;0.549;0.553;0.557;0.561;0.565;0.569;0.573;0.573;0.576;0.580;0.584;0.584;0.584;0.584;0.584;0.588;0.588;0.588;0.588;0.588;0.592;0.592;0.592;0.596;0.596;0.600;0.600;0.600;0.604;0.604;
0.133;0.137;0.137;0.137;0.141;0.149;0.153;0.157;0.161;0.165;0.169;0.173;0.176;0.180;0.188;0.200;0.208;0.212;0.212;0.216;0.220;0.224;0.235;0.239;0.243;0.247;0.251;0.255;0.259;0.255;0.255;0.259;0.267;0.271;0.275;0.271;0.271;0.271;0.271;0.271;0.271;0.271;0.271;0.271;0.271;0.271;0.275;0.271;0.271;0.271;0.271;0.271;0.271;0.271;0.267;0.267;0.263;0.255;0.255;0.251;0.247;0.239;0.235;0.231;0.231;0.227;0.224;0.224;0.224;0.220;0.216;0.216;0.212;0.208;0.204;0.196;0.176;0.184;0.200;0.212;0.216;0.220;0.227;0.235;0.243;0.251;0.255;0.255;0.263;0.267;0.271;0.275;0.278;0.278;0.282;0.286;0.286;0.290;0.290;0.290;0.294;0.294;0.294;0.298;0.298;0.298;0.302;0.302;0.302;0.306;0.306;0.306;0.306;0.306;0.310;0.310;0.306;0.306;0.306;0.306;0.302;0.302;0.302;0.302;0.306;0.310;0.318;0.325;0.341;0.353;0.361;0.365;0.376;0.384;0.392;0.388;0.380;0.376;0.373;0.376;0.380;0.388;0.392;0.396;0.396;0.396;0.400;0.400;0.400;0.404;0.408;0.420;0.427;0.435;0.439;0.439;0.443;0.451;0.459;0.463;0.467;0.478;0.486;0.490;0.494;0.498;0.502;0.502;0.506;0.506;0.506;0.510;0.510;0.510;0.518;0.522;0.525;0.533;0.537;0.537;0.541;0.541;0.545;0.545;0.549;0.553;0.557;0.561;0.565;0.569;0.573;0.573;0.576;0.580;0.584;0.584;0.584;0.584;0.584;0.588;0.588;0.588;0.588;0.588;0.592;0.592;0.592;0.596;0.596;0.600;0.600;0.600;0.604;0.604;
0.161;0.157;0.161;0.169;0.173;0.173;0.176;0.180;0.180;0.184;0.188;0.188;0.200;0.204;0.208;0.212;0.216;0.224;0.227;0.227;0.231;0.235;0.239;0.243;0.243;0.243;0.251;0.251;0.255;0.259;0.263;0.267;0.271;0.271;0.275;0.275;0.278;0.278;0.278;0.278;0.278;0.278;0.278;0.278;0.278;0.282;0.278;0.282;0.282;0.282;0.282;0.278;0.282;0.278;0.278;0.275;0.275;0.267;0.267;0.263;0.259;0.251;0.247;0.243;0.239;0.235;0.231;0.235;0.231;0.227;0.227;0.227;0.227;0.224;0.220;0.212;0.208;0.192;0.188;0.192;0.212;0.224;0.231;0.235;0.243;0.255;0.259;0.263;0.267;0.267;0.271;0.278;0.278;0.282;0.286;0.290;0.290;0.294;0.294;0.298;0.298;0.302;0.302;0.302;0.306;0.306;0.306;0.310;0.310;0.314;0.314;0.314;0.318;0.318;0.318;0.322;0.325;0.325;0.329;0.329;0.337;0.345;0.349;0.349;0.353;0.353;0.353;0.357;0.361;0.373;0.384;0.400;0.424;0.439;0.443;0.431;0.412;0.400;0.400;0.404;0.404;0.408;0.412;0.416;0.416;0.420;0.420;0.424;0.431;0.439;0.447;0.451;0.455;0.459;0.459;0.471;0.478;0.482;0.482;0.486;0.486;0.490;0.494;0.498;0.502;0.506;0.510;0.510;0.514;0.522;0.525;0.537;0.537;0.541;0.545;0.549;0.549;0.553;0.557;0.561;0.561;0.565;0.569;0.573;0.573;0.576;0.580;0.584;0.584;0.584;0.588;0.588;0.588;0.588;0.588;0.588;0.592;0.592;0.592;0.592;0.592;0.592;0.596;0.596;0.596;0.600;0.604;0.604;0.608;0.608;0.612;0.612;0.616;0.620;
0.161;0.157;0.161;0.169;0.173;0.173;0.176;0.180;0.180;0.184;0.188;0.188;0.200;0.204;0.208;0.212;0.216;0.224;0.227;0.227;0.231;0.235;0.239;0.243;0.243;0.243;0.251;0.251;0.255;0.259;0.263;0.267;0.271;0.271;0.275;0.275;0.278;0.278;0.278;0.278;0.278;0.278;0.278;0.278;0.278;0.282;0.278;0.282;0.282;0.282;0.282;0.278;0.282;0.278;0.278;0.275;0.275;0.267;0.267;0.263;0.259;0.251;0.247;0.243;0.239;0.235;0.231;0.235;0.231;0.227;0.227;0.227;0.227;0.224;0.220;0.212;0.208;0.192;0.188;0.192;0.212;0.224;0.231;0.235;0.243;0.255;0.259;0.263;0.267;0.267;0.271;0.278;0.278;0.282;0.286;0.290;0.290;0.294;0.294;0.298;0.298;0.302;0.302;0.302;0.306;0.306;0.306;0.310;0.310;0.314;0.314;0.314;0.318;0.318;0.318;0.322;0.325;0.325;0.329;0.329;0.337;0.345;0.349;0.349;0.353;0.353;0.353;0.357;0.361;0.373;0.384;0.400;0.424;0.439;0.443;0.431;0.412;0.400;0.400;0.404;0.404;0.408;0.412;0.416;0.416;0.420;0.420;0.424;0.431;0.439;0.447;0.451;0.455;0.459;0.459;0.471;0.478;0.482;0.482;0.486;0.486;0.490;0.494;0.498;0.502;0.506;0.510;0.510;0.514;0.522;0.525;0.537;0.537;0.541;0.545;0.549;0.549;0.553;0.557;0.561;0.561;0.565;0.569;0.573;0.573;0.576;0.580;0.584;0.584;0.584;0.588;0.588;0.588;0.588;0.588;0.588;0.592;0.592;0.592;0.592;0.592;0.592;0.596;0.596;0.596;0.600;0.604;0.604;0.608;0.608;0.612;0.612;0.616;0.620;
0.169;0.192;0.192;0.184;0.192;0.192;0.196;0.200;0.204;0.208;0.212;0.216;0.220;0.224;0.227;0.227;0.231;0.235;0.239;0.239;0.243;0.247;0.247;0.251;0.251;0.255;0.259;0.259;0.263;0.267;0.271;0.271;0.275;0.275;0.275;0.278;0.282;0.286;0.286;0.286;0.286;0.290;0.290;0.290;0.290;0.290;0.290;0.290;0.290;0.290;0.290;0.290;0.290;0.294;0.290;0.290;0.290;0.282;0.271;0.271;0.267;0.263;0.259;0.255;0.255;0.251;0.251;0.247;0.247;0.243;0.239;0.235;0.235;0.235;0.231;0.227;0.224;0.216;0.212;0.208;0.208;0.235;0.239;0.243;0.247;0.255;0.263;0.267;0.267;0.267;0.275;0.278;0.282;0.286;0.290;0.294;0.294;0.298;0.302;0.302;0.306;0.306;0.310;0.310;0.310;0.310;0.314;0.318;0.329;0.333;0.337;0.337;0.337;0.337;0.341;0.341;0.341;0.345;0.345;0.349;0.353;0.353;0.357;0.361;0.369;0.373;0.376;0.380;0.384;0.392;0.408;0.424;0.451;0.467;0.467;0.455;0.435;0.420;0.412;0.412;0.420;0.424;0.427;0.431;0.439;0.443;0.443;0.451;0.455;0.459;0.463;0.467;0.471;0.475;0.478;0.482;0.486;0.486;0.490;0.494;0.498;0.506;0.514;0.518;0.522;0.522;0.525;0.529;0.529;0.533;0.537;0.537;0.541;0.545;0.549;0.557;0.561;0.565;0.569;0.573;0.573;0.576;0.580;0.584;0.588;0.592;0.592;0.592;0.596;0.596;0.596;0.596;0.596;0.600;0.600;0.604;0.604;0.608;0.612;0.612;0.612;0.616;0.620;0.620;0.624;0.624;0.624;0.627;0.627;0.631;0.631;0.635;0.639;0.639;
0.169;0.192;0.192;0.184;0.192;0.192;0.196;0.200;0.204;0.208;0.212;0.216;0.220;0.224;0.227;0.227;0.231;0.235;0.239;0.239;0.243;0.247;0.247;0.251;0.251;0.255;0.259;0.259;0.263;0.267;0.271;0.271;0.275;0.275;0.275;0.278;0.282;0.286;0.286;0.286;0.286;0.290;0.290;0.290;0.290;0.290;0.290;0.290;0.290;0.290;0.290;0.290;0.290;0.294;0.290;0.290;0.290;0.282;0.271;0.271;0.267;0.263;0.259;0.255;0.255;0.251;0.251;0.247;0.247;0.243;0.239;0.235;0.235;0.235;0.231;0.227;0.224;0.216;0.212;0.208;0.208;0.235;0.239;0.243;0.247;0.255;0.263;0.267;0.267;0.267;0.275;0.278;0.282;0.286;0.290;0.294;0.294;0.298;0.302;0.302;0.306;0.306;0.310;0.310;0.310;0.310;0.314;0.318;0.329;0.333;0.337;0.337;0.337;0.337;0.341;0.341;0.341;0.345;0.345;0.349;0.353;0.353;0.357;0.361;0.369;0.373;0.376;0.380;0.384;0.392;0.408;0.424;0.451;0.467;0.467;0.455;0.435;0.420;0.412;0.412;0.420;0.424;0.427;0.431;0.439;0.443;0.443;0.451;0.455;0.459;0.463;0.467;0.471;0.475;0.478;0.482;0.486;0.486;0.490;0.494;0.498;0.506;0.514;0.518;0.522;0.522;0.525;0.529;0.529;0.533;0.537;0.537;0.541;0.545;0.549;0.557;0.561;0.565;0.569;0.573;0.573;0.576;0.580;0.584;0.588;0.592;0.592;0.592;0.596;0.596;0.596;0.596;0.596;0.600;0.600;0.604;0.604;0.608;0.612;0.612;0.612;0.616;0.620;0.620;0.624;0.624;0.624;0.627;0.627;0.631;0.631;0.635;0.639;0.639;
0.204;0.212;0.196;0.196;0.196;0.204;0.239;0.227;0.224;0.220;0.227;0.227;0.231;0.235;0.239;0.239;0.247;0.255;0.263;0.263;0.267;0.278;0.275;0.271;0.271;0.271;0.275;0.278;0.278;0.282;0.282;0.290;0.282;0.282;0.286;0.290;0.290;0.294;0.294;0.294;0.298;0.298;0.298;0.298;0.298;0.298;0.298;0.298;0.298;0.298;0.302;0.302;0.306;0.306;0.310;0.310;0.302;0.286;0.282;0.278;0.275;0.275;0.275;0.271;0.263;0.267;0.255;0.255;0.255;0.255;0.251;0.247;0.247;0.243;0.239;0.239;0.235;0.231;0.227;0.220;0.220;0.224;0.235;0.239;0.243;0.251;0.259;0.267;0.271;0.275;0.278;0.282;0.286;0.286;0.290;0.294;0.298;0.302;0.306;0.306;0.310;0.310;0.314;0.318;0.325;0.333;0.333;0.333;0.333;0.337;0.337;0.337;0.341;0.341;0.345;0.345;0.349;0.349;0.353;0.357;0.361;0.369;0.376;0.380;0.384;0.388;0.388;0.392;0.400;0.416;0.424;0.439;0.463;0.471;0.475;0.475;0.471;0.459;0.451;0.447;0.451;0.455;0.455;0.459;0.463;0.467;0.471;0.475;0.478;0.478;0.486;0.490;0.494;0.498;0.498;0.502;0.502;0.506;0.506;0.510;0.514;0.514;0.518;0.522;0.522;0.525;0.529;0.533;0.537;0.541;0.545;0.553;0.561;0.569;0.573;0.584;0.588;0.592;0.596;0.600;0.604;0.608;0.612;0.616;0.620;0.627;0.635;0.635;0.631;0.631;0.631;0.631;0.635;0.635;0.635;0.639;0.639;0.643;0.651;0.647;0.647;0.647;0.651;0.651;0.655;0.663;0.667;0.671;0.667;0.671;0.671;0.675;0.675;0.675;
0.204;0.212;0.196;0.196;0.196;0.204;0.239;0.227;0.224;0.220;0.227;0.227;0.231;0.235;0.239;0.239;0.247;0.255;0.263;0.263;0.267;0.278;0.275;0.271;0.271;0.271;0.275;0.278;0.278;0.282;0.282;0.290;0.282;0.282;0.286;0.290;0.290;0.294;0.294;0.294;0.298;0.298;0.298;0.298;0.298;0.298;0.298;0.298;0.298;0.298;0.302;0.302;0.306;0.306;0.310;0.310;0.302;0.286;0.282;0.278;0.275;0.275;0.275;0.271;0.263;0.267;0.255;0.255;0.255;0.255;0.251;0.247;0.247;0.243;0.239;0.239;0.235;0.231;0.227;0.220;0.220;0.224;0.235;0.239;0.243;0.251;0.259;0.267;0.271;0.275;0.278;0.282;0.286;0.286;0.290;0.294;0.298;0.302;0.306;0.306;0.310;0.310;0.314;0.318;0.325;0.333;0.333;0.333;0.333;0.337;0.337;0.337;0.341;0.341;0.345;0.345;0.349;0.349;0.353;0.357;0.361;0.369;0.376;0.380;0.384;0.388;0.388;0.392;0.400;0.416;0.424;0.439;0.463;0.471;0.475;0.475;0.471;0.459;0.451;0.447;0.451;0.455;0.455;0.459;0.463;0.467;0.471;0.475;0.478;0.478;0.486;0.490;0.494;0.498;0.498;0.502;0.502;0.506;0.506;0.510;0.514;0.514;0.518;0.522;0.522;0.525;0.529;0.533;0.537;0.541;0.545;0.553;0.561;0.569;0.573;0.584;0.588;0.592;0.596;0.600;0.604;0.608;0.612;0.616;0.620;0.627;0.635;0.635;0.631;0.631;0.631;0.631;0.635;0.635;0.635;0.639;0.639;0.643;0.651;0.647;0.647;0.647;0.651;0.651;0.655;0.663;0.667;0.671;0.667;0.671;0.671;0.675;0.675;0.675;
0.200;0.204;0.220;0.231;0.231;0.243;0.255;0.239;0.235;0.239;0.239;0.243;0.247;0.255;0.255;0.247;0.251;0.255;0.267;0.275;0.286;0.298;0.294;0.282;0.278;0.282;0.282;0.282;0.286;0.290;0.294;0.302;0.302;0.302;0.302;0.302;0.294;0.302;0.306;0.306;0.306;0.306;0.306;0.310;0.306;0.310;0.310;0.310;0.310;0.310;0.310;0.310;0.318;0.322;0.329;0.329;0.302;0.290;0.286;0.286;0.286;0.282;0.282;0.278;0.278;0.275;0.275;0.271;0.267;0.267;0.263;0.259;0.259;0.255;0.251;0.251;0.247;0.239;0.235;0.231;0.227;0.227;0.231;0.243;0.247;0.251;0.259;0.267;0.275;0.278;0.282;0.282;0.290;0.290;0.294;0.298;0.302;0.302;0.310;0.314;0.318;0.329;0.333;0.333;0.333;0.333;0.333;0.337;0.337;0.341;0.341;0.341;0.345;0.349;0.349;0.353;0.357;0.361;0.361;0.373;0.384;0.388;0.392;0.396;0.404;0.408;0.408;0.412;0.424;0.431;0.435;0.447;0.471;0.475;0.475;0.475;0.475;0.478;0.478;0.478;0.478;0.482;0.482;0.482;0.486;0.486;0.490;0.490;0.490;0.494;0.494;0.494;0.498;0.498;0.502;0.502;0.506;0.510;0.514;0.522;0.522;0.525;0.525;0.529;0.537;0.541;0.549;0.557;0.561;0.565;0.576;0.584;0.592;0.600;0.608;0.616;0.620;0.627;0.635;0.643;0.651;0.659;0.663;0.671;0.675;0.675;0.675;0.678;0.682;0.678;0.686;0.690;0.686;0.682;0.675;0.678;0.678;0.686;0.690;0.698;0.698;0.698;0.698;0.698;0.698;0.706;0.714;0.710;0.710;0.706;0.702;0.710;0.710;0.710;
0.200;0.204;0.220;0.231;0.231;0.243;0.255;0.239;0.235;0.239;0.239;0.243;0.247;0.255;0.255;0.247;0.251;0.255;0.267;0.275;0.286;0.298;0.294;0.282;0.278;0.282;0.282;0.282;0.286;0.290;0.294;0.302;0.302;0.302;0.302;0.302;0.294;0.302;0.306;0.306;0.306;0.306;0.306;0.310;0.306;0.310;0.310;0.310;0.310;0.310;0.310;0.310;0.318;0.322;0.329;0.329;0.302;0.290;0.286;0.286;0.286;0.282;0.282;0.278;0.278;0.275;0.275;0.271;0.267;0.267;0.263;0.259;0.259;0.255;0.251;0.251;0.247;0.239;0.235;0.231;0.227;0.227;0.231;0.243;0.247;0.251;0.259;0.267;0.275;0.278;0.282;0.282;0.290;0.290;0.294;0.298;0.302;0.302;0.310;0.314;0.318;0.329;0.333;0.333;0.333;0.333;0.333;0.337;0.337;0.341;0.341;0.341;0.345;0.349;0.349;0.353;0.357;0.361;0.361;0.373;0.384;0.388;0.392;0.396;0.404;0.408;0.408;0.412;0.424;0.431;0.435;0.447;0.471;0.475;0.475;0.475;0.475;0.478;0.478;0.478;0.478;0.482;0.482;0.482;0.486;0.486;0.490;0.490;0.490;0.494;0.494;0.494;0.498;0.498;0.502;0.502;0.506;0.510;0.514;0.522;0.522;0.525;0.525;0.529;0.537;0.541;0.549;0.557;0.561;0.565;0.576;0.584;0.592;0.600;0.608;0.616;0.620;0.627;0.635;0.643;0.651;0.659;0.663;0.671;0.675;0.675;0.675;0.678;0.682;0.678;0.686;0.690;0.686;0.682;0.675;0.678;0.678;0.686;0.690;0.698;0.698;0.698;0.698;0.698;0.698;0.706;0.714;0.710;0.710;0.706;0.702;0.710;0.710;0.710;
0.208;0.227;0.231;0.235;0.239;0.243;0.243;0.247;0.251;0.259;0.259;0.259;0.263;0.275;0.278;0.278;0.282;0.282;0.282;0.286;0.290;0.298;0.302;0.298;0.294;0.302;0.306;0.306;0.310;0.310;0.314;0.314;0.306;0.310;0.318;0.314;0.314;0.314;0.314;0.314;0.314;0.314;0.318;0.318;0.318;0.318;0.318;0.318;0.318;0.318;0.318;0.318;0.318;0.314;0.314;0.314;0.310;0.306;0.306;0.302;0.298;0.294;0.294;0.290;0.286;0.282;0.282;0.278;0.278;0.275;0.275;0.271;0.267;0.267;0.263;0.259;0.255;0.255;0.251;0.243;0.239;0.235;0.231;0.231;0.247;0.255;0.263;0.267;0.275;0.282;0.286;0.286;0.290;0.294;0.294;0.298;0.306;0.322;0.329;0.329;0.329;0.333;0.333;0.333;0.333;0.337;0.337;0.341;0.341;0.345;0.345;0.349;0.349;0.353;0.357;0.361;0.365;0.373;0.380;0.388;0.392;0.400;0.408;0.412;0.412;0.420;0.424;0.431;0.439;0.447;0.459;0.467;0.471;0.471;0.475;0.475;0.478;0.478;0.482;0.482;0.482;0.482;0.482;0.482;0.482;0.486;0.486;0.490;0.494;0.494;0.498;0.502;0.506;0.510;0.514;0.518;0.525;0.529;0.533;0.537;0.545;0.549;0.553;0.557;0.569;0.573;0.576;0.584;0.596;0.608;0.620;0.627;0.643;0.655;0.659;0.667;0.675;0.686;0.686;0.686;0.702;0.710;0.725;0.729;0.733;0.737;0.733;0.733;0.741;0.741;0.745;0.733;0.729;0.733;0.733;0.745;0.741;0.741;0.749;0.753;0.753;0.745;0.749;0.749;0.757;0.761;0.757;0.757;0.757;0.757;0.757;0.757;0.757;0.765;
0.208;0.227;0.231;0.235;0.239;0.243;0.243;0.247;0.251;0.259;0.259;0.259;0.263;0.275;0.278;0.278;0.282;0.282;0.282;0.286;0.290;0.298;0.302;0.298;0.294;0.302;0.306;0.306;0.310;0.310;0.314;0.314;0.306;0.310;0.318;0.314;0.314;0.314;0.314;0.314;0.314;0.314;0.318;0.318;0.318;0.318;0.318;0.318;0.318;0.318;0.318;0.318;0.318;0.314;0.314;0.314;0.310;0.306;0.306;0.302;0.298;0.294;0.294;0.290;0.286;0.282;0.282;0.278;0.278;0.275;0.275;0.271;0.267;0.267;0.263;0.259;0.255;0.255;0.251;0.243;0.239;0.235;0.231;0.231;0.247;0.255;0.263;0.267;0.275;0.282;0.286;0.286;0.290;0.294;0.294;0.298;0.306;0.322;0.329;0.329;0.329;0.333;0.333;0.333;0.333;0.337;0.337;0.341;0.341;0.345;0.345;0.349;0.349;0.353;0.357;0.361;0.365;0.373;0.380;0.388;0.392;0.400;0.408;0.412;0.412;0.420;0.424;0.431;0.439;0.447;0.459;0.467;0.471;0.471;0.475;0.475;0.478;0.478;0.482;0.482;0.482;0.482;0.482;0.482;0.482;0.486;0.486;0.490;0.494;0.494;0.498;0.502;0.506;0.510;0.514;0.518;0.525;0.529;0.533;0.537;0.545;0.549;0.553;0.557;0.569;0.573;0.576;0.584;0.596;0.608;0.620;0.627;0.643;0.655;0.659;0.667;0.675;0.686;0.686;0.686;0.702;0.710;0.725;0.729;0.733;0.737;0.733;0.733;0.741;0.741;0.745;0.733;0.729;0.733;0.733;0.745;0.741;0.741;0.749;0.753;0.753;0.745;0.749;0.749;0.757;0.761;0.757;0.757;0.757;0.757;0.757;0.757;0.757;0.765;
0.247;0.239;0.239;0.243;0.247;0.255;0.255;0.259;0.259;0.263;0.263;0.267;0.278;0.290;0.294;0.298;0.294;0.298;0.302;0.302;0.310;0.314;0.314;0.318;0.322;0.329;0.333;0.333;0.329;0.329;0.329;0.329;0.329;0.325;0.325;0.325;0.322;0.322;0.322;0.322;0.322;0.322;0.322;0.322;0.325;0.322;0.325;0.325;0.325;0.325;0.329;0.329;0.329;0.325;0.337;0.337;0.333;0.318;0.318;0.314;0.310;0.306;0.302;0.302;0.302;0.298;0.294;0.294;0.290;0.290;0.286;0.282;0.278;0.275;0.275;0.271;0.271;0.267;0.263;0.263;0.259;0.251;0.247;0.243;0.239;0.263;0.267;0.271;0.278;0.286;0.286;0.290;0.290;0.294;0.310;0.318;0.322;0.325;0.329;0.333;0.333;0.337;0.337;0.337;0.341;0.341;0.345;0.349;0.353;0.357;0.357;0.361;0.365;0.369;0.373;0.373;0.376;0.384;0.392;0.400;0.408;0.412;0.416;0.420;0.427;0.435;0.447;0.455;0.459;0.463;0.467;0.471;0.478;0.478;0.482;0.486;0.486;0.486;0.490;0.490;0.494;0.494;0.494;0.494;0.498;0.502;0.502;0.506;0.510;0.518;0.522;0.529;0.529;0.533;0.541;0.549;0.553;0.557;0.561;0.573;0.580;0.592;0.604;0.612;0.627;0.635;0.643;0.655;0.663;0.671;0.678;0.686;0.706;0.718;0.718;0.722;0.722;0.725;0.725;0.729;0.733;0.733;0.733;0.737;0.737;0.741;0.745;0.745;0.749;0.749;0.749;0.753;0.753;0.757;0.757;0.761;0.765;0.765;0.765;0.765;0.769;0.769;0.769;0.769;0.773;0.773;0.773;0.776;0.776;0.776;0.776;0.780;0.780;0.780;
0.247;0.239;0.239;0.243;0.247;0.255;0.255;0.259;0.259;0.263;0.263;0.267;0.278;0.290;0.294;0.298;0.294;0.298;0.302;0.302;0.310;0.314;0.314;0.318;0.322;0.329;0.333;0.333;0.329;0.329;0.329;0.329;0.329;0.325;0.325;0.325;0.322;0.322;0.322;0.322;0.322;0.322;0.322;0.322;0.325;0.322;0.325;0.325;0.325;0.325;0.329;0.329;0.329;0.325;0.337;0.337;0.333;0.318;0.318;0.314;0.310;0.306;0.302;0.302;0.302;0.298;0.294;0.294;0.290;0.290;0.286;0.282;0.278;0.275;0.275;0.271;0.271;0.267;0.263;0.263;0.259;0.251;0.247;0.243;0.239;0.263;0.267;0.271;0.278;0.286;0.286;0.290;0.290;0.294;0.310;0.318;0.322;0.325;0.329;0.333;0.333;0.337;0.337;0.337;0.341;0.341;0.345;0.349;0.353;0.357;0.357;0.361;0.365;0.369;0.373;0.373;0.376;0.384;0.392;0.400;0.408;0.412;0.416;0.420;0.427;0.435;0.447;0.455;0.459;0.463;0.467;0.471;0.478;0.478;0.482;0.486;0.486;0.486;0.490;0.490;0.494;0.494;0.494;0.494;0.498;0.502;0.502;0.506;0.510;0.518;0.522;0.529;0.529;0.533;0.541;0.549;0.553;0.557;0.561;0.573;0.580;0.592;0.604;0.612;0.627;0.635;0.643;0.655;0.663;0.671;0.678;0.686;0.706;0.718;0.718;0.722;0.722;0.725;0.725;0.729;0.733;0.733;0.733;0.737;0.737;0.741;0.745;0.745;0.749;0.749;0.749;0.753;0.753;0.757;0.757;0.761;0.765;0.765;0.765;0.765;0.769;0.769;0.769;0.769;0.773;0.773;0.773;0.776;0.776;0.776;0.776;0.780;0.780;0.780;
0.282;0.267;0.259;0.259;0.259;0.259;0.259;0.263;0.275;0.275;0.278;0.306;0.298;0.306;0.310;0.314;0.318;0.333;0.333;0.337;0.337;0.341;0.341;0.341;0.341;0.341;0.345;0.353;0.357;0.353;0.353;0.357;0.357;0.349;0.337;0.345;0.341;0.353;0.345;0.357;0.357;0.353;0.353;0.357;0.361;0.361;0.361;0.365;0.365;0.361;0.361;0.361;0.361;0.353;0.345;0.341;0.337;0.337;0.333;0.329;0.329;0.322;0.318;0.310;0.314;0.306;0.306;0.298;0.298;0.294;0.294;0.290;0.290;0.286;0.282;0.282;0.282;0.278;0.275;0.275;0.271;0.267;0.263;0.259;0.255;0.255;0.267;0.271;0.278;0.282;0.286;0.286;0.290;0.294;0.306;0.318;0.322;0.329;0.333;0.337;0.337;0.341;0.341;0.345;0.345;0.349;0.353;0.357;0.361;0.365;0.369;0.373;0.376;0.376;0.380;0.384;0.388;0.396;0.404;0.412;0.416;0.420;0.424;0.431;0.447;0.451;0.459;0.471;0.478;0.486;0.490;0.498;0.502;0.506;0.510;0.510;0.518;0.522;0.522;0.522;0.522;0.522;0.525;0.529;0.533;0.533;0.537;0.545;0.553;0.557;0.565;0.576;0.588;0.600;0.612;0.620;0.627;0.627;0.643;0.647;0.655;0.655;0.667;0.686;0.690;0.698;0.702;0.706;0.706;0.710;0.714;0.714;0.718;0.722;0.722;0.725;0.729;0.729;0.733;0.737;0.741;0.741;0.745;0.749;0.749;0.753;0.757;0.757;0.761;0.761;0.765;0.765;0.769;0.769;0.773;0.773;0.773;0.776;0.776;0.776;0.780;0.780;0.780;0.780;0.784;0.784;0.784;0.784;0.788;0.788;0.788;0.788;0.788;0.788;
0.282;0.267;0.259;0.259;0.259;0.259;0.259;0.263;0.275;0.275;0.278;0.306;0.298;0.306;0.310;0.314;0.318;0.333;0.333;0.337;0.337;0.341;0.341;0.341;0.341;0.341;0.345;0.353;0.357;0.353;0.353;0.357;0.357;0.349;0.337;0.345;0.341;0.353;0.345;0.357;0.357;0.353;0.353;0.357;0.361;0.361;0.361;0.365;0.365;0.361;0.361;0.361;0.361;0.353;0.345;0.341;0.337;0.337;0.333;0.329;0.329;0.322;0.318;0.310;0.314;0.306;0.306;0.298;0.298;0.294;0.294;0.290;0.290;0.286;0.282;0.282;0.282;0.278;0.275;0.275;0.271;0.267;0.263;0.259;0.255;0.255;0.267;0.271;0.278;0.282;0.286;0.286;0.290;0.294;0.306;0.318;0.322;0.329;0.333;0.337;0.337;0.341;0.341;0.345;0.345;0.349;0.353;0.357;0.361;0.365;0.369;0.373;0.376;0.376;0.380;0.384;0.388;0.396;0.404;0.412;0.416;0.420;0.424;0.431;0.447;0.451;0.459;0.471;0.478;0.486;0.490;0.498;0.502;0.506;0.510;0.510;0.518;0.522;0.522;0.522;0.522;0.522;0.525;0.529;0.533;0.533;0.537;0.545;0.553;0.557;0.565;0.576;0.588;0.600;0.612;0.620;0.627;0.627;0.643;0.647;0.655;0.655;0.667;0.686;0.690;0.698;0.702;0.706;0.706;0.710;0.714;0.714;0.718;0.722;0.722;0.725;0.729;0.729;0.733;0.737;0.741;0.741;0.745;0.749;0.749;0.753;0.757;0.757;0.761;0.761;0.765;0.765;0.769;0.769;0.773;0.773;0.773;0.776;0.776;0.776;0.780;0.780;0.780;0.780;0.784;0.784;0.784;0.784;0.788;0.788;0.788;0.788;0.788;0.788;
0.290;0.275;0.263;0.259;0.263;0.267;0.271;0.278;0.286;0.298;0.306;0.318;0.322;0.329;0.333;0.341;0.345;0.345;0.345;0.345;0.345;0.349;0.349;0.345;0.349;0.357;0.365;0.373;0.376;0.380;0.380;0.376;0.376;0.373;0.369;0.369;0.365;0.365;0.365;0.365;0.365;0.365;0.365;0.369;0.373;0.373;0.376;0.380;0.384;0.380;0.376;0.376;0.376;0.376;0.373;0.369;0.365;0.353;0.345;0.341;0.341;0.337;0.333;0.329;0.325;0.322;0.314;0.306;0.294;0.298;0.302;0.302;0.298;0.294;0.294;0.290;0.290;0.286;0.286;0.282;0.278;0.278;0.275;0.271;0.267;0.263;0.259;0.278;0.282;0.286;0.290;0.294;0.298;0.302;0.310;0.318;0.325;0.329;0.337;0.341;0.345;0.349;0.353;0.353;0.357;0.361;0.365;0.369;0.373;0.380;0.384;0.388;0.392;0.396;0.400;0.404;0.408;0.412;0.420;0.424;0.427;0.435;0.439;0.447;0.463;0.471;0.478;0.486;0.494;0.506;0.514;0.525;0.537;0.541;0.549;0.553;0.549;0.557;0.565;0.569;0.573;0.580;0.588;0.596;0.600;0.608;0.612;0.620;0.624;0.620;0.612;0.635;0.647;0.651;0.663;0.678;0.678;0.678;0.686;0.690;0.694;0.694;0.698;0.702;0.706;0.706;0.710;0.710;0.714;0.718;0.722;0.725;0.725;0.729;0.733;0.737;0.737;0.741;0.745;0.749;0.753;0.757;0.757;0.761;0.765;0.769;0.769;0.773;0.776;0.776;0.780;0.780;0.784;0.784;0.788;0.788;0.788;0.792;0.792;0.792;0.796;0.796;0.796;0.800;0.800;0.800;0.800;0.800;0.800;0.800;0.804;0.804;0.804;0.804;
0.290;0.275;0.263;0.259;0.263;0.267;0.271;0.278;0.286;0.298;0.306;0.318;0.322;0.329;0.333;0.341;0.345;0.345;0.345;0.345;0.345;0.349;0.349;0.345;0.349;0.357;0.365;0.373;0.376;0.380;0.380;0.376;0.376;0.373;0.369;0.369;0.365;0.365;0.365;0.365;0.365;0.365;0.365;0.369;0.373;0.373;0.376;0.380;0.384;0.380;0.376;0.376;0.376;0.376;0.373;0.369;0.365;0.353;0.345;0.341;0.341;0.337;0.333;0.329;0.325;0.322;0.314;0.306;0.294;0.298;0.302;0.302;0.298;0.294;0.294;0.290;0.290;0.286;0.286;0.282;0.278;0.278;0.275;0.271;0.267;0.263;0.259;0.278;0.282;0.286;0.290;0.294;0.298;0.302;0.310;0.318;0.325;0.329;0.337;0.341;0.345;0.349;0.353;0.353;0.357;0.361;0.365;0.369;0.373;0.380;0.384;0.388;0.392;0.396;0.400;0.404;0.408;0.412;0.420;0.424;0.427;0.435;0.439;0.447;0.463;0.471;0.478;0.486;0.494;0.506;0.514;0.525;0.537;0.541;0.549;0.553;0.549;0.557;0.565;0.569;0.573;0.580;0.588;0.596;0.600;0.608;0.612;0.620;0.624;0.620;0.612;0.635;0.647;0.651;0.663;0.678;0.678;0.678;0.686;0.690;0.694;0.694;0.698;0.702;0.706;0.706;0.710;0.710;0.714;0.718;0.722;0.725;0.725;0.729;0.733;0.737;0.737;0.741;0.745;0.749;0.753;0.757;0.757;0.761;0.765;0.769;0.769;0.773;0.776;0.776;0.780;0.780;0.784;0.784;0.788;0.788;0.788;0.792;0.792;0.792;0.796;0.796;0.796;0.800;0.800;0.800;0.800;0.800;0.800;0.800;0.804;0.804;0.804;0.804;
0.263;0.251;0.263;0.267;0.278;0.290;0.294;0.302;0.306;0.314;0.318;0.322;0.325;0.333;0.337;0.353;0.349;0.349;0.353;0.353;0.349;0.357;0.361;0.373;0.384;0.388;0.388;0.384;0.384;0.384;0.380;0.380;0.380;0.376;0.376;0.376;0.373;0.373;0.373;0.373;0.373;0.373;0.376;0.380;0.392;0.396;0.404;0.408;0.416;0.416;0.412;0.412;0.412;0.416;0.408;0.392;0.380;0.376;0.373;0.361;0.349;0.341;0.337;0.337;0.337;0.337;0.337;0.333;0.329;0.318;0.318;0.318;0.310;0.306;0.302;0.298;0.298;0.298;0.294;0.290;0.282;0.282;0.278;0.275;0.275;0.271;0.271;0.282;0.286;0.294;0.302;0.306;0.310;0.318;0.325;0.329;0.333;0.337;0.341;0.345;0.349;0.353;0.357;0.357;0.361;0.365;0.369;0.373;0.376;0.380;0.384;0.388;0.392;0.396;0.400;0.404;0.412;0.416;0.420;0.424;0.431;0.435;0.455;0.463;0.471;0.482;0.498;0.510;0.525;0.537;0.561;0.576;0.584;0.588;0.592;0.604;0.624;0.624;0.624;0.627;0.631;0.635;0.639;0.643;0.643;0.647;0.651;0.655;0.655;0.659;0.663;0.667;0.671;0.675;0.678;0.682;0.686;0.690;0.694;0.698;0.702;0.706;0.710;0.710;0.714;0.718;0.722;0.725;0.725;0.729;0.733;0.737;0.737;0.741;0.745;0.749;0.753;0.753;0.757;0.761;0.765;0.765;0.769;0.773;0.776;0.780;0.780;0.788;0.788;0.788;0.792;0.796;0.796;0.800;0.800;0.804;0.816;0.808;0.808;0.808;0.812;0.812;0.812;0.816;0.816;0.816;0.816;0.816;0.820;0.820;0.820;0.820;0.820;0.816;
0.263;0.251;0.263;0.267;0.278;0.290;0.294;0.302;0.306;0.314;0.318;0.322;0.325;0.333;0.337;0.353;0.349;0.349;0.353;0.353;0.349;0.357;0.361;0.373;0.384;0.388;0.388;0.384;0.384;0.384;0.380;0.380;0.380;0.376;0.376;0.376;0.373;0.373;0.373;0.373;0.373;0.373;0.376;0.380;0.392;0.396;0.404;0.408;0.416;0.416;0.412;0.412;0.412;0.416;0.408;0.392;0.380;0.376;0.373;0.361;0.349;0.341;0.337;0.337;0.337;0.337;0.337;0.333;0.329;0.318;0.318;0.318;0.310;0.306;0.302;0.298;0.298;0.298;0.294;0.290;0.282;0.282;0.278;0.275;0.275;0.271;0.271;0.282;0.286;0.294;0.302;0.306;0.310;0.318;0.325;0.329;0.333;0.337;0.341;0.345;0.349;0.353;0.357;0.357;0.361;0.365;0.369;0.373;0.376;0.380;0.384;0.388;0.392;0.396;0.400;0.404;0.412;0.416;0.420;0.424;0.431;0.435;0.455;0.463;0.471;0.482;0.498;0.510;0.525;0.537;0.561;0.576;0.584;0.588;0.592;0.604;0.624;0.624;0.624;0.627;0.631;0.635;0.639;0.643;0.643;0.647;0.651;0.655;0.655;0.659;0.663;0.667;0.671;0.675;0.678;0.682;0.686;0.690;0.694;0.698;0.702;0.706;0.710;0.710;0.714;0.718;0.722;0.725;0.725;0.729;0.733;0.737;0.737;0.741;0.745;0.749;0.753;0.753;0.757;0.761;0.765;0.765;0.769;0.773;0.776;0.780;0.780;0.788;0.788;0.788;0.792;0.796;0.796;0.800;0.800;0.804;0.816;0.808;0.808;0.808;0.812;0.812;0.812;0.816;0.816;0.816;0.816;0.816;0.820;0.820;0.820;0.820;0.820;0.816;
0.251;0.267;0.275;0.278;0.282;0.298;0.298;0.306;0.306;0.310;0.318;0.329;0.333;0.337;0.353;0.353;0.357;0.361;0.369;0.380;0.384;0.388;0.388;0.388;0.388;0.388;0.388;0.388;0.388;0.388;0.388;0.388;0.388;0.388;0.388;0.388;0.384;0.384;0.384;0.384;0.392;0.408;0.416;0.420;0.424;0.427;0.435;0.435;0.443;0.443;0.443;0.439;0.435;0.431;0.427;0.416;0.404;0.392;0.384;0.380;0.376;0.369;0.353;0.345;0.337;0.337;0.337;0.337;0.337;0.337;0.337;0.337;0.337;0.333;0.329;0.322;0.314;0.310;0.310;0.306;0.302;0.294;0.294;0.290;0.290;0.286;0.286;0.290;0.294;0.306;0.306;0.310;0.314;0.318;0.322;0.329;0.333;0.337;0.341;0.345;0.349;0.353;0.357;0.361;0.365;0.369;0.373;0.376;0.380;0.384;0.392;0.392;0.396;0.400;0.404;0.408;0.416;0.420;0.427;0.431;0.439;0.459;0.467;0.475;0.490;0.502;0.522;0.541;0.565;0.573;0.576;0.584;0.596;0.600;0.608;0.612;0.624;0.624;0.624;0.627;0.631;0.635;0.635;0.639;0.643;0.647;0.651;0.655;0.655;0.663;0.667;0.671;0.675;0.678;0.682;0.686;0.694;0.698;0.702;0.706;0.710;0.714;0.722;0.725;0.725;0.729;0.733;0.737;0.737;0.741;0.745;0.745;0.749;0.753;0.753;0.757;0.761;0.765;0.769;0.780;0.784;0.784;0.788;0.788;0.792;0.796;0.804;0.800;0.808;0.812;0.816;0.820;0.820;0.824;0.824;0.827;0.827;0.831;0.831;0.831;0.835;0.835;0.835;0.835;0.835;0.835;0.839;0.839;0.839;0.839;0.839;0.839;0.839;0.839;
0.251;0.267;0.275;0.278;0.282;0.298;0.298;0.306;0.306;0.310;0.318;0.329;0.333;0.337;0.353;0.353;0.357;0.361;0.369;0.380;0.384;0.388;0.388;0.388;0.388;0.388;0.388;0.388;0.388;0.388;0.388;0.388;0.388;0.388;0.388;0.388;0.384;0.384;0.384;0.384;0.392;0.408;0.416;0.420;0.424;0.427;0.435;0.435;0.443;0.443;0.443;0.439;0.435;0.431;0.427;0.416;0.404;0.392;0.384;0.380;0.376;0.369;0.353;0.345;0.337;0.337;0.337;0.337;0.337;0.337;0.337;0.337;0.337;0.333;0.329;0.322;0.314;0.310;0.310;0.306;0.302;0.294;0.294;0.290;0.290;0.286;0.286;0.290;0.294;0.306;0.306;0.310;0.314;0.318;0.322;0.329;0.333;0.337;0.341;0.345;0.349;0.353;0.357;0.361;0.365;0.369;0.373;0.376;0.380;0.384;0.392;0.392;0.396;0.400;0.404;0.408;0.416;0.420;0.427;0.431;0.439;0.459;0.467;0.475;0.490;0.502;0.522;0.541;0.565;0.573;0.576;0.584;0.596;0.600;0.608;0.612;0.624;0.624;0.624;0.627;0.631;0.635;0.635;0.639;0.643;0.647;0.651;0.655;0.655;0.663;0.667;0.671;0.675;0.678;0.682;0.686;0.694;0.698;0.702;0.706;0.710;0.714;0.722;0.725;0.725;0.729;0.733;0.737;0.737;0.741;0.745;0.745;0.749;0.753;0.753;0.757;0.761;0.765;0.769;0.780;0.784;0.784;0.788;0.788;0.792;0.796;0.804;0.800;0.808;0.812;0.816;0.820;0.820;0.824;0.824;0.827;0.827;0.831;0.831;0.831;0.835;0.835;0.835;0.835;0.835;0.835;0.839;0.839;0.839;0.839;0.839;0.839;0.839;0.839;
0.275;0.286;0.286;0.286;0.294;0.290;0.298;0.302;0.302;0.329;0.329;0.329;0.329;0.333;0.341;0.349;0.361;0.373;0.380;0.388;0.388;0.388;0.388;0.388;0.388;0.392;0.392;0.392;0.392;0.392;0.396;0.396;0.396;0.396;0.400;0.400;0.400;0.400;0.404;0.424;0.431;0.435;0.439;0.447;0.455;0.463;0.467;0.471;0.471;0.471;0.471;0.475;0.463;0.455;0.447;0.435;0.424;0.416;0.404;0.396;0.388;0.384;0.384;0.376;0.357;0.353;0.349;0.345;0.337;0.337;0.337;0.337;0.337;0.333;0.333;0.329;0.329;0.329;0.329;0.322;0.322;0.318;0.314;0.314;0.310;0.306;0.306;0.302;0.290;0.290;0.310;0.310;0.314;0.318;0.325;0.329;0.337;0.341;0.345;0.349;0.349;0.357;0.361;0.361;0.365;0.369;0.376;0.380;0.388;0.392;0.396;0.396;0.400;0.408;0.412;0.416;0.420;0.427;0.431;0.439;0.455;0.467;0.475;0.498;0.514;0.533;0.557;0.565;0.569;0.573;0.580;0.596;0.600;0.604;0.608;0.612;0.620;0.624;0.627;0.627;0.631;0.631;0.635;0.639;0.643;0.647;0.651;0.655;0.659;0.663;0.667;0.671;0.675;0.682;0.686;0.694;0.698;0.706;0.710;0.714;0.718;0.722;0.725;0.729;0.733;0.733;0.737;0.741;0.745;0.745;0.749;0.757;0.765;0.765;0.769;0.773;0.776;0.776;0.780;0.784;0.788;0.788;0.792;0.796;0.800;0.804;0.812;0.816;0.820;0.820;0.824;0.824;0.827;0.827;0.831;0.831;0.835;0.835;0.835;0.839;0.839;0.839;0.843;0.843;0.843;0.843;0.847;0.847;0.847;0.847;0.847;0.847;0.847;0.847;
0.275;0.286;0.286;0.286;0.294;0.290;0.298;0.302;0.302;0.329;0.329;0.329;0.329;0.333;0.341;0.349;0.361;0.373;0.380;0.388;0.388;0.388;0.388;0.388;0.388;0.392;0.392;0.392;0.392;0.392;0.396;0.396;0.396;0.396;0.400;0.400;0.400;0.400;0.404;0.424;0.431;0.435;0.439;0.447;0.455;0.463;0.467;0.471;0.471;0.471;0.471;0.475;0.463;0.455;0.447;0.435;0.424;0.416;0.404;0.396;0.388;0.384;0.384;0.376;0.357;0.353;0.349;0.345;0.337;0.337;0.337;0.337;0.337;0.333;0.333;0.329;0.329;0.329;0.329;0.322;0.322;0.318;0.314;0.314;0.310;0.306;0.306;0.302;0.290;0.290;0.310;0.310;0.314;0.318;0.325;0.329;0.337;0.341;0.345;0.349;0.349;0.357;0.361;0.361;0.365;0.369;0.376;0.380;0.388;0.392;0.396;0.396;0.400;0.408;0.412;0.416;0.420;0.427;0.431;0.439;0.455;0.467;0.475;0.498;0.514;0.533;0.557;0.565;0.569;0.573;0.580;0.596;0.600;0.604;0.608;0.612;0.620;0.624;0.627;0.627;0.631;0.631;0.635;0.639;0.643;0.647;0.651;0.655;0.659;0.663;0.667;0.671;0.675;0.682;0.686;0.694;0.698;0.706;0.710;0.714;0.718;0.722;0.725;0.729;0.733;0.733;0.737;0.741;0.745;0.745;0.749;0.757;0.765;0.765;0.769;0.773;0.776;0.776;0.780;0.784;0.788;0.788;0.792;0.796;0.800;0.804;0.812;0.816;0.820;0.820;0.824;0.824;0.827;0.827;0.831;0.831;0.835;0.835;0.835;0.839;0.839;0.839;0.843;0.843;0.843;0.843;0.847;0.847;0.847;0.847;0.847;0.847;0.847;0.847;
0.286;0.286;0.286;0.290;0.294;0.294;0.306;0.318;0.318;0.322;0.333;0.333;0.333;0.337;0.341;0.345;0.361;0.384;0.384;0.388;0.388;0.392;0.392;0.392;0.396;0.396;0.396;0.400;0.400;0.400;0.404;0.404;0.408;0.408;0.412;0.412;0.416;0.424;0.443;0.451;0.455;0.463;0.471;0.475;0.482;0.486;0.486;0.490;0.490;0.490;0.490;0.490;0.486;0.475;0.467;0.459;0.447;0.439;0.427;0.420;0.408;0.400;0.396;0.392;0.392;0.388;0.369;0.361;0.353;0.353;0.353;0.345;0.337;0.337;0.333;0.333;0.333;0.333;0.329;0.325;0.322;0.322;0.318;0.314;0.310;0.306;0.306;0.306;0.306;0.298;0.310;0.314;0.314;0.322;0.325;0.329;0.337;0.341;0.345;0.349;0.353;0.357;0.361;0.365;0.369;0.373;0.376;0.384;0.388;0.396;0.396;0.400;0.404;0.412;0.416;0.420;0.424;0.431;0.431;0.447;0.467;0.478;0.494;0.518;0.545;0.553;0.557;0.561;0.569;0.573;0.576;0.592;0.600;0.604;0.604;0.608;0.612;0.616;0.624;0.627;0.631;0.631;0.635;0.635;0.639;0.643;0.647;0.651;0.655;0.659;0.663;0.671;0.675;0.678;0.686;0.690;0.698;0.702;0.710;0.714;0.718;0.722;0.725;0.733;0.737;0.737;0.741;0.745;0.749;0.749;0.757;0.761;0.765;0.769;0.773;0.773;0.776;0.780;0.784;0.788;0.792;0.796;0.796;0.800;0.804;0.808;0.816;0.827;0.827;0.827;0.831;0.831;0.835;0.839;0.839;0.843;0.843;0.847;0.847;0.851;0.855;0.859;0.859;0.863;0.859;0.859;0.859;0.859;0.859;0.859;0.859;0.859;0.859;0.859;
0.286;0.286;0.286;0.290;0.294;0.294;0.306;0.318;0.318;0.322;0.333;0.333;0.333;0.337;0.341;0.345;0.361;0.384;0.384;0.388;0.388;0.392;0.392;0.392;0.396;0.396;0.396;0.400;0.400;0.400;0.404;0.404;0.408;0.408;0.412;0.412;0.416;0.424;0.443;0.451;0.455;0.463;0.471;0.475;0.482;0.486;0.486;0.490;0.490;0.490;0.490;0.490;0.486;0.475;0.467;0.459;0.447;0.439;0.427;0.420;0.408;0.400;0.396;0.392;0.392;0.388;0.369;0.361;0.353;0.353;0.353;0.345;0.337;0.337;0.333;0.333;0.333;0.333;0.329;0.325;0.322;0.322;0.318;0.314;0.310;0.306;0.306;0.306;0.306;0.298;0.310;0.314;0.314;0.322;0.325;0.329;0.337;0.341;0.345;0.349;0.353;0.357;0.361;0.365;0.369;0.373;0.376;0.384;0.388;0.396;0.396;0.400;0.404;0.412;0.416;0.420;0.424;0.431;0.431;0.447;0.467;0.478;0.494;0.518;0.545;0.553;0.557;0.561;0.569;0.573;0.576;0.592;0.600;0.604;0.604;0.608;0.612;0.616;0.624;0.627;0.631;0.631;0.635;0.635;0.639;0.643;0.647;0.651;0.655;0.659;0.663;0.671;0.675;0.678;0.686;0.690;0.698;0.702;0.710;0.714;0.718;0.722;0.725;0.733;0.737;0.737;0.741;0.745;0.749;0.749;0.757;0.761;0.765;0.769;0.773;0.773;0.776;0.780;0.784;0.788;0.792;0.796;0.796;0.800;0.804;0.808;0.816;0.827;0.827;0.827;0.831;0.831;0.835;0.839;0.839;0.843;0.843;0.847;0.847;0.851;0.855;0.859;0.859;0.863;0.859;0.859;0.859;0.859;0.859;0.859;0.859;0.859;0.859;0.859;
0.298;0.294;0.290;0.290;0.294;0.306;0.314;0.322;0.325;0.329;0.333;0.337;0.341;0.341;0.345;0.357;0.376;0.388;0.388;0.388;0.392;0.396;0.396;0.400;0.400;0.400;0.404;0.408;0.408;0.412;0.412;0.416;0.420;0.424;0.431;0.447;0.451;0.459;0.467;0.475;0.482;0.490;0.494;0.498;0.506;0.506;0.510;0.510;0.510;0.506;0.506;0.502;0.498;0.498;0.494;0.478;0.471;0.463;0.459;0.451;0.439;0.427;0.412;0.396;0.396;0.396;0.392;0.392;0.388;0.369;0.365;0.357;0.349;0.341;0.345;0.341;0.337;0.337;0.337;0.337;0.333;0.329;0.325;0.325;0.322;0.318;0.314;0.314;0.310;0.302;0.294;0.314;0.318;0.322;0.325;0.329;0.337;0.341;0.345;0.349;0.353;0.361;0.365;0.369;0.373;0.376;0.380;0.388;0.392;0.396;0.404;0.404;0.408;0.412;0.416;0.420;0.424;0.427;0.443;0.459;0.471;0.494;0.514;0.533;0.545;0.549;0.553;0.561;0.565;0.569;0.576;0.580;0.592;0.596;0.600;0.604;0.608;0.612;0.616;0.620;0.627;0.631;0.631;0.635;0.635;0.639;0.643;0.647;0.651;0.655;0.659;0.663;0.671;0.675;0.678;0.686;0.690;0.698;0.706;0.706;0.714;0.718;0.722;0.725;0.733;0.737;0.737;0.741;0.745;0.749;0.753;0.757;0.761;0.769;0.773;0.776;0.780;0.780;0.784;0.788;0.792;0.796;0.804;0.808;0.812;0.812;0.820;0.831;0.831;0.835;0.835;0.839;0.839;0.843;0.847;0.847;0.855;0.871;0.871;0.875;0.875;0.878;0.878;0.882;0.886;0.886;0.890;0.890;0.890;0.886;0.878;0.871;0.871;0.871;
0.298;0.294;0.290;0.290;0.294;0.306;0.314;0.322;0.325;0.329;0.333;0.337;0.341;0.341;0.345;0.357;0.376;0.388;0.388;0.388;0.392;0.396;0.396;0.400;0.400;0.400;0.404;0.408;0.408;0.412;0.412;0.416;0.420;0.424;0.431;0.447;0.451;0.459;0.467;0.475;0.482;0.490;0.494;0.498;0.506;0.506;0.510;0.510;0.510;0.506;0.506;0.502;0.498;0.498;0.494;0.478;0.471;0.463;0.459;0.451;0.439;0.427;0.412;0.396;0.396;0.396;0.392;0.392;0.388;0.369;0.365;0.357;0.349;0.341;0.345;0.341;0.337;0.337;0.337;0.337;0.333;0.329;0.325;0.325;0.322;0.318;0.314;0.314;0.310;0.302;0.294;0.314;0.318;0.322;0.325;0.329;0.337;0.341;0.345;0.349;0.353;0.361;0.365;0.369;0.373;0.376;0.380;0.388;0.392;0.396;0.404;0.404;0.408;0.412;0.416;0.420;0.424;0.427;0.443;0.459;0.471;0.494;0.514;0.533;0.545;0.549;0.553;0.561;0.565;0.569;0.576;0.580;0.592;0.596;0.600;0.604;0.608;0.612;0.616;0.620;0.627;0.631;0.631;0.635;0.635;0.639;0.643;0.647;0.651;0.655;0.659;0.663;0.671;0.675;0.678;0.686;0.690;0.698;0.706;0.706;0.714;0.718;0.722;0.725;0.733;0.737;0.737;0.741;0.745;0.749;0.753;0.757;0.761;0.769;0.773;0.776;0.780;0.780;0.784;0.788;0.792;0.796;0.804;0.808;0.812;0.812;0.820;0.831;0.831;0.835;0.835;0.839;0.839;0.843;0.847;0.847;0.855;0.871;0.871;0.875;0.875;0.878;0.878;0.882;0.886;0.886;0.890;0.890;0.890;0.886;0.878;0.871;0.871;0.871;
0.306;0.302;0.302;0.302;0.310;0.322;0.333;0.341;0.349;0.357;0.365;0.369;0.380;0.384;0.384;0.388;0.392;0.392;0.392;0.396;0.396;0.400;0.404;0.408;0.408;0.412;0.412;0.416;0.420;0.424;0.427;0.435;0.451;0.455;0.463;0.467;0.475;0.482;0.490;0.502;0.506;0.518;0.522;0.525;0.529;0.529;0.529;0.529;0.529;0.525;0.522;0.518;0.514;0.510;0.506;0.502;0.498;0.482;0.475;0.467;0.463;0.455;0.451;0.435;0.424;0.408;0.400;0.400;0.396;0.396;0.392;0.376;0.373;0.361;0.357;0.357;0.353;0.349;0.345;0.345;0.345;0.341;0.341;0.337;0.333;0.325;0.322;0.318;0.318;0.314;0.310;0.298;0.322;0.325;0.329;0.333;0.337;0.341;0.345;0.349;0.361;0.365;0.369;0.369;0.373;0.380;0.384;0.388;0.392;0.400;0.400;0.404;0.408;0.412;0.416;0.420;0.424;0.427;0.439;0.467;0.478;0.502;0.514;0.529;0.537;0.541;0.549;0.553;0.557;0.561;0.569;0.573;0.580;0.584;0.592;0.596;0.600;0.608;0.612;0.612;0.616;0.627;0.631;0.631;0.631;0.635;0.639;0.639;0.643;0.651;0.655;0.659;0.663;0.667;0.675;0.678;0.682;0.690;0.694;0.698;0.706;0.710;0.714;0.718;0.729;0.733;0.733;0.737;0.741;0.745;0.749;0.753;0.757;0.765;0.769;0.773;0.776;0.780;0.784;0.788;0.796;0.800;0.804;0.808;0.812;0.816;0.820;0.824;0.835;0.835;0.839;0.843;0.843;0.847;0.855;0.863;0.867;0.871;0.875;0.875;0.878;0.882;0.886;0.886;0.890;0.890;0.890;0.894;0.894;0.898;0.898;0.898;0.898;0.898;
0.306;0.302;0.302;0.302;0.310;0.322;0.333;0.341;0.349;0.357;0.365;0.369;0.380;0.384;0.384;0.388;0.392;0.392;0.392;0.396;0.396;0.400;0.404;0.408;0.408;0.412;0.412;0.416;0.420;0.424;0.427;0.435;0.451;0.455;0.463;0.467;0.475;0.482;0.490;0.502;0.506;0.518;0.522;0.525;0.529;0.529;0.529;0.529;0.529;0.525;0.522;0.518;0.514;0.510;0.506;0.502;0.498;0.482;0.475;0.467;0.463;0.455;0.451;0.435;0.424;0.408;0.400;0.400;0.396;0.396;0.392;0.376;0.373;0.361;0.357;0.357;0.353;0.349;0.345;0.345;0.345;0.341;0.341;0.337;0.333;0.325;0.322;0.318;0.318;0.314;0.310;0.298;0.322;0.325;0.329;0.333;0.337;0.341;0.345;0.349;0.361;0.365;0.369;0.369;0.373;0.380;0.384;0.388;0.392;0.400;0.400;0.404;0.408;0.412;0.416;0.420;0.424;0.427;0.439;0.467;0.478;0.502;0.514;0.529;0.537;0.541;0.549;0.553;0.557;0.561;0.569;0.573;0.580;0.584;0.592;0.596;0.600;0.608;0.612;0.612;0.616;0.627;0.631;0.631;0.631;0.635;0.639;0.639;0.643;0.651;0.655;0.659;0.663;0.667;0.675;0.678;0.682;0.690;0.694;0.698;0.706;0.710;0.714;0.718;0.729;0.733;0.733;0.737;0.741;0.745;0.749;0.753;0.757;0.765;0.769;0.773;0.776;0.780;0.784;0.788;0.796;0.800;0.804;0.808;0.812;0.816;0.820;0.824;0.835;0.835;0.839;0.843;0.843;0.847;0.855;0.863;0.867;0.871;0.875;0.875;0.878;0.882;0.886;0.886;0.890;0.890;0.890;0.894;0.894;0.898;0.898;0.898;0.898;0.898;
0.306;0.298;0.298;0.310;0.325;0.341;0.345;0.349;0.365;0.380;0.380;0.380;0.384;0.388;0.388;0.392;0.396;0.396;0.400;0.400;0.404;0.408;0.412;0.416;0.420;0.427;0.439;0.447;0.451;0.451;0.455;0.459;0.471;0.478;0.482;0.490;0.502;0.510;0.518;0.525;0.533;0.541;0.545;0.549;0.549;0.549;0.549;0.545;0.545;0.541;0.537;0.533;0.529;0.529;0.522;0.518;0.514;0.510;0.494;0.486;0.478;0.475;0.467;0.463;0.459;0.451;0.435;0.427;0.412;0.404;0.400;0.400;0.396;0.392;0.380;0.373;0.365;0.357;0.361;0.357;0.353;0.349;0.349;0.345;0.345;0.341;0.341;0.341;0.337;0.329;0.314;0.314;0.318;0.329;0.329;0.333;0.337;0.341;0.345;0.349;0.357;0.365;0.369;0.373;0.376;0.380;0.384;0.388;0.392;0.396;0.400;0.404;0.408;0.412;0.416;0.420;0.424;0.439;0.459;0.471;0.482;0.498;0.506;0.510;0.522;0.525;0.537;0.545;0.549;0.553;0.561;0.565;0.569;0.576;0.580;0.584;0.592;0.596;0.600;0.608;0.608;0.612;0.624;0.631;0.631;0.631;0.635;0.639;0.643;0.643;0.647;0.651;0.655;0.659;0.667;0.671;0.678;0.682;0.686;0.694;0.698;0.702;0.706;0.710;0.718;0.729;0.729;0.733;0.733;0.741;0.745;0.749;0.753;0.761;0.765;0.773;0.773;0.780;0.780;0.788;0.788;0.796;0.800;0.804;0.808;0.812;0.816;0.824;0.831;0.835;0.839;0.855;0.859;0.859;0.863;0.863;0.867;0.871;0.875;0.878;0.882;0.886;0.886;0.890;0.890;0.894;0.894;0.894;0.898;0.898;0.898;0.898;0.902;0.898;
0.306;0.298;0.298;0.310;0.325;0.341;0.345;0.349;0.365;0.380;0.380;0.380;0.384;0.388;0.388;0.392;0.396;0.396;0.400;0.400;0.404;0.408;0.412;0.416;0.420;0.427;0.439;0.447;0.451;0.451;0.455;0.459;0.471;0.478;0.482;0.490;0.502;0.510;0.518;0.525;0.533;0.541;0.545;0.549;0.549;0.549;0.549;0.545;0.545;0.541;0.537;0.533;0.529;0.529;0.522;0.518;0.514;0.510;0.494;0.486;0.478;0.475;0.467;0.463;0.459;0.451;0.435;0.427;0.412;0.404;0.400;0.400;0.396;0.392;0.380;0.373;0.365;0.357;0.361;0.357;0.353;0.349;0.349;0.345;0.345;0.341;0.341;0.341;0.337;0.329;0.314;0.314;0.318;0.329;0.329;0.333;0.337;0.341;0.345;0.349;0.357;0.365;0.369;0.373;0.376;0.380;0.384;0.388;0.392;0.396;0.400;0.404;0.408;0.412;0.416;0.420;0.424;0.439;0.459;0.471;0.482;0.498;0.506;0.510;0.522;0.525;0.537;0.545;0.549;0.553;0.561;0.565;0.569;0.576;0.580;0.584;0.592;0.596;0.600;0.608;0.608;0.612;0.624;0.631;0.631;0.631;0.635;0.639;0.643;0.643;0.647;0.651;0.655;0.659;0.667;0.671;0.678;0.682;0.686;0.694;0.698;0.702;0.706;0.710;0.718;0.729;0.729;0.733;0.733;0.741;0.745;0.749;0.753;0.761;0.765;0.773;0.773;0.780;0.780;0.788;0.788;0.796;0.800;0.804;0.808;0.812;0.816;0.824;0.831;0.835;0.839;0.855;0.859;0.859;0.863;0.863;0.867;0.871;0.875;0.878;0.882;0.886;0.886;0.890;0.890;0.894;0.894;0.894;0.898;0.898;0.898;0.898;0.902;0.898;
0.306;0.310;0.318;0.325;0.337;0.341;0.345;0.353;0.365;0.376;0.384;0.388;0.388;0.392;0.396;0.400;0.404;0.404;0.408;0.416;0.424;0.435;0.435;0.443;0.447;0.455;0.459;0.463;0.467;0.471;0.478;0.490;0.494;0.506;0.510;0.518;0.529;0.537;0.545;0.553;0.557;0.561;0.565;0.569;0.569;0.569;0.565;0.565;0.561;0.557;0.553;0.549;0.545;0.541;0.537;0.533;0.525;0.525;0.522;0.506;0.502;0.494;0.486;0.482;0.475;0.471;0.467;0.459;0.447;0.435;0.420;0.412;0.408;0.404;0.400;0.396;0.392;0.380;0.380;0.369;0.365;0.361;0.361;0.357;0.357;0.353;0.349;0.341;0.341;0.341;0.333;0.322;0.318;0.318;0.337;0.337;0.341;0.345;0.349;0.353;0.357;0.365;0.369;0.373;0.376;0.380;0.384;0.392;0.396;0.400;0.404;0.408;0.412;0.416;0.420;0.424;0.439;0.455;0.471;0.475;0.478;0.482;0.490;0.502;0.510;0.518;0.522;0.525;0.545;0.549;0.557;0.561;0.565;0.569;0.573;0.576;0.580;0.588;0.592;0.596;0.604;0.608;0.612;0.616;0.627;0.631;0.631;0.635;0.635;0.639;0.643;0.647;0.651;0.655;0.659;0.667;0.671;0.675;0.678;0.686;0.694;0.694;0.698;0.702;0.706;0.710;0.718;0.722;0.725;0.729;0.733;0.737;0.745;0.749;0.757;0.761;0.769;0.773;0.776;0.780;0.784;0.788;0.792;0.800;0.804;0.812;0.816;0.820;0.824;0.827;0.831;0.839;0.859;0.859;0.863;0.859;0.863;0.867;0.871;0.875;0.882;0.886;0.886;0.890;0.894;0.894;0.898;0.898;0.902;0.914;0.914;0.910;0.910;0.910;
0.306;0.310;0.318;0.325;0.337;0.341;0.345;0.353;0.365;0.376;0.384;0.388;0.388;0.392;0.396;0.400;0.404;0.404;0.408;0.416;0.424;0.435;0.435;0.443;0.447;0.455;0.459;0.463;0.467;0.471;0.478;0.490;0.494;0.506;0.510;0.518;0.529;0.537;0.545;0.553;0.557;0.561;0.565;0.569;0.569;0.569;0.565;0.565;0.561;0.557;0.553;0.549;0.545;0.541;0.537;0.533;0.525;0.525;0.522;0.506;0.502;0.494;0.486;0.482;0.475;0.471;0.467;0.459;0.447;0.435;0.420;0.412;0.408;0.404;0.400;0.396;0.392;0.380;0.380;0.369;0.365;0.361;0.361;0.357;0.357;0.353;0.349;0.341;0.341;0.341;0.333;0.322;0.318;0.318;0.337;0.337;0.341;0.345;0.349;0.353;0.357;0.365;0.369;0.373;0.376;0.380;0.384;0.392;0.396;0.400;0.404;0.408;0.412;0.416;0.420;0.424;0.439;0.455;0.471;0.475;0.478;0.482;0.490;0.502;0.510;0.518;0.522;0.525;0.545;0.549;0.557;0.561;0.565;0.569;0.573;0.576;0.580;0.588;0.592;0.596;0.604;0.608;0.612;0.616;0.627;0.631;0.631;0.635;0.635;0.639;0.643;0.647;0.651;0.655;0.659;0.667;0.671;0.675;0.678;0.686;0.694;0.694;0.698;0.702;0.706;0.710;0.718;0.722;0.725;0.729;0.733;0.737;0.745;0.749;0.757;0.761;0.769;0.773;0.776;0.780;0.784;0.788;0.792;0.800;0.804;0.812;0.816;0.820;0.824;0.827;0.831;0.839;0.859;0.859;0.863;0.859;0.863;0.867;0.871;0.875;0.882;0.886;0.886;0.890;0.894;0.894;0.898;0.898;0.902;0.914;0.914;0.910;0.910;0.910;
0.318;0.325;0.329;0.337;0.345;0.349;0.357;0.365;0.373;0.380;0.392;0.396;0.404;0.412;0.420;0.427;0.431;0.435;0.439;0.447;0.451;0.455;0.463;0.467;0.471;0.475;0.478;0.486;0.490;0.498;0.506;0.514;0.525;0.533;0.545;0.549;0.557;0.565;0.569;0.573;0.576;0.580;0.584;0.584;0.584;0.584;0.584;0.580;0.576;0.573;0.569;0.569;0.561;0.557;0.553;0.545;0.541;0.537;0.533;0.529;0.518;0.510;0.506;0.498;0.490;0.486;0.478;0.475;0.471;0.467;0.455;0.443;0.439;0.431;0.424;0.416;0.408;0.412;0.408;0.392;0.380;0.376;0.373;0.369;0.369;0.369;0.365;0.361;0.357;0.349;0.345;0.345;0.325;0.325;0.329;0.337;0.345;0.345;0.349;0.353;0.357;0.365;0.373;0.376;0.380;0.384;0.388;0.392;0.396;0.400;0.404;0.408;0.416;0.424;0.435;0.447;0.451;0.451;0.459;0.475;0.475;0.478;0.486;0.498;0.498;0.506;0.518;0.518;0.522;0.525;0.537;0.557;0.561;0.561;0.565;0.569;0.573;0.576;0.584;0.588;0.596;0.604;0.604;0.604;0.608;0.616;0.620;0.624;0.627;0.631;0.635;0.635;0.639;0.643;0.651;0.655;0.659;0.663;0.667;0.671;0.682;0.690;0.694;0.694;0.698;0.702;0.706;0.714;0.718;0.722;0.729;0.733;0.737;0.745;0.749;0.757;0.761;0.765;0.769;0.773;0.780;0.784;0.788;0.796;0.800;0.804;0.812;0.816;0.820;0.824;0.827;0.835;0.851;0.859;0.859;0.859;0.859;0.863;0.871;0.875;0.878;0.882;0.886;0.890;0.894;0.894;0.898;0.902;0.906;0.914;0.914;0.914;0.914;0.918;
0.318;0.325;0.329;0.337;0.345;0.349;0.357;0.365;0.373;0.380;0.392;0.396;0.404;0.412;0.420;0.427;0.431;0.435;0.439;0.447;0.451;0.455;0.463;0.467;0.471;0.475;0.478;0.486;0.490;0.498;0.506;0.514;0.525;0.533;0.545;0.549;0.557;0.565;0.569;0.573;0.576;0.580;0.584;0.584;0.584;0.584;0.584;0.580;0.576;0.573;0.569;0.569;0.561;0.557;0.553;0.545;0.541;0.537;0.533;0.529;0.518;0.510;0.506;0.498;0.490;0.486;0.478;0.475;0.471;0.467;0.455;0.443;0.439;0.431;0.424;0.416;0.408;0.412;0.408;0.392;0.380;0.376;0.373;0.369;0.369;0.369;0.365;0.361;0.357;0.349;0.345;0.345;0.325;0.325;0.329;0.337;0.345;0.345;0.349;0.353;0.357;0.365;0.373;0.376;0.380;0.384;0.388;0.392;0.396;0.400;0.404;0.408;0.416;0.424;0.435;0.447;0.451;0.451;0.459;0.475;0.475;0.478;0.486;0.498;0.498;0.506;0.518;0.518;0.522;0.525;0.537;0.557;0.561;0.561;0.565;0.569;0.573;0.576;0.584;0.588;0.596;0.604;0.604;0.604;0.608;0.616;0.620;0.624;0.627;0.631;0.635;0.635;0.639;0.643;0.651;0.655;0.659;0.663;0.667;0.671;0.682;0.690;0.694;0.694;0.698;0.702;0.706;0.714;0.718;0.722;0.729;0.733;0.737;0.745;0.749;0.757;0.761;0.765;0.769;0.773;0.780;0.784;0.788;0.796;0.800;0.804;0.812;0.816;0.820;0.824;0.827;0.835;0.851;0.859;0.859;0.859;0.859;0.863;0.871;0.875;0.878;0.882;0.886;0.890;0.894;0.894;0.898;0.902;0.906;0.914;0.914;0.914;0.914;0.918;
0.329;0.337;0.357;0.361;0.373;0.376;0.376;0.384;0.392;0.404;0.420;0.427;0.431;0.439;0.447;0.451;0.455;0.463;0.467;0.475;0.482;0.490;0.494;0.498;0.506;0.510;0.518;0.518;0.525;0.529;0.537;0.545;0.553;0.561;0.569;0.576;0.580;0.584;0.588;0.592;0.596;0.596;0.604;0.600;0.600;0.600;0.596;0.596;0.596;0.588;0.588;0.580;0.576;0.573;0.565;0.561;0.557;0.549;0.549;0.541;0.541;0.529;0.518;0.514;0.510;0.502;0.494;0.490;0.486;0.478;0.475;0.471;0.471;0.463;0.443;0.439;0.435;0.431;0.420;0.412;0.408;0.400;0.388;0.384;0.376;0.373;0.369;0.369;0.365;0.361;0.353;0.349;0.345;0.341;0.337;0.345;0.349;0.349;0.353;0.357;0.361;0.373;0.373;0.380;0.380;0.384;0.388;0.392;0.396;0.400;0.408;0.412;0.424;0.447;0.447;0.451;0.451;0.451;0.455;0.463;0.471;0.475;0.478;0.486;0.490;0.498;0.502;0.510;0.514;0.518;0.525;0.533;0.545;0.557;0.561;0.561;0.561;0.565;0.569;0.576;0.580;0.584;0.592;0.596;0.604;0.608;0.612;0.620;0.620;0.627;0.627;0.631;0.635;0.639;0.643;0.647;0.651;0.655;0.659;0.663;0.671;0.682;0.690;0.690;0.694;0.694;0.702;0.706;0.710;0.714;0.722;0.725;0.733;0.737;0.741;0.749;0.753;0.757;0.761;0.769;0.773;0.776;0.780;0.788;0.792;0.796;0.804;0.808;0.816;0.820;0.824;0.827;0.839;0.855;0.859;0.859;0.859;0.863;0.863;0.871;0.875;0.882;0.886;0.886;0.890;0.894;0.898;0.902;0.906;0.914;0.914;0.918;0.918;0.918;
0.329;0.337;0.357;0.361;0.373;0.376;0.376;0.384;0.392;0.404;0.420;0.427;0.431;0.439;0.447;0.451;0.455;0.463;0.467;0.475;0.482;0.490;0.494;0.498;0.506;0.510;0.518;0.518;0.525;0.529;0.537;0.545;0.553;0.561;0.569;0.576;0.580;0.584;0.588;0.592;0.596;0.596;0.604;0.600;0.600;0.600;0.596;0.596;0.596;0.588;0.588;0.580;0.576;0.573;0.565;0.561;0.557;0.549;0.549;0.541;0.541;0.529;0.518;0.514;0.510;0.502;0.494;0.490;0.486;0.478;0.475;0.471;0.471;0.463;0.443;0.439;0.435;0.431;0.420;0.412;0.408;0.400;0.388;0.384;0.376;0.373;0.369;0.369;0.365;0.361;0.353;0.349;0.345;0.341;0.337;0.345;0.349;0.349;0.353;0.357;0.361;0.373;0.373;0.380;0.380;0.384;0.388;0.392;0.396;0.400;0.408;0.412;0.424;0.447;0.447;0.451;0.451;0.451;0.455;0.463;0.471;0.475;0.478;0.486;0.490;0.498;0.502;0.510;0.514;0.518;0.525;0.533;0.545;0.557;0.561;0.561;0.561;0.565;0.569;0.576;0.580;0.584;0.592;0.596;0.604;0.608;0.612;0.620;0.620;0.627;0.627;0.631;0.635;0.639;0.643;0.647;0.651;0.655;0.659;0.663;0.671;0.682;0.690;0.690;0.694;0.694;0.702;0.706;0.710;0.714;0.722;0.725;0.733;0.737;0.741;0.749;0.753;0.757;0.761;0.769;0.773;0.776;0.780;0.788;0.792;0.796;0.804;0.808;0.816;0.820;0.824;0.827;0.839;0.855;0.859;0.859;0.859;0.863;0.863;0.871;0.875;0.882;0.886;0.886;0.890;0.894;0.898;0.902;0.906;0.914;0.914;0.918;0.918;0.918;
0.357;0.373;0.380;0.388;0.396;0.408;0.416;0.431;0.439;0.447;0.451;0.459;0.467;0.475;0.482;0.486;0.494;0.502;0.506;0.514;0.529;0.529;0.533;0.537;0.541;0.545;0.549;0.549;0.553;0.557;0.565;0.569;0.576;0.580;0.588;0.592;0.596;0.604;0.612;0.616;0.620;0.620;0.627;0.627;0.624;0.620;0.620;0.616;0.612;0.608;0.604;0.596;0.596;0.588;0.580;0.576;0.573;0.569;0.561;0.557;0.553;0.549;0.541;0.529;0.522;0.518;0.514;0.506;0.502;0.494;0.490;0.486;0.478;0.478;0.471;0.471;0.459;0.447;0.443;0.435;0.424;0.416;0.412;0.404;0.396;0.384;0.380;0.380;0.373;0.365;0.365;0.353;0.349;0.345;0.345;0.345;0.353;0.361;0.365;0.365;0.369;0.376;0.376;0.380;0.384;0.388;0.392;0.396;0.400;0.404;0.408;0.412;0.427;0.447;0.447;0.447;0.451;0.455;0.455;0.455;0.459;0.467;0.478;0.478;0.486;0.490;0.498;0.502;0.506;0.514;0.522;0.533;0.533;0.537;0.541;0.545;0.553;0.557;0.565;0.565;0.573;0.576;0.584;0.588;0.596;0.600;0.608;0.612;0.616;0.620;0.624;0.627;0.631;0.635;0.635;0.639;0.647;0.651;0.655;0.659;0.663;0.667;0.675;0.686;0.690;0.690;0.694;0.698;0.706;0.706;0.714;0.718;0.725;0.729;0.733;0.741;0.745;0.749;0.753;0.761;0.765;0.769;0.773;0.780;0.784;0.792;0.796;0.804;0.808;0.812;0.816;0.824;0.827;0.847;0.855;0.855;0.855;0.859;0.859;0.867;0.871;0.878;0.882;0.886;0.890;0.890;0.894;0.898;0.906;0.910;0.914;0.914;0.918;0.918;
0.357;0.373;0.380;0.388;0.396;0.408;0.416;0.431;0.439;0.447;0.451;0.459;0.467;0.475;0.482;0.486;0.494;0.502;0.506;0.514;0.529;0.529;0.533;0.537;0.541;0.545;0.549;0.549;0.553;0.557;0.565;0.569;0.576;0.580;0.588;0.592;0.596;0.604;0.612;0.616;0.620;0.620;0.627;0.627;0.624;0.620;0.620;0.616;0.612;0.608;0.604;0.596;0.596;0.588;0.580;0.576;0.573;0.569;0.561;0.557;0.553;0.549;0.541;0.529;0.522;0.518;0.514;0.506;0.502;0.494;0.490;0.486;0.478;0.478;0.471;0.471;0.459;0.447;0.443;0.435;0.424;0.416;0.412;0.404;0.396;0.384;0.380;0.380;0.373;0.365;0.365;0.353;0.349;0.345;0.345;0.345;0.353;0.361;0.365;0.365;0.369;0.376;0.376;0.380;0.384;0.388;0.392;0.396;0.400;0.404;0.408;0.412;0.427;0.447;0.447;0.447;0.451;0.455;0.455;0.455;0.459;0.467;0.478;0.478;0.486;0.490;0.498;0.502;0.506;0.514;0.522;0.533;0.533;0.537;0.541;0.545;0.553;0.557;0.565;0.565;0.573;0.576;0.584;0.588;0.596;0.600;0.608;0.612;0.616;0.620;0.624;0.627;0.631;0.635;0.635;0.639;0.647;0.651;0.655;0.659;0.663;0.667;0.675;0.686;0.690;0.690;0.694;0.698;0.706;0.706;0.714;0.718;0.725;0.729;0.733;0.741;0.745;0.749;0.753;0.761;0.765;0.769;0.773;0.780;0.784;0.792;0.796;0.804;0.808;0.812;0.816;0.824;0.827;0.847;0.855;0.855;0.855;0.859;0.859;0.867;0.871;0.878;0.882;0.886;0.890;0.890;0.894;0.898;0.906;0.910;0.914;0.914;0.918;0.918;
0.384;0.400;0.412;0.424;0.427;0.435;0.443;0.451;0.463;0.475;0.482;0.494;0.502;0.510;0.522;0.525;0.533;0.541;0.549;0.553;0.561;0.565;0.569;0.576;0.576;0.576;0.576;0.580;0.580;0.584;0.592;0.600;0.604;0.608;0.612;0.616;0.616;0.616;0.620;0.624;0.627;0.635;0.647;0.651;0.647;0.639;0.639;0.635;0.631;0.624;0.620;0.616;0.608;0.604;0.596;0.592;0.584;0.580;0.573;0.569;0.561;0.557;0.557;0.541;0.537;0.533;0.525;0.522;0.518;0.514;0.506;0.502;0.494;0.486;0.482;0.478;0.478;0.475;0.467;0.451;0.443;0.427;0.420;0.416;0.416;0.400;0.392;0.384;0.384;0.380;0.369;0.365;0.357;0.357;0.349;0.341;0.361;0.365;0.365;0.369;0.373;0.376;0.380;0.384;0.392;0.392;0.396;0.396;0.400;0.408;0.412;0.416;0.424;0.447;0.451;0.451;0.451;0.455;0.455;0.455;0.459;0.463;0.467;0.478;0.482;0.486;0.490;0.494;0.498;0.502;0.510;0.522;0.533;0.533;0.537;0.541;0.545;0.549;0.557;0.561;0.565;0.569;0.576;0.580;0.588;0.592;0.600;0.604;0.608;0.612;0.616;0.620;0.624;0.627;0.631;0.635;0.639;0.643;0.647;0.651;0.655;0.659;0.663;0.671;0.682;0.686;0.686;0.690;0.694;0.698;0.702;0.710;0.714;0.722;0.725;0.729;0.737;0.741;0.745;0.749;0.757;0.761;0.769;0.773;0.780;0.788;0.792;0.800;0.804;0.808;0.816;0.816;0.820;0.824;0.843;0.855;0.855;0.855;0.859;0.859;0.863;0.871;0.875;0.882;0.886;0.890;0.890;0.894;0.906;0.914;0.914;0.914;0.914;0.918;
0.384;0.400;0.412;0.424;0.427;0.435;0.443;0.451;0.463;0.475;0.482;0.494;0.502;0.510;0.522;0.525;0.533;0.541;0.549;0.553;0.561;0.565;0.569;0.576;0.576;0.576;0.576;0.580;0.580;0.584;0.592;0.600;0.604;0.608;0.612;0.616;0.616;0.616;0.620;0.624;0.627;0.635;0.647;0.651;0.647;0.639;0.639;0.635;0.631;0.624;0.620;0.616;0.608;0.604;0.596;0.592;0.584;0.580;0.573;0.569;0.561;0.557;0.557;0.541;0.537;0.533;0.525;0.522;0.518;0.514;0.506;0.502;0.494;0.486;0.482;0.478;0.478;0.475;0.467;0.451;0.443;0.427;0.420;0.416;0.416;0.400;0.392;0.384;0.384;0.380;0.369;0.365;0.357;0.357;0.349;0.341;0.361;0.365;0.365;0.369;0.373;0.376;0.380;0.384;0.392;0.392;0.396;0.396;0.400;0.408;0.412;0.416;0.424;0.447;0.451;0.451;0.451;0.455;0.455;0.455;0.459;0.463;0.467;0.478;0.482;0.486;0.490;0.494;0.498;0.502;0.510;0.522;0.533;0.533;0.537;0.541;0.545;0.549;0.557;0.561;0.565;0.569;0.576;0.580;0.588;0.592;0.600;0.604;0.608;0.612;0.616;0.620;0.624;0.627;0.631;0.635;0.639;0.643;0.647;0.651;0.655;0.659;0.663;0.671;0.682;0.686;0.686;0.690;0.694;0.698;0.702;0.710;0.714;0.722;0.725;0.729;0.737;0.741;0.745;0.749;0.757;0.761;0.769;0.773;0.780;0.788;0.792;0.800;0.804;0.808;0.816;0.816;0.820;0.824;0.843;0.855;0.855;0.855;0.859;0.859;0.863;0.871;0.875;0.882;0.886;0.890;0.890;0.894;0.906;0.914;0.914;0.914;0.914;0.918;
0.412;0.427;0.439;0.439;0.447;0.459;0.475;0.486;0.494;0.506;0.522;0.533;0.541;0.549;0.557;0.565;0.573;0.580;0.588;0.600;0.604;0.608;0.608;0.612;0.612;0.608;0.612;0.612;0.612;0.612;0.612;0.616;0.620;0.620;0.624;0.631;0.639;0.647;0.655;0.655;0.655;0.655;0.655;0.655;0.655;0.655;0.651;0.647;0.643;0.639;0.635;0.631;0.624;0.616;0.612;0.604;0.600;0.600;0.592;0.584;0.576;0.573;0.573;0.561;0.549;0.549;0.541;0.537;0.529;0.525;0.518;0.514;0.510;0.502;0.498;0.494;0.486;0.482;0.482;0.478;0.471;0.455;0.447;0.435;0.427;0.420;0.412;0.400;0.392;0.384;0.380;0.373;0.373;0.365;0.353;0.353;0.353;0.365;0.369;0.373;0.376;0.380;0.384;0.388;0.392;0.396;0.396;0.400;0.404;0.408;0.412;0.420;0.431;0.447;0.451;0.451;0.451;0.455;0.459;0.463;0.467;0.467;0.471;0.475;0.478;0.482;0.486;0.486;0.494;0.498;0.502;0.510;0.529;0.533;0.533;0.533;0.537;0.545;0.549;0.553;0.557;0.561;0.569;0.573;0.580;0.584;0.588;0.596;0.600;0.604;0.608;0.612;0.616;0.620;0.624;0.627;0.631;0.635;0.639;0.647;0.651;0.655;0.655;0.663;0.671;0.682;0.682;0.686;0.686;0.690;0.694;0.702;0.706;0.714;0.722;0.725;0.733;0.737;0.741;0.749;0.757;0.757;0.761;0.765;0.769;0.773;0.780;0.784;0.792;0.796;0.804;0.808;0.812;0.816;0.827;0.851;0.851;0.851;0.855;0.855;0.859;0.863;0.871;0.875;0.878;0.886;0.886;0.890;0.898;0.910;0.914;0.914;0.914;0.914;
0.412;0.427;0.439;0.439;0.447;0.459;0.475;0.486;0.494;0.506;0.522;0.533;0.541;0.549;0.557;0.565;0.573;0.580;0.588;0.600;0.604;0.608;0.608;0.612;0.612;0.608;0.612;0.612;0.612;0.612;0.612;0.616;0.620;0.620;0.624;0.631;0.639;0.647;0.655;0.655;0.655;0.655;0.655;0.655;0.655;0.655;0.651;0.647;0.643;0.639;0.635;0.631;0.624;0.616;0.612;0.604;0.600;0.600;0.592;0.584;0.576;0.573;0.573;0.561;0.549;0.549;0.541;0.537;0.529;0.525;0.518;0.514;0.510;0.502;0.498;0.494;0.486;0.482;0.482;0.478;0.471;0.455;0.447;0.435;0.427;0.420;0.412;0.400;0.392;0.384;0.380;0.373;0.373;0.365;0.353;0.353;0.353;0.365;0.369;0.373;0.376;0.380;0.384;0.388;0.392;0.396;0.396;0.400;0.404;0.408;0.412;0.420;0.431;0.447;0.451;0.451;0.451;0.455;0.459;0.463;0.467;0.467;0.471;0.475;0.478;0.482;0.486;0.486;0.494;0.498;0.502;0.510;0.529;0.533;0.533;0.533;0.537;0.545;0.549;0.553;0.557;0.561;0.569;0.573;0.580;0.584;0.588;0.596;0.600;0.604;0.608;0.612;0.616;0.620;0.624;0.627;0.631;0.635;0.639;0.647;0.651;0.655;0.655;0.663;0.671;0.682;0.682;0.686;0.686;0.690;0.694;0.702;0.706;0.714;0.722;0.725;0.733;0.737;0.741;0.749;0.757;0.757;0.761;0.765;0.769;0.773;0.780;0.784;0.792;0.796;0.804;0.808;0.812;0.816;0.827;0.851;0.851;0.851;0.855;0.855;0.859;0.863;0.871;0.875;0.878;0.886;0.886;0.890;0.898;0.910;0.914;0.914;0.914;0.914;
0.455;0.455;0.455;0.463;0.475;0.490;0.506;0.522;0.533;0.545;0.557;0.573;0.576;0.584;0.596;0.604;0.620;0.624;0.627;0.631;0.635;0.635;0.639;0.639;0.643;0.643;0.643;0.643;0.643;0.643;0.647;0.647;0.651;0.651;0.655;0.655;0.655;0.655;0.655;0.655;0.655;0.659;0.667;0.667;0.667;0.663;0.659;0.659;0.655;0.655;0.655;0.651;0.647;0.639;0.631;0.624;0.616;0.612;0.604;0.596;0.592;0.584;0.580;0.580;0.569;0.557;0.557;0.549;0.545;0.537;0.533;0.529;0.525;0.518;0.514;0.506;0.502;0.498;0.490;0.486;0.482;0.482;0.471;0.451;0.443;0.435;0.424;0.416;0.404;0.400;0.392;0.388;0.384;0.376;0.373;0.361;0.353;0.357;0.373;0.376;0.380;0.384;0.388;0.392;0.396;0.400;0.404;0.404;0.408;0.412;0.416;0.420;0.427;0.447;0.451;0.451;0.451;0.455;0.463;0.463;0.467;0.467;0.467;0.471;0.471;0.478;0.486;0.486;0.490;0.494;0.498;0.502;0.510;0.529;0.533;0.537;0.533;0.537;0.541;0.545;0.549;0.557;0.561;0.565;0.573;0.576;0.584;0.588;0.596;0.596;0.604;0.608;0.612;0.616;0.620;0.624;0.627;0.631;0.635;0.639;0.643;0.647;0.651;0.655;0.659;0.675;0.678;0.682;0.682;0.686;0.694;0.698;0.698;0.706;0.710;0.714;0.718;0.725;0.729;0.733;0.741;0.753;0.753;0.757;0.765;0.769;0.776;0.780;0.784;0.788;0.796;0.800;0.808;0.812;0.820;0.835;0.847;0.847;0.851;0.851;0.855;0.859;0.863;0.867;0.875;0.878;0.882;0.886;0.894;0.910;0.910;0.910;0.910;0.914;
0.455;0.455;0.455;0.463;0.475;0.490;0.506;0.522;0.533;0.545;0.557;0.573;0.576;0.584;0.596;0.604;0.620;0.624;0.627;0.631;0.635;0.635;0.639;0.639;0.643;0.643;0.643;0.643;0.643;0.643;0.647;0.647;0.651;0.651;0.655;0.655;0.655;0.655;0.655;0.655;0.655;0.659;0.667;0.667;0.667;0.663;0.659;0.659;0.655;0.655;0.655;0.651;0.647;0.639;0.631;0.624;0.616;0.612;0.604;0.596;0.592;0.584;0.580;0.580;0.569;0.557;0.557;0.549;0.545;0.537;0.533;0.529;0.525;0.518;0.514;0.506;0.502;0.498;0.490;0.486;0.482;0.482;0.471;0.451;0.443;0.435;0.424;0.416;0.404;0.400;0.392;0.388;0.384;0.376;0.373;0.361;0.353;0.357;0.373;0.376;0.380;0.384;0.388;0.392;0.396;0.400;0.404;0.404;0.408;0.412;0.416;0.420;0.427;0.447;0.451;0.451;0.451;0.455;0.463;0.463;0.467;0.467;0.467;0.471;0.471;0.478;0.486;0.486;0.490;0.494;0.498;0.502;0.510;0.529;0.533;0.537;0.533;0.537;0.541;0.545;0.549;0.557;0.561;0.565;0.573;0.576;0.584;0.588;0.596;0.596;0.604;0.608;0.612;0.616;0.620;0.624;0.627;0.631;0.635;0.639;0.643;0.647;0.651;0.655;0.659;0.675;0.678;0.682;0.682;0.686;0.694;0.698;0.698;0.706;0.710;0.714;0.718;0.725;0.729;0.733;0.741;0.753;0.753;0.757;0.765;0.769;0.776;0.780;0.784;0.788;0.796;0.800;0.808;0.812;0.820;0.835;0.847;0.847;0.851;0.851;0.855;0.859;0.863;0.867;0.875;0.878;0.882;0.886;0.894;0.910;0.910;0.910;0.910;0.914;
0.463;0.463;0.475;0.494;0.514;0.518;0.525;0.545;0.561;0.580;0.592;0.600;0.604;0.616;0.631;0.639;0.643;0.643;0.647;0.647;0.647;0.651;0.647;0.647;0.651;0.651;0.651;0.651;0.651;0.651;0.651;0.655;0.655;0.655;0.655;0.655;0.659;0.659;0.663;0.667;0.675;0.678;0.678;0.678;0.678;0.682;0.678;0.675;0.675;0.671;0.667;0.663;0.659;0.651;0.647;0.639;0.635;0.627;0.620;0.612;0.608;0.600;0.596;0.588;0.584;0.576;0.569;0.565;0.557;0.553;0.545;0.541;0.533;0.529;0.525;0.518;0.514;0.510;0.502;0.498;0.490;0.486;0.482;0.478;0.463;0.447;0.443;0.439;0.416;0.408;0.404;0.400;0.396;0.392;0.384;0.388;0.373;0.361;0.376;0.380;0.380;0.384;0.392;0.396;0.400;0.408;0.412;0.412;0.412;0.416;0.420;0.431;0.447;0.451;0.451;0.451;0.451;0.459;0.463;0.463;0.467;0.467;0.467;0.471;0.471;0.475;0.482;0.490;0.490;0.494;0.494;0.498;0.506;0.518;0.529;0.533;0.533;0.533;0.537;0.541;0.545;0.549;0.557;0.561;0.569;0.573;0.576;0.584;0.588;0.592;0.596;0.604;0.608;0.612;0.616;0.620;0.624;0.627;0.631;0.635;0.639;0.643;0.647;0.651;0.655;0.659;0.663;0.663;0.671;0.675;0.678;0.682;0.690;0.694;0.702;0.706;0.714;0.718;0.722;0.729;0.733;0.741;0.753;0.753;0.757;0.761;0.765;0.773;0.776;0.780;0.788;0.796;0.800;0.804;0.808;0.816;0.835;0.843;0.843;0.847;0.851;0.855;0.859;0.863;0.871;0.875;0.878;0.882;0.890;0.906;0.906;0.906;0.910;0.910;
0.463;0.463;0.475;0.494;0.514;0.518;0.525;0.545;0.561;0.580;0.592;0.600;0.604;0.616;0.631;0.639;0.643;0.643;0.647;0.647;0.647;0.651;0.647;0.647;0.651;0.651;0.651;0.651;0.651;0.651;0.651;0.655;0.655;0.655;0.655;0.655;0.659;0.659;0.663;0.667;0.675;0.678;0.678;0.678;0.678;0.682;0.678;0.675;0.675;0.671;0.667;0.663;0.659;0.651;0.647;0.639;0.635;0.627;0.620;0.612;0.608;0.600;0.596;0.588;0.584;0.576;0.569;0.565;0.557;0.553;0.545;0.541;0.533;0.529;0.525;0.518;0.514;0.510;0.502;0.498;0.490;0.486;0.482;0.478;0.463;0.447;0.443;0.439;0.416;0.408;0.404;0.400;0.396;0.392;0.384;0.388;0.373;0.361;0.376;0.380;0.380;0.384;0.392;0.396;0.400;0.408;0.412;0.412;0.412;0.416;0.420;0.431;0.447;0.451;0.451;0.451;0.451;0.459;0.463;0.463;0.467;0.467;0.467;0.471;0.471;0.475;0.482;0.490;0.490;0.494;0.494;0.498;0.506;0.518;0.529;0.533;0.533;0.533;0.537;0.541;0.545;0.549;0.557;0.561;0.569;0.573;0.576;0.584;0.588;0.592;0.596;0.604;0.608;0.612;0.616;0.620;0.624;0.627;0.631;0.635;0.639;0.643;0.647;0.651;0.655;0.659;0.663;0.663;0.671;0.675;0.678;0.682;0.690;0.694;0.702;0.706;0.714;0.718;0.722;0.729;0.733;0.741;0.753;0.753;0.757;0.761;0.765;0.773;0.776;0.780;0.788;0.796;0.800;0.804;0.808;0.816;0.835;0.843;0.843;0.847;0.851;0.855;0.859;0.863;0.871;0.875;0.878;0.882;0.890;0.906;0.906;0.906;0.910;0.910;
0.467;0.478;0.502;0.514;0.518;0.533;0.553;0.573;0.584;0.592;0.608;0.616;0.635;0.639;0.643;0.643;0.647;0.647;0.647;0.651;0.651;0.655;0.655;0.655;0.655;0.659;0.659;0.659;0.659;0.659;0.659;0.663;0.663;0.663;0.663;0.667;0.667;0.675;0.675;0.678;0.678;0.686;0.682;0.682;0.682;0.678;0.678;0.678;0.678;0.678;0.678;0.675;0.671;0.667;0.663;0.655;0.651;0.643;0.639;0.635;0.627;0.616;0.608;0.604;0.600;0.596;0.584;0.576;0.573;0.565;0.561;0.553;0.549;0.541;0.537;0.529;0.525;0.522;0.514;0.510;0.502;0.494;0.486;0.482;0.478;0.467;0.451;0.447;0.443;0.420;0.420;0.412;0.412;0.404;0.392;0.384;0.380;0.365;0.384;0.388;0.388;0.392;0.396;0.400;0.408;0.412;0.416;0.420;0.420;0.435;0.447;0.447;0.447;0.451;0.451;0.455;0.455;0.459;0.463;0.463;0.463;0.467;0.471;0.475;0.478;0.482;0.486;0.490;0.490;0.494;0.498;0.498;0.502;0.506;0.514;0.525;0.533;0.533;0.537;0.537;0.545;0.545;0.549;0.553;0.557;0.565;0.576;0.580;0.584;0.588;0.592;0.596;0.600;0.604;0.608;0.616;0.620;0.624;0.627;0.631;0.635;0.635;0.639;0.643;0.651;0.655;0.659;0.663;0.663;0.671;0.675;0.678;0.682;0.690;0.694;0.702;0.706;0.710;0.718;0.722;0.725;0.733;0.745;0.749;0.749;0.753;0.757;0.765;0.769;0.773;0.780;0.784;0.792;0.796;0.804;0.820;0.835;0.835;0.839;0.843;0.847;0.851;0.855;0.859;0.863;0.871;0.875;0.878;0.890;0.902;0.906;0.906;0.906;0.910;
0.467;0.478;0.502;0.514;0.518;0.533;0.553;0.573;0.584;0.592;0.608;0.616;0.635;0.639;0.643;0.643;0.647;0.647;0.647;0.651;0.651;0.655;0.655;0.655;0.655;0.659;0.659;0.659;0.659;0.659;0.659;0.663;0.663;0.663;0.663;0.667;0.667;0.675;0.675;0.678;0.678;0.686;0.682;0.682;0.682;0.678;0.678;0.678;0.678;0.678;0.678;0.675;0.671;0.667;0.663;0.655;0.651;0.643;0.639;0.635;0.627;0.616;0.608;0.604;0.600;0.596;0.584;0.576;0.573;0.565;0.561;0.553;0.549;0.541;0.537;0.529;0.525;0.522;0.514;0.510;0.502;0.494;0.486;0.482;0.478;0.467;0.451;0.447;0.443;0.420;0.420;0.412;0.412;0.404;0.392;0.384;0.380;0.365;0.384;0.388;0.388;0.392;0.396;0.400;0.408;0.412;0.416;0.420;0.420;0.435;0.447;0.447;0.447;0.451;0.451;0.455;0.455;0.459;0.463;0.463;0.463;0.467;0.471;0.475;0.478;0.482;0.486;0.490;0.490;0.494;0.498;0.498;0.502;0.506;0.514;0.525;0.533;0.533;0.537;0.537;0.545;0.545;0.549;0.553;0.557;0.565;0.576;0.580;0.584;0.588;0.592;0.596;0.600;0.604;0.608;0.616;0.620;0.624;0.627;0.631;0.635;0.635;0.639;0.643;0.651;0.655;0.659;0.663;0.663;0.671;0.675;0.678;0.682;0.690;0.694;0.702;0.706;0.710;0.718;0.722;0.725;0.733;0.745;0.749;0.749;0.753;0.757;0.765;0.769;0.773;0.780;0.784;0.792;0.796;0.804;0.820;0.835;0.835;0.839;0.843;0.847;0.851;0.855;0.859;0.863;0.871;0.875;0.878;0.890;0.902;0.906;0.906;0.906;0.910;
0.482;0.502;0.510;0.514;0.529;0.553;0.569;0.576;0.592;0.604;0.616;0.639;0.639;0.639;0.643;0.647;0.647;0.651;0.651;0.655;0.655;0.659;0.659;0.659;0.659;0.663;0.663;0.667;0.667;0.667;0.667;0.671;0.671;0.675;0.675;0.678;0.675;0.675;0.678;0.678;0.682;0.690;0.690;0.686;0.682;0.686;0.686;0.686;0.686;0.686;0.686;0.682;0.682;0.682;0.682;0.675;0.667;0.663;0.655;0.647;0.639;0.635;0.624;0.616;0.612;0.612;0.604;0.588;0.584;0.580;0.573;0.569;0.561;0.553;0.549;0.541;0.537;0.529;0.525;0.518;0.514;0.506;0.498;0.490;0.482;0.475;0.467;0.455;0.451;0.439;0.427;0.427;0.420;0.416;0.400;0.392;0.384;0.380;0.380;0.392;0.392;0.396;0.396;0.404;0.408;0.412;0.416;0.427;0.443;0.447;0.447;0.447;0.451;0.451;0.455;0.459;0.459;0.459;0.463;0.467;0.471;0.475;0.478;0.482;0.486;0.486;0.490;0.494;0.498;0.498;0.502;0.506;0.506;0.510;0.514;0.518;0.529;0.533;0.533;0.537;0.541;0.545;0.549;0.553;0.557;0.576;0.580;0.584;0.584;0.588;0.592;0.596;0.600;0.604;0.604;0.612;0.616;0.620;0.620;0.624;0.627;0.631;0.635;0.639;0.647;0.651;0.655;0.659;0.663;0.667;0.671;0.675;0.678;0.682;0.690;0.694;0.698;0.706;0.710;0.718;0.722;0.725;0.733;0.745;0.749;0.749;0.753;0.757;0.761;0.769;0.773;0.780;0.784;0.792;0.796;0.812;0.827;0.835;0.835;0.839;0.843;0.847;0.851;0.855;0.859;0.867;0.875;0.878;0.890;0.902;0.902;0.906;0.906;0.910;
0.482;0.502;0.510;0.514;0.529;0.553;0.569;0.576;0.592;0.604;0.616;0.639;0.639;0.639;0.643;0.647;0.647;0.651;0.651;0.655;0.655;0.659;0.659;0.659;0.659;0.663;0.663;0.667;0.667;0.667;0.667;0.671;0.671;0.675;0.675;0.678;0.675;0.675;0.678;0.678;0.682;0.690;0.690;0.686;0.682;0.686;0.686;0.686;0.686;0.686;0.686;0.682;0.682;0.682;0.682;0.675;0.667;0.663;0.655;0.647;0.639;0.635;0.624;0.616;0.612;0.612;0.604;0.588;0.584;0.580;0.573;0.569;0.561;0.553;0.549;0.541;0.537;0.529;0.525;0.518;0.514;0.506;0.498;0.490;0.482;0.475;0.467;0.455;0.451;0.439;0.427;0.427;0.420;0.416;0.400;0.392;0.384;0.380;0.380;0.392;0.392;0.396;0.396;0.404;0.408;0.412;0.416;0.427;0.443;0.447;0.447;0.447;0.451;0.451;0.455;0.459;0.459;0.459;0.463;0.467;0.471;0.475;0.478;0.482;0.486;0.486;0.490;0.494;0.498;0.498;0.502;0.506;0.506;0.510;0.514;0.518;0.529;0.533;0.533;0.537;0.541;0.545;0.549;0.553;0.557;0.576;0.580;0.584;0.584;0.588;0.592;0.596;0.600;0.604;0.604;0.612;0.616;0.620;0.620;0.624;0.627;0.631;0.635;0.639;0.647;0.651;0.655;0.659;0.663;0.667;0.671;0.675;0.678;0.682;0.690;0.694;0.698;0.706;0.710;0.718;0.722;0.725;0.733;0.745;0.749;0.749;0.753;0.757;0.761;0.769;0.773;0.780;0.784;0.792;0.796;0.812;0.827;0.835;0.835;0.839;0.843;0.847;0.851;0.855;0.859;0.867;0.875;0.878;0.890;0.902;0.902;0.906;0.906;0.910;
0.502;0.506;0.514;0.529;0.553;0.561;0.573;0.584;0.600;0.608;0.624;0.635;0.635;0.639;0.643;0.647;0.651;0.655;0.655;0.659;0.659;0.663;0.663;0.663;0.667;0.667;0.667;0.671;0.671;0.671;0.675;0.675;0.675;0.678;0.678;0.678;0.682;0.682;0.682;0.682;0.682;0.682;0.686;0.690;0.690;0.690;0.690;0.690;0.690;0.690;0.690;0.690;0.686;0.690;0.686;0.686;0.682;0.678;0.675;0.671;0.663;0.647;0.643;0.635;0.627;0.627;0.616;0.604;0.596;0.588;0.584;0.580;0.573;0.569;0.561;0.553;0.549;0.541;0.537;0.525;0.522;0.514;0.506;0.498;0.490;0.482;0.475;0.467;0.463;0.459;0.439;0.435;0.424;0.416;0.408;0.404;0.392;0.384;0.380;0.392;0.396;0.400;0.400;0.404;0.412;0.420;0.435;0.443;0.447;0.447;0.447;0.447;0.451;0.455;0.459;0.459;0.463;0.467;0.471;0.475;0.475;0.486;0.494;0.490;0.494;0.494;0.498;0.498;0.502;0.502;0.506;0.510;0.514;0.518;0.522;0.522;0.529;0.533;0.537;0.541;0.545;0.549;0.549;0.553;0.557;0.573;0.580;0.584;0.584;0.588;0.592;0.592;0.596;0.600;0.604;0.608;0.612;0.616;0.620;0.620;0.624;0.627;0.631;0.639;0.643;0.647;0.651;0.655;0.659;0.663;0.667;0.671;0.675;0.678;0.682;0.690;0.694;0.698;0.706;0.710;0.714;0.718;0.725;0.741;0.745;0.745;0.749;0.753;0.757;0.765;0.773;0.776;0.780;0.788;0.796;0.804;0.824;0.831;0.835;0.835;0.839;0.843;0.851;0.855;0.859;0.867;0.871;0.878;0.890;0.902;0.902;0.902;0.906;0.910;
0.502;0.506;0.514;0.529;0.553;0.561;0.573;0.584;0.600;0.608;0.624;0.635;0.635;0.639;0.643;0.647;0.651;0.655;0.655;0.659;0.659;0.663;0.663;0.663;0.667;0.667;0.667;0.671;0.671;0.671;0.675;0.675;0.675;0.678;0.678;0.678;0.682;0.682;0.682;0.682;0.682;0.682;0.686;0.690;0.690;0.690;0.690;0.690;0.690;0.690;0.690;0.690;0.686;0.690;0.686;0.686;0.682;0.678;0.675;0.671;0.663;0.647;0.643;0.635;0.627;0.627;0.616;0.604;0.596;0.588;0.584;0.580;0.573;0.569;0.561;0.553;0.549;0.541;0.537;0.525;0.522;0.514;0.506;0.498;0.490;0.482;0.475;0.467;0.463;0.459;0.439;0.435;0.424;0.416;0.408;0.404;0.392;0.384;0.380;0.392;0.396;0.400;0.400;0.404;0.412;0.420;0.435;0.443;0.447;0.447;0.447;0.447;0.451;0.455;0.459;0.459;0.463;0.467;0.471;0.475;0.475;0.486;0.494;0.490;0.494;0.494;0.498;0.498;0.502;0.502;0.506;0.510;0.514;0.518;0.522;0.522;0.529;0.533;0.537;0.541;0.545;0.549;0.549;0.553;0.557;0.573;0.580;0.584;0.584;0.588;0.592;0.592;0.596;0.600;0.604;0.608;0.612;0.616;0.620;0.620;0.624;0.627;0.631;0.639;0.643;0.647;0.651;0.655;0.659;0.663;0.667;0.671;0.675;0.678;0.682;0.690;0.694;0.698;0.706;0.710;0.714;0.718;0.725;0.741;0.745;0.745;0.749;0.753;0.757;0.765;0.773;0.776;0.780;0.788;0.796;0.804;0.824;0.831;0.835;0.835;0.839;0.843;0.851;0.855;0.859;0.867;0.871;0.878;0.890;0.902;0.902;0.902;0.906;0.910;
0.502;0.510;0.525;0.549;0.561;0.565;0.576;0.596;0.604;0.616;0.631;0.635;0.635;0.639;0.643;0.651;0.655;0.655;0.659;0.659;0.663;0.663;0.663;0.667;0.667;0.671;0.671;0.675;0.678;0.678;0.678;0.682;0.682;0.682;0.686;0.686;0.686;0.686;0.686;0.686;0.690;0.690;0.690;0.690;0.690;0.694;0.694;0.694;0.694;0.694;0.694;0.694;0.698;0.694;0.694;0.690;0.690;0.686;0.682;0.678;0.671;0.671;0.659;0.647;0.643;0.639;0.631;0.627;0.612;0.600;0.596;0.592;0.588;0.580;0.573;0.565;0.557;0.553;0.545;0.537;0.529;0.522;0.518;0.506;0.498;0.490;0.482;0.475;0.471;0.467;0.459;0.443;0.431;0.424;0.416;0.408;0.400;0.396;0.384;0.384;0.400;0.404;0.404;0.412;0.424;0.427;0.439;0.447;0.447;0.447;0.447;0.455;0.459;0.459;0.467;0.471;0.471;0.475;0.478;0.486;0.502;0.502;0.502;0.502;0.502;0.502;0.506;0.510;0.514;0.518;0.522;0.525;0.525;0.529;0.529;0.529;0.533;0.537;0.541;0.545;0.549;0.553;0.557;0.557;0.569;0.580;0.584;0.584;0.584;0.588;0.592;0.592;0.596;0.600;0.604;0.608;0.608;0.612;0.616;0.620;0.620;0.624;0.635;0.639;0.643;0.647;0.647;0.651;0.655;0.655;0.659;0.671;0.671;0.675;0.678;0.686;0.690;0.694;0.698;0.706;0.710;0.718;0.729;0.737;0.737;0.741;0.745;0.749;0.757;0.761;0.769;0.776;0.780;0.784;0.792;0.800;0.804;0.812;0.820;0.827;0.831;0.839;0.843;0.847;0.855;0.863;0.867;0.878;0.894;0.898;0.902;0.902;0.906;0.910;
0.502;0.510;0.525;0.549;0.561;0.565;0.576;0.596;0.604;0.616;0.631;0.635;0.635;0.639;0.643;0.651;0.655;0.655;0.659;0.659;0.663;0.663;0.663;0.667;0.667;0.671;0.671;0.675;0.678;0.678;0.678;0.682;0.682;0.682;0.686;0.686;0.686;0.686;0.686;0.686;0.690;0.690;0.690;0.690;0.690;0.694;0.694;0.694;0.694;0.694;0.694;0.694;0.698;0.694;0.694;0.690;0.690;0.686;0.682;0.678;0.671;0.671;0.659;0.647;0.643;0.639;0.631;0.627;0.612;0.600;0.596;0.592;0.588;0.580;0.573;0.565;0.557;0.553;0.545;0.537;0.529;0.522;0.518;0.506;0.498;0.490;0.482;0.475;0.471;0.467;0.459;0.443;0.431;0.424;0.416;0.408;0.400;0.396;0.384;0.384;0.400;0.404;0.404;0.412;0.424;0.427;0.439;0.447;0.447;0.447;0.447;0.455;0.459;0.459;0.467;0.471;0.471;0.475;0.478;0.486;0.502;0.502;0.502;0.502;0.502;0.502;0.506;0.510;0.514;0.518;0.522;0.525;0.525;0.529;0.529;0.529;0.533;0.537;0.541;0.545;0.549;0.553;0.557;0.557;0.569;0.580;0.584;0.584;0.584;0.588;0.592;0.592;0.596;0.600;0.604;0.608;0.608;0.612;0.616;0.620;0.620;0.624;0.635;0.639;0.643;0.647;0.647;0.651;0.655;0.655;0.659;0.671;0.671;0.675;0.678;0.686;0.690;0.694;0.698;0.706;0.710;0.718;0.729;0.737;0.737;0.741;0.745;0.749;0.757;0.761;0.769;0.776;0.780;0.784;0.792;0.800;0.804;0.812;0.820;0.827;0.831;0.839;0.843;0.847;0.855;0.863;0.867;0.878;0.894;0.898;0.902;0.902;0.906;0.910;
0.510;0.522;0.541;0.553;0.565;0.576;0.584;0.604;0.608;0.624;0.631;0.635;0.635;0.639;0.647;0.651;0.655;0.659;0.659;0.663;0.663;0.667;0.671;0.671;0.675;0.675;0.678;0.678;0.682;0.682;0.686;0.686;0.686;0.686;0.690;0.690;0.690;0.690;0.690;0.694;0.694;0.694;0.694;0.694;0.698;0.698;0.698;0.698;0.702;0.702;0.702;0.702;0.702;0.702;0.698;0.698;0.698;0.694;0.694;0.690;0.686;0.678;0.675;0.671;0.667;0.651;0.643;0.639;0.635;0.616;0.608;0.600;0.596;0.588;0.584;0.576;0.569;0.561;0.553;0.545;0.537;0.529;0.522;0.514;0.506;0.498;0.490;0.482;0.478;0.471;0.471;0.455;0.443;0.435;0.427;0.420;0.412;0.408;0.404;0.400;0.392;0.408;0.412;0.416;0.424;0.435;0.443;0.447;0.447;0.447;0.455;0.459;0.463;0.467;0.475;0.475;0.475;0.482;0.490;0.506;0.506;0.506;0.510;0.510;0.514;0.518;0.518;0.518;0.522;0.522;0.525;0.529;0.533;0.533;0.537;0.541;0.541;0.545;0.549;0.549;0.553;0.561;0.569;0.580;0.584;0.584;0.584;0.588;0.588;0.588;0.592;0.592;0.604;0.604;0.608;0.608;0.612;0.612;0.616;0.620;0.624;0.635;0.639;0.639;0.643;0.647;0.647;0.651;0.651;0.655;0.659;0.667;0.671;0.675;0.678;0.682;0.686;0.690;0.694;0.702;0.714;0.729;0.733;0.733;0.733;0.737;0.741;0.745;0.753;0.757;0.765;0.776;0.780;0.788;0.792;0.800;0.808;0.816;0.820;0.827;0.835;0.839;0.843;0.851;0.859;0.863;0.867;0.871;0.898;0.898;0.902;0.902;0.906;0.910;
0.510;0.522;0.541;0.553;0.565;0.576;0.584;0.604;0.608;0.624;0.631;0.635;0.635;0.639;0.647;0.651;0.655;0.659;0.659;0.663;0.663;0.667;0.671;0.671;0.675;0.675;0.678;0.678;0.682;0.682;0.686;0.686;0.686;0.686;0.690;0.690;0.690;0.690;0.690;0.694;0.694;0.694;0.694;0.694;0.698;0.698;0.698;0.698;0.702;0.702;0.702;0.702;0.702;0.702;0.698;0.698;0.698;0.694;0.694;0.690;0.686;0.678;0.675;0.671;0.667;0.651;0.643;0.639;0.635;0.616;0.608;0.600;0.596;0.588;0.584;0.576;0.569;0.561;0.553;0.545;0.537;0.529;0.522;0.514;0.506;0.498;0.490;0.482;0.478;0.471;0.471;0.455;0.443;0.435;0.427;0.420;0.412;0.408;0.404;0.400;0.392;0.408;0.412;0.416;0.424;0.435;0.443;0.447;0.447;0.447;0.455;0.459;0.463;0.467;0.475;0.475;0.475;0.482;0.490;0.506;0.506;0.506;0.510;0.510;0.514;0.518;0.518;0.518;0.522;0.522;0.525;0.529;0.533;0.533;0.537;0.541;0.541;0.545;0.549;0.549;0.553;0.561;0.569;0.580;0.584;0.584;0.584;0.588;0.588;0.588;0.592;0.592;0.604;0.604;0.608;0.608;0.612;0.612;0.616;0.620;0.624;0.635;0.639;0.639;0.643;0.647;0.647;0.651;0.651;0.655;0.659;0.667;0.671;0.675;0.678;0.682;0.686;0.690;0.694;0.702;0.714;0.729;0.733;0.733;0.733;0.737;0.741;0.745;0.753;0.757;0.765;0.776;0.780;0.788;0.792;0.800;0.808;0.816;0.820;0.827;0.835;0.839;0.843;0.851;0.859;0.863;0.867;0.871;0.898;0.898;0.902;0.902;0.906;0.910;
0.514;0.533;0.545;0.565;0.573;0.580;0.592;0.604;0.620;0.624;0.627;0.631;0.639;0.643;0.647;0.651;0.655;0.659;0.663;0.667;0.667;0.671;0.671;0.675;0.675;0.678;0.678;0.682;0.682;0.686;0.686;0.690;0.690;0.694;0.694;0.694;0.698;0.698;0.698;0.698;0.698;0.698;0.702;0.702;0.702;0.702;0.702;0.702;0.706;0.706;0.706;0.706;0.706;0.706;0.706;0.706;0.706;0.702;0.702;0.698;0.694;0.690;0.686;0.678;0.675;0.671;0.663;0.651;0.647;0.643;0.627;0.616;0.608;0.600;0.596;0.588;0.580;0.573;0.565;0.553;0.545;0.537;0.529;0.522;0.514;0.506;0.498;0.490;0.482;0.482;0.471;0.467;0.451;0.439;0.427;0.427;0.416;0.412;0.408;0.404;0.396;0.408;0.416;0.416;0.427;0.443;0.443;0.447;0.451;0.451;0.459;0.467;0.471;0.475;0.478;0.482;0.494;0.502;0.510;0.510;0.510;0.510;0.514;0.518;0.518;0.522;0.525;0.529;0.533;0.533;0.537;0.537;0.541;0.545;0.545;0.549;0.553;0.553;0.557;0.561;0.576;0.580;0.580;0.584;0.584;0.584;0.588;0.588;0.592;0.592;0.596;0.604;0.608;0.608;0.608;0.608;0.612;0.616;0.620;0.624;0.635;0.635;0.639;0.643;0.643;0.647;0.651;0.651;0.655;0.659;0.663;0.667;0.675;0.678;0.682;0.686;0.690;0.694;0.698;0.702;0.714;0.725;0.729;0.733;0.733;0.737;0.741;0.749;0.753;0.761;0.765;0.773;0.780;0.788;0.792;0.804;0.812;0.816;0.824;0.831;0.835;0.839;0.847;0.851;0.859;0.863;0.871;0.882;0.894;0.898;0.898;0.902;0.906;0.910;
0.514;0.533;0.545;0.565;0.573;0.580;0.592;0.604;0.620;0.624;0.627;0.631;0.639;0.643;0.647;0.651;0.655;0.659;0.663;0.667;0.667;0.671;0.671;0.675;0.675;0.678;0.678;0.682;0.682;0.686;0.686;0.690;0.690;0.694;0.694;0.694;0.698;0.698;0.698;0.698;0.698;0.698;0.702;0.702;0.702;0.702;0.702;0.702;0.706;0.706;0.706;0.706;0.706;0.706;0.706;0.706;0.706;0.702;0.702;0.698;0.694;0.690;0.686;0.678;0.675;0.671;0.663;0.651;0.647;0.643;0.627;0.616;0.608;0.600;0.596;0.588;0.580;0.573;0.565;0.553;0.545;0.537;0.529;0.522;0.514;0.506;0.498;0.490;0.482;0.482;0.471;0.467;0.451;0.439;0.427;0.427;0.416;0.412;0.408;0.404;0.396;0.408;0.416;0.416;0.427;0.443;0.443;0.447;0.451;0.451;0.459;0.467;0.471;0.475;0.478;0.482;0.494;0.502;0.510;0.510;0.510;0.510;0.514;0.518;0.518;0.522;0.525;0.529;0.533;0.533;0.537;0.537;0.541;0.545;0.545;0.549;0.553;0.553;0.557;0.561;0.576;0.580;0.580;0.584;0.584;0.584;0.588;0.588;0.592;0.592;0.596;0.604;0.608;0.608;0.608;0.608;0.612;0.616;0.620;0.624;0.635;0.635;0.639;0.643;0.643;0.647;0.651;0.651;0.655;0.659;0.663;0.667;0.675;0.678;0.682;0.686;0.690;0.694;0.698;0.702;0.714;0.725;0.729;0.733;0.733;0.737;0.741;0.749;0.753;0.761;0.765;0.773;0.780;0.788;0.792;0.804;0.812;0.816;0.824;0.831;0.835;0.839;0.847;0.851;0.859;0.863;0.871;0.882;0.894;0.898;0.898;0.902;0.906;0.910;
0.529;0.537;0.557;0.569;0.576;0.584;0.600;0.612;0.620;0.624;0.627;0.635;0.639;0.647;0.651;0.655;0.655;0.659;0.663;0.667;0.667;0.671;0.671;0.675;0.678;0.682;0.686;0.686;0.686;0.690;0.690;0.694;0.694;0.698;0.698;0.698;0.702;0.706;0.702;0.702;0.706;0.706;0.706;0.706;0.706;0.706;0.710;0.710;0.710;0.710;0.710;0.710;0.710;0.710;0.710;0.710;0.710;0.710;0.706;0.706;0.702;0.702;0.702;0.694;0.690;0.682;0.678;0.671;0.667;0.663;0.651;0.635;0.624;0.612;0.604;0.596;0.588;0.580;0.573;0.561;0.553;0.545;0.537;0.529;0.518;0.510;0.502;0.494;0.486;0.482;0.482;0.475;0.455;0.455;0.451;0.435;0.431;0.416;0.416;0.416;0.412;0.400;0.420;0.424;0.439;0.447;0.447;0.447;0.451;0.455;0.467;0.471;0.475;0.482;0.494;0.494;0.498;0.510;0.510;0.514;0.514;0.518;0.518;0.522;0.525;0.529;0.533;0.533;0.537;0.541;0.549;0.549;0.553;0.553;0.557;0.557;0.561;0.561;0.569;0.584;0.584;0.584;0.584;0.584;0.584;0.588;0.592;0.592;0.596;0.596;0.600;0.608;0.608;0.612;0.612;0.616;0.616;0.620;0.624;0.631;0.635;0.639;0.639;0.643;0.647;0.651;0.651;0.655;0.659;0.663;0.667;0.675;0.678;0.682;0.686;0.690;0.694;0.698;0.702;0.710;0.718;0.725;0.729;0.733;0.737;0.741;0.745;0.753;0.757;0.761;0.769;0.773;0.780;0.788;0.796;0.804;0.812;0.816;0.824;0.831;0.839;0.843;0.847;0.855;0.859;0.863;0.878;0.890;0.894;0.894;0.898;0.902;0.906;0.910;
0.529;0.537;0.557;0.569;0.576;0.584;0.600;0.612;0.620;0.624;0.627;0.635;0.639;0.647;0.651;0.655;0.655;0.659;0.663;0.667;0.667;0.671;0.671;0.675;0.678;0.682;0.686;0.686;0.686;0.690;0.690;0.694;0.694;0.698;0.698;0.698;0.702;0.706;0.702;0.702;0.706;0.706;0.706;0.706;0.706;0.706;0.710;0.710;0.710;0.710;0.710;0.710;0.710;0.710;0.710;0.710;0.710;0.710;0.706;0.706;0.702;0.702;0.702;0.694;0.690;0.682;0.678;0.671;0.667;0.663;0.651;0.635;0.624;0.612;0.604;0.596;0.588;0.580;0.573;0.561;0.553;0.545;0.537;0.529;0.518;0.510;0.502;0.494;0.486;0.482;0.482;0.475;0.455;0.455;0.451;0.435;0.431;0.416;0.416;0.416;0.412;0.400;0.420;0.424;0.439;0.447;0.447;0.447;0.451;0.455;0.467;0.471;0.475;0.482;0.494;0.494;0.498;0.510;0.510;0.514;0.514;0.518;0.518;0.522;0.525;0.529;0.533;0.533;0.537;0.541;0.549;0.549;0.553;0.553;0.557;0.557;0.561;0.561;0.569;0.584;0.584;0.584;0.584;0.584;0.584;0.588;0.592;0.592;0.596;0.596;0.600;0.608;0.608;0.612;0.612;0.616;0.616;0.620;0.624;0.631;0.635;0.639;0.639;0.643;0.647;0.651;0.651;0.655;0.659;0.663;0.667;0.675;0.678;0.682;0.686;0.690;0.694;0.698;0.702;0.710;0.718;0.725;0.729;0.733;0.737;0.741;0.745;0.753;0.757;0.761;0.769;0.773;0.780;0.788;0.796;0.804;0.812;0.816;0.824;0.831;0.839;0.843;0.847;0.855;0.859;0.863;0.878;0.890;0.894;0.894;0.898;0.902;0.906;0.910;
0.533;0.545;0.565;0.573;0.576;0.592;0.608;0.616;0.620;0.627;0.631;0.635;0.643;0.647;0.651;0.655;0.655;0.659;0.663;0.667;0.671;0.671;0.675;0.678;0.682;0.682;0.686;0.686;0.690;0.694;0.694;0.698;0.698;0.702;0.702;0.706;0.706;0.710;0.710;0.710;0.710;0.710;0.710;0.714;0.714;0.714;0.714;0.714;0.714;0.718;0.718;0.718;0.718;0.718;0.718;0.714;0.718;0.718;0.714;0.714;0.710;0.710;0.706;0.702;0.698;0.694;0.686;0.682;0.671;0.667;0.663;0.647;0.635;0.627;0.612;0.604;0.596;0.588;0.580;0.573;0.565;0.553;0.545;0.533;0.525;0.518;0.510;0.502;0.494;0.486;0.486;0.482;0.463;0.455;0.447;0.439;0.435;0.427;0.420;0.416;0.416;0.408;0.420;0.427;0.431;0.451;0.451;0.451;0.455;0.467;0.471;0.471;0.486;0.490;0.494;0.494;0.506;0.514;0.514;0.514;0.518;0.522;0.525;0.529;0.533;0.537;0.537;0.541;0.545;0.549;0.553;0.557;0.561;0.561;0.561;0.565;0.565;0.580;0.588;0.584;0.584;0.584;0.588;0.588;0.592;0.592;0.596;0.600;0.604;0.604;0.608;0.612;0.612;0.616;0.620;0.624;0.624;0.627;0.631;0.635;0.639;0.643;0.647;0.651;0.655;0.655;0.659;0.663;0.671;0.671;0.675;0.678;0.682;0.686;0.690;0.694;0.698;0.706;0.714;0.718;0.725;0.729;0.733;0.737;0.741;0.745;0.749;0.757;0.761;0.769;0.773;0.780;0.788;0.796;0.804;0.808;0.816;0.820;0.827;0.831;0.839;0.843;0.851;0.855;0.867;0.882;0.890;0.890;0.894;0.894;0.898;0.906;0.910;0.914;
0.533;0.545;0.565;0.573;0.576;0.592;0.608;0.616;0.620;0.627;0.631;0.635;0.643;0.647;0.651;0.655;0.655;0.659;0.663;0.667;0.671;0.671;0.675;0.678;0.682;0.682;0.686;0.686;0.690;0.694;0.694;0.698;0.698;0.702;0.702;0.706;0.706;0.710;0.710;0.710;0.710;0.710;0.710;0.714;0.714;0.714;0.714;0.714;0.714;0.718;0.718;0.718;0.718;0.718;0.718;0.714;0.718;0.718;0.714;0.714;0.710;0.710;0.706;0.702;0.698;0.694;0.686;0.682;0.671;0.667;0.663;0.647;0.635;0.627;0.612;0.604;0.596;0.588;0.580;0.573;0.565;0.553;0.545;0.533;0.525;0.518;0.510;0.502;0.494;0.486;0.486;0.482;0.463;0.455;0.447;0.439;0.435;0.427;0.420;0.416;0.416;0.408;0.420;0.427;0.431;0.451;0.451;0.451;0.455;0.467;0.471;0.471;0.486;0.490;0.494;0.494;0.506;0.514;0.514;0.514;0.518;0.522;0.525;0.529;0.533;0.537;0.537;0.541;0.545;0.549;0.553;0.557;0.561;0.561;0.561;0.565;0.565;0.580;0.588;0.584;0.584;0.584;0.588;0.588;0.592;0.592;0.596;0.600;0.604;0.604;0.608;0.612;0.612;0.616;0.620;0.624;0.624;0.627;0.631;0.635;0.639;0.643;0.647;0.651;0.655;0.655;0.659;0.663;0.671;0.671;0.675;0.678;0.682;0.686;0.690;0.694;0.698;0.706;0.714;0.718;0.725;0.729;0.733;0.737;0.741;0.745;0.749;0.757;0.761;0.769;0.773;0.780;0.788;0.796;0.804;0.808;0.816;0.820;0.827;0.831;0.839;0.843;0.851;0.855;0.867;0.882;0.890;0.890;0.894;0.894;0.898;0.906;0.910;0.914;
0.529;0.549;0.561;0.573;0.580;0.596;0.612;0.616;0.620;0.627;0.631;0.635;0.643;0.647;0.651;0.655;0.659;0.659;0.663;0.667;0.671;0.675;0.678;0.678;0.682;0.686;0.686;0.690;0.694;0.698;0.698;0.702;0.702;0.706;0.710;0.710;0.714;0.714;0.718;0.718;0.718;0.718;0.718;0.718;0.718;0.722;0.722;0.722;0.722;0.722;0.722;0.722;0.722;0.722;0.722;0.725;0.725;0.722;0.722;0.718;0.718;0.714;0.714;0.710;0.706;0.702;0.694;0.690;0.682;0.675;0.671;0.667;0.647;0.639;0.631;0.616;0.608;0.596;0.588;0.580;0.573;0.561;0.549;0.541;0.529;0.522;0.518;0.510;0.498;0.494;0.490;0.490;0.475;0.463;0.459;0.451;0.439;0.431;0.431;0.431;0.431;0.427;0.427;0.427;0.424;0.439;0.459;0.459;0.463;0.471;0.471;0.478;0.490;0.490;0.494;0.498;0.506;0.518;0.518;0.518;0.522;0.525;0.533;0.533;0.537;0.541;0.545;0.549;0.553;0.553;0.557;0.561;0.565;0.569;0.573;0.573;0.580;0.588;0.588;0.588;0.588;0.592;0.592;0.596;0.600;0.604;0.604;0.608;0.612;0.612;0.616;0.620;0.624;0.624;0.627;0.631;0.635;0.635;0.639;0.643;0.647;0.651;0.655;0.659;0.659;0.663;0.667;0.678;0.675;0.678;0.682;0.686;0.690;0.694;0.698;0.706;0.710;0.718;0.722;0.725;0.729;0.737;0.737;0.741;0.745;0.753;0.757;0.761;0.765;0.773;0.780;0.788;0.796;0.800;0.808;0.812;0.820;0.824;0.831;0.839;0.843;0.847;0.851;0.863;0.875;0.878;0.882;0.886;0.894;0.898;0.902;0.906;0.910;0.910;
0.529;0.549;0.561;0.573;0.580;0.596;0.612;0.616;0.620;0.627;0.631;0.635;0.643;0.647;0.651;0.655;0.659;0.659;0.663;0.667;0.671;0.675;0.678;0.678;0.682;0.686;0.686;0.690;0.694;0.698;0.698;0.702;0.702;0.706;0.710;0.710;0.714;0.714;0.718;0.718;0.718;0.718;0.718;0.718;0.718;0.722;0.722;0.722;0.722;0.722;0.722;0.722;0.722;0.722;0.722;0.725;0.725;0.722;0.722;0.718;0.718;0.714;0.714;0.710;0.706;0.702;0.694;0.690;0.682;0.675;0.671;0.667;0.647;0.639;0.631;0.616;0.608;0.596;0.588;0.580;0.573;0.561;0.549;0.541;0.529;0.522;0.518;0.510;0.498;0.494;0.490;0.490;0.475;0.463;0.459;0.451;0.439;0.431;0.431;0.431;0.431;0.427;0.427;0.427;0.424;0.439;0.459;0.459;0.463;0.471;0.471;0.478;0.490;0.490;0.494;0.498;0.506;0.518;0.518;0.518;0.522;0.525;0.533;0.533;0.537;0.541;0.545;0.549;0.553;0.553;0.557;0.561;0.565;0.569;0.573;0.573;0.580;0.588;0.588;0.588;0.588;0.592;0.592;0.596;0.600;0.604;0.604;0.608;0.612;0.612;0.616;0.620;0.624;0.624;0.627;0.631;0.635;0.635;0.639;0.643;0.647;0.651;0.655;0.659;0.659;0.663;0.667;0.678;0.675;0.678;0.682;0.686;0.690;0.694;0.698;0.706;0.710;0.718;0.722;0.725;0.729;0.737;0.737;0.741;0.745;0.753;0.757;0.761;0.765;0.773;0.780;0.788;0.796;0.800;0.808;0.812;0.820;0.824;0.831;0.839;0.843;0.847;0.851;0.863;0.875;0.878;0.882;0.886;0.894;0.898;0.902;0.906;0.910;0.910;
0.529;0.549;0.561;0.573;0.584;0.600;0.608;0.612;0.620;0.627;0.631;0.635;0.643;0.647;0.651;0.655;0.659;0.659;0.667;0.667;0.671;0.675;0.678;0.682;0.682;0.686;0.690;0.694;0.698;0.702;0.702;0.706;0.710;0.710;0.714;0.718;0.718;0.722;0.722;0.722;0.725;0.725;0.725;0.725;0.729;0.729;0.729;0.729;0.729;0.733;0.729;0.729;0.729;0.729;0.729;0.729;0.729;0.729;0.725;0.725;0.722;0.722;0.718;0.714;0.714;0.710;0.706;0.698;0.690;0.682;0.678;0.675;0.667;0.647;0.639;0.627;0.612;0.604;0.596;0.584;0.576;0.569;0.557;0.545;0.533;0.529;0.522;0.514;0.506;0.502;0.498;0.494;0.478;0.471;0.455;0.447;0.443;0.439;0.439;0.439;0.439;0.439;0.439;0.435;0.435;0.443;0.455;0.463;0.467;0.471;0.475;0.486;0.486;0.490;0.494;0.502;0.506;0.518;0.522;0.522;0.525;0.533;0.537;0.541;0.541;0.545;0.549;0.553;0.557;0.557;0.561;0.565;0.569;0.573;0.573;0.576;0.588;0.592;0.592;0.596;0.596;0.600;0.604;0.608;0.612;0.612;0.616;0.620;0.624;0.624;0.624;0.627;0.627;0.635;0.635;0.639;0.643;0.647;0.651;0.655;0.655;0.659;0.663;0.667;0.671;0.675;0.675;0.678;0.682;0.686;0.686;0.694;0.706;0.718;0.718;0.718;0.722;0.725;0.729;0.733;0.737;0.737;0.741;0.749;0.753;0.757;0.761;0.769;0.773;0.780;0.784;0.792;0.800;0.804;0.812;0.816;0.824;0.827;0.835;0.839;0.843;0.855;0.871;0.871;0.875;0.878;0.882;0.886;0.890;0.898;0.902;0.906;0.910;0.910;
0.529;0.549;0.561;0.573;0.584;0.600;0.608;0.612;0.620;0.627;0.631;0.635;0.643;0.647;0.651;0.655;0.659;0.659;0.667;0.667;0.671;0.675;0.678;0.682;0.682;0.686;0.690;0.694;0.698;0.702;0.702;0.706;0.710;0.710;0.714;0.718;0.718;0.722;0.722;0.722;0.725;0.725;0.725;0.725;0.729;0.729;0.729;0.729;0.729;0.733;0.729;0.729;0.729;0.729;0.729;0.729;0.729;0.729;0.725;0.725;0.722;0.722;0.718;0.714;0.714;0.710;0.706;0.698;0.690;0.682;0.678;0.675;0.667;0.647;0.639;0.627;0.612;0.604;0.596;0.584;0.576;0.569;0.557;0.545;0.533;0.529;0.522;0.514;0.506;0.502;0.498;0.494;0.478;0.471;0.455;0.447;0.443;0.439;0.439;0.439;0.439;0.439;0.439;0.435;0.435;0.443;0.455;0.463;0.467;0.471;0.475;0.486;0.486;0.490;0.494;0.502;0.506;0.518;0.522;0.522;0.525;0.533;0.537;0.541;0.541;0.545;0.549;0.553;0.557;0.557;0.561;0.565;0.569;0.573;0.573;0.576;0.588;0.592;0.592;0.596;0.596;0.600;0.604;0.608;0.612;0.612;0.616;0.620;0.624;0.624;0.624;0.627;0.627;0.635;0.635;0.639;0.643;0.647;0.651;0.655;0.655;0.659;0.663;0.667;0.671;0.675;0.675;0.678;0.682;0.686;0.686;0.694;0.706;0.718;0.718;0.718;0.722;0.725;0.729;0.733;0.737;0.737;0.741;0.749;0.753;0.757;0.761;0.769;0.773;0.780;0.784;0.792;0.800;0.804;0.812;0.816;0.824;0.827;0.835;0.839;0.843;0.855;0.871;0.871;0.875;0.878;0.882;0.886;0.890;0.898;0.902;0.906;0.910;0.910;
0.525;0.541;0.553;0.569;0.580;0.600;0.604;0.608;0.616;0.624;0.631;0.635;0.643;0.647;0.651;0.655;0.659;0.663;0.663;0.667;0.671;0.675;0.678;0.682;0.686;0.690;0.694;0.698;0.698;0.702;0.706;0.710;0.710;0.714;0.718;0.722;0.722;0.725;0.725;0.729;0.733;0.733;0.733;0.733;0.737;0.737;0.737;0.737;0.737;0.737;0.737;0.737;0.737;0.737;0.737;0.733;0.733;0.733;0.733;0.733;0.733;0.729;0.725;0.722;0.718;0.714;0.710;0.706;0.702;0.690;0.686;0.678;0.675;0.667;0.643;0.635;0.624;0.612;0.604;0.592;0.584;0.573;0.565;0.553;0.541;0.537;0.525;0.514;0.510;0.502;0.498;0.498;0.490;0.478;0.463;0.455;0.447;0.443;0.443;0.443;0.443;0.439;0.443;0.447;0.447;0.447;0.447;0.467;0.471;0.475;0.482;0.486;0.486;0.494;0.498;0.502;0.506;0.522;0.525;0.525;0.529;0.533;0.537;0.541;0.545;0.549;0.553;0.557;0.561;0.565;0.573;0.580;0.584;0.588;0.592;0.592;0.596;0.604;0.604;0.604;0.608;0.608;0.612;0.620;0.620;0.624;0.627;0.627;0.631;0.635;0.639;0.639;0.639;0.643;0.647;0.651;0.651;0.659;0.659;0.663;0.667;0.671;0.671;0.675;0.675;0.678;0.682;0.686;0.690;0.702;0.714;0.718;0.718;0.718;0.722;0.722;0.725;0.729;0.733;0.737;0.741;0.745;0.749;0.753;0.761;0.765;0.769;0.773;0.780;0.784;0.788;0.796;0.804;0.808;0.816;0.820;0.824;0.827;0.835;0.839;0.855;0.867;0.867;0.871;0.875;0.878;0.886;0.886;0.894;0.898;0.902;0.906;0.906;0.910;
0.525;0.541;0.553;0.569;0.580;0.600;0.604;0.608;0.616;0.624;0.631;0.635;0.643;0.647;0.651;0.655;0.659;0.663;0.663;0.667;0.671;0.675;0.678;0.682;0.686;0.690;0.694;0.698;0.698;0.702;0.706;0.710;0.710;0.714;0.718;0.722;0.722;0.725;0.725;0.729;0.733;0.733;0.733;0.733;0.737;0.737;0.737;0.737;0.737;0.737;0.737;0.737;0.737;0.737;0.737;0.733;0.733;0.733;0.733;0.733;0.733;0.729;0.725;0.722;0.718;0.714;0.710;0.706;0.702;0.690;0.686;0.678;0.675;0.667;0.643;0.635;0.624;0.612;0.604;0.592;0.584;0.573;0.565;0.553;0.541;0.537;0.525;0.514;0.510;0.502;0.498;0.498;0.490;0.478;0.463;0.455;0.447;0.443;0.443;0.443;0.443;0.439;0.443;0.447;0.447;0.447;0.447;0.467;0.471;0.475;0.482;0.486;0.486;0.494;0.498;0.502;0.506;0.522;0.525;0.525;0.529;0.533;0.537;0.541;0.545;0.549;0.553;0.557;0.561;0.565;0.573;0.580;0.584;0.588;0.592;0.592;0.596;0.604;0.604;0.604;0.608;0.608;0.612;0.620;0.620;0.624;0.627;0.627;0.631;0.635;0.639;0.639;0.639;0.643;0.647;0.651;0.651;0.659;0.659;0.663;0.667;0.671;0.671;0.675;0.675;0.678;0.682;0.686;0.690;0.702;0.714;0.718;0.718;0.718;0.722;0.722;0.725;0.729;0.733;0.737;0.741;0.745;0.749;0.753;0.761;0.765;0.769;0.773;0.780;0.784;0.788;0.796;0.804;0.808;0.816;0.820;0.824;0.827;0.835;0.839;0.855;0.867;0.867;0.871;0.875;0.878;0.886;0.886;0.894;0.898;0.902;0.906;0.906;0.910;
0.525;0.537;0.549;0.565;0.576;0.592;0.600;0.604;0.612;0.620;0.627;0.635;0.643;0.647;0.651;0.655;0.659;0.663;0.667;0.667;0.671;0.675;0.678;0.682;0.686;0.690;0.694;0.698;0.702;0.706;0.710;0.710;0.714;0.718;0.725;0.725;0.725;0.729;0.733;0.733;0.737;0.741;0.741;0.741;0.745;0.745;0.745;0.745;0.745;0.745;0.749;0.753;0.753;0.753;0.749;0.749;0.745;0.745;0.745;0.741;0.737;0.737;0.733;0.729;0.725;0.722;0.718;0.710;0.706;0.702;0.690;0.682;0.678;0.675;0.663;0.643;0.627;0.620;0.608;0.596;0.588;0.580;0.569;0.557;0.549;0.541;0.529;0.522;0.514;0.506;0.502;0.502;0.498;0.482;0.471;0.463;0.455;0.455;0.455;0.451;0.451;0.451;0.451;0.447;0.447;0.451;0.455;0.467;0.475;0.475;0.482;0.482;0.490;0.494;0.498;0.502;0.510;0.522;0.525;0.529;0.533;0.537;0.541;0.549;0.553;0.557;0.565;0.569;0.573;0.576;0.580;0.584;0.588;0.592;0.596;0.596;0.600;0.612;0.612;0.616;0.616;0.620;0.620;0.631;0.631;0.635;0.635;0.639;0.639;0.643;0.647;0.651;0.655;0.651;0.655;0.659;0.663;0.667;0.671;0.671;0.675;0.678;0.682;0.682;0.686;0.686;0.694;0.710;0.714;0.714;0.718;0.718;0.722;0.725;0.725;0.729;0.733;0.737;0.741;0.745;0.749;0.757;0.761;0.765;0.765;0.773;0.776;0.780;0.784;0.788;0.796;0.804;0.808;0.816;0.820;0.824;0.827;0.831;0.843;0.859;0.863;0.863;0.867;0.871;0.875;0.878;0.882;0.890;0.894;0.898;0.902;0.906;0.906;0.910;
0.525;0.537;0.549;0.565;0.576;0.592;0.600;0.604;0.612;0.620;0.627;0.635;0.643;0.647;0.651;0.655;0.659;0.663;0.667;0.667;0.671;0.675;0.678;0.682;0.686;0.690;0.694;0.698;0.702;0.706;0.710;0.710;0.714;0.718;0.725;0.725;0.725;0.729;0.733;0.733;0.737;0.741;0.741;0.741;0.745;0.745;0.745;0.745;0.745;0.745;0.749;0.753;0.753;0.753;0.749;0.749;0.745;0.745;0.745;0.741;0.737;0.737;0.733;0.729;0.725;0.722;0.718;0.710;0.706;0.702;0.690;0.682;0.678;0.675;0.663;0.643;0.627;0.620;0.608;0.596;0.588;0.580;0.569;0.557;0.549;0.541;0.529;0.522;0.514;0.506;0.502;0.502;0.498;0.482;0.471;0.463;0.455;0.455;0.455;0.451;0.451;0.451;0.451;0.447;0.447;0.451;0.455;0.467;0.475;0.475;0.482;0.482;0.490;0.494;0.498;0.502;0.510;0.522;0.525;0.529;0.533;0.537;0.541;0.549;0.553;0.557;0.565;0.569;0.573;0.576;0.580;0.584;0.588;0.592;0.596;0.596;0.600;0.612;0.612;0.616;0.616;0.620;0.620;0.631;0.631;0.635;0.635;0.639;0.639;0.643;0.647;0.651;0.655;0.651;0.655;0.659;0.663;0.667;0.671;0.671;0.675;0.678;0.682;0.682;0.686;0.686;0.694;0.710;0.714;0.714;0.718;0.718;0.722;0.725;0.725;0.729;0.733;0.737;0.741;0.745;0.749;0.757;0.761;0.765;0.765;0.773;0.776;0.780;0.784;0.788;0.796;0.804;0.808;0.816;0.820;0.824;0.827;0.831;0.843;0.859;0.863;0.863;0.867;0.871;0.875;0.878;0.882;0.890;0.894;0.898;0.902;0.906;0.906;0.910;
0.525;0.537;0.549;0.561;0.576;0.588;0.592;0.600;0.608;0.616;0.627;0.635;0.639;0.647;0.651;0.655;0.655;0.663;0.663;0.667;0.671;0.675;0.678;0.682;0.686;0.690;0.694;0.698;0.702;0.706;0.710;0.714;0.718;0.722;0.725;0.729;0.729;0.733;0.737;0.741;0.745;0.745;0.753;0.749;0.753;0.757;0.761;0.761;0.761;0.761;0.761;0.761;0.761;0.761;0.761;0.761;0.757;0.757;0.753;0.749;0.745;0.741;0.737;0.733;0.729;0.725;0.722;0.718;0.714;0.706;0.698;0.690;0.678;0.675;0.667;0.651;0.635;0.624;0.616;0.612;0.596;0.584;0.576;0.565;0.553;0.545;0.537;0.529;0.522;0.514;0.506;0.502;0.498;0.486;0.482;0.475;0.467;0.459;0.455;0.455;0.455;0.451;0.451;0.451;0.451;0.451;0.455;0.463;0.478;0.482;0.482;0.486;0.490;0.498;0.502;0.506;0.514;0.518;0.525;0.529;0.533;0.537;0.541;0.549;0.553;0.557;0.565;0.569;0.573;0.576;0.580;0.588;0.592;0.596;0.596;0.600;0.604;0.620;0.624;0.624;0.627;0.627;0.631;0.635;0.639;0.643;0.643;0.647;0.651;0.655;0.659;0.659;0.663;0.667;0.671;0.671;0.675;0.675;0.678;0.682;0.686;0.690;0.694;0.698;0.706;0.710;0.718;0.714;0.718;0.722;0.725;0.725;0.729;0.733;0.737;0.737;0.741;0.745;0.749;0.757;0.769;0.769;0.769;0.773;0.773;0.776;0.780;0.784;0.792;0.796;0.804;0.808;0.812;0.816;0.820;0.824;0.831;0.851;0.855;0.859;0.859;0.863;0.867;0.871;0.875;0.878;0.882;0.890;0.894;0.898;0.902;0.906;0.910;0.914;
0.525;0.537;0.549;0.561;0.576;0.588;0.592;0.600;0.608;0.616;0.627;0.635;0.639;0.647;0.651;0.655;0.655;0.663;0.663;0.667;0.671;0.675;0.678;0.682;0.686;0.690;0.694;0.698;0.702;0.706;0.710;0.714;0.718;0.722;0.725;0.729;0.729;0.733;0.737;0.741;0.745;0.745;0.753;0.749;0.753;0.757;0.761;0.761;0.761;0.761;0.761;0.761;0.761;0.761;0.761;0.761;0.757;0.757;0.753;0.749;0.745;0.741;0.737;0.733;0.729;0.725;0.722;0.718;0.714;0.706;0.698;0.690;0.678;0.675;0.667;0.651;0.635;0.624;0.616;0.612;0.596;0.584;0.576;0.565;0.553;0.545;0.537;0.529;0.522;0.514;0.506;0.502;0.498;0.486;0.482;0.475;0.467;0.459;0.455;0.455;0.455;0.451;0.451;0.451;0.451;0.451;0.455;0.463;0.478;0.482;0.482;0.486;0.490;0.498;0.502;0.506;0.514;0.518;0.525;0.529;0.533;0.537;0.541;0.549;0.553;0.557;0.565;0.569;0.573;0.576;0.580;0.588;0.592;0.596;0.596;0.600;0.604;0.620;0.624;0.624;0.627;0.627;0.631;0.635;0.639;0.643;0.643;0.647;0.651;0.655;0.659;0.659;0.663;0.667;0.671;0.671;0.675;0.675;0.678;0.682;0.686;0.690;0.694;0.698;0.706;0.710;0.718;0.714;0.718;0.722;0.725;0.725;0.729;0.733;0.737;0.737;0.741;0.745;0.749;0.757;0.769;0.769;0.769;0.773;0.773;0.776;0.780;0.784;0.792;0.796;0.804;0.808;0.812;0.816;0.820;0.824;0.831;0.851;0.855;0.859;0.859;0.863;0.867;0.871;0.875;0.878;0.882;0.890;0.894;0.898;0.902;0.906;0.910;0.914;
0.522;0.533;0.545;0.557;0.576;0.584;0.592;0.600;0.608;0.616;0.624;0.631;0.639;0.643;0.651;0.655;0.655;0.659;0.663;0.667;0.671;0.675;0.678;0.682;0.686;0.690;0.694;0.698;0.702;0.706;0.710;0.714;0.718;0.722;0.725;0.729;0.733;0.741;0.745;0.749;0.753;0.753;0.757;0.761;0.765;0.765;0.769;0.769;0.773;0.773;0.773;0.773;0.773;0.769;0.769;0.769;0.765;0.765;0.761;0.761;0.757;0.753;0.745;0.741;0.737;0.733;0.725;0.722;0.718;0.710;0.706;0.698;0.690;0.675;0.671;0.667;0.647;0.631;0.620;0.608;0.600;0.592;0.584;0.576;0.565;0.553;0.545;0.533;0.525;0.518;0.514;0.510;0.510;0.506;0.486;0.478;0.475;0.467;0.459;0.455;0.455;0.451;0.451;0.451;0.451;0.451;0.455;0.451;0.478;0.486;0.486;0.490;0.494;0.494;0.498;0.506;0.514;0.518;0.522;0.525;0.533;0.537;0.541;0.549;0.553;0.561;0.565;0.569;0.576;0.580;0.588;0.596;0.600;0.604;0.608;0.612;0.616;0.620;0.631;0.635;0.635;0.639;0.639;0.643;0.651;0.651;0.655;0.659;0.663;0.667;0.667;0.671;0.671;0.675;0.678;0.686;0.686;0.686;0.690;0.690;0.694;0.702;0.706;0.710;0.714;0.718;0.718;0.725;0.725;0.729;0.733;0.733;0.737;0.741;0.741;0.745;0.749;0.753;0.757;0.761;0.769;0.773;0.773;0.776;0.780;0.784;0.792;0.800;0.804;0.808;0.808;0.812;0.816;0.824;0.827;0.847;0.851;0.851;0.855;0.859;0.859;0.863;0.867;0.871;0.875;0.882;0.886;0.890;0.894;0.898;0.902;0.906;0.910;0.914;
0.522;0.533;0.545;0.557;0.576;0.584;0.592;0.600;0.608;0.616;0.624;0.631;0.639;0.643;0.651;0.655;0.655;0.659;0.663;0.667;0.671;0.675;0.678;0.682;0.686;0.690;0.694;0.698;0.702;0.706;0.710;0.714;0.718;0.722;0.725;0.729;0.733;0.741;0.745;0.749;0.753;0.753;0.757;0.761;0.765;0.765;0.769;0.769;0.773;0.773;0.773;0.773;0.773;0.769;0.769;0.769;0.765;0.765;0.761;0.761;0.757;0.753;0.745;0.741;0.737;0.733;0.725;0.722;0.718;0.710;0.706;0.698;0.690;0.675;0.671;0.667;0.647;0.631;0.620;0.608;0.600;0.592;0.584;0.576;0.565;0.553;0.545;0.533;0.525;0.518;0.514;0.510;0.510;0.506;0.486;0.478;0.475;0.467;0.459;0.455;0.455;0.451;0.451;0.451;0.451;0.451;0.455;0.451;0.478;0.486;0.486;0.490;0.494;0.494;0.498;0.506;0.514;0.518;0.522;0.525;0.533;0.537;0.541;0.549;0.553;0.561;0.565;0.569;0.576;0.580;0.588;0.596;0.600;0.604;0.608;0.612;0.616;0.620;0.631;0.635;0.635;0.639;0.639;0.643;0.651;0.651;0.655;0.659;0.663;0.667;0.667;0.671;0.671;0.675;0.678;0.686;0.686;0.686;0.690;0.690;0.694;0.702;0.706;0.710;0.714;0.718;0.718;0.725;0.725;0.729;0.733;0.733;0.737;0.741;0.741;0.745;0.749;0.753;0.757;0.761;0.769;0.773;0.773;0.776;0.780;0.784;0.792;0.800;0.804;0.808;0.808;0.812;0.816;0.824;0.827;0.847;0.851;0.851;0.855;0.859;0.859;0.863;0.867;0.871;0.875;0.882;0.886;0.890;0.894;0.898;0.902;0.906;0.910;0.914;
0.522;0.533;0.541;0.561;0.576;0.580;0.592;0.596;0.604;0.612;0.624;0.627;0.635;0.643;0.651;0.655;0.655;0.659;0.663;0.667;0.671;0.675;0.678;0.682;0.686;0.690;0.694;0.698;0.702;0.706;0.710;0.714;0.718;0.725;0.729;0.733;0.737;0.741;0.745;0.749;0.753;0.757;0.761;0.769;0.773;0.773;0.776;0.776;0.780;0.780;0.780;0.780;0.780;0.780;0.780;0.776;0.776;0.773;0.773;0.769;0.765;0.761;0.757;0.749;0.745;0.737;0.733;0.725;0.722;0.718;0.710;0.706;0.694;0.686;0.675;0.671;0.667;0.647;0.631;0.620;0.608;0.596;0.588;0.580;0.569;0.557;0.553;0.545;0.533;0.525;0.518;0.514;0.514;0.510;0.498;0.482;0.478;0.478;0.467;0.463;0.459;0.459;0.455;0.455;0.455;0.455;0.459;0.459;0.459;0.490;0.490;0.490;0.494;0.494;0.498;0.506;0.510;0.518;0.522;0.525;0.533;0.537;0.545;0.549;0.557;0.561;0.565;0.576;0.580;0.584;0.592;0.596;0.600;0.608;0.612;0.616;0.620;0.624;0.631;0.643;0.647;0.647;0.651;0.655;0.659;0.663;0.667;0.671;0.671;0.675;0.678;0.682;0.686;0.690;0.698;0.694;0.694;0.694;0.698;0.702;0.706;0.710;0.714;0.722;0.722;0.725;0.725;0.729;0.733;0.733;0.737;0.741;0.741;0.745;0.749;0.753;0.753;0.757;0.761;0.761;0.765;0.776;0.784;0.788;0.792;0.800;0.804;0.808;0.808;0.812;0.816;0.824;0.835;0.843;0.847;0.847;0.847;0.851;0.855;0.859;0.863;0.867;0.871;0.875;0.878;0.882;0.886;0.894;0.898;0.902;0.902;0.906;0.914;0.918;
0.522;0.533;0.541;0.561;0.576;0.580;0.592;0.596;0.604;0.612;0.624;0.627;0.635;0.643;0.651;0.655;0.655;0.659;0.663;0.667;0.671;0.675;0.678;0.682;0.686;0.690;0.694;0.698;0.702;0.706;0.710;0.714;0.718;0.725;0.729;0.733;0.737;0.741;0.745;0.749;0.753;0.757;0.761;0.769;0.773;0.773;0.776;0.776;0.780;0.780;0.780;0.780;0.780;0.780;0.780;0.776;0.776;0.773;0.773;0.769;0.765;0.761;0.757;0.749;0.745;0.737;0.733;0.725;0.722;0.718;0.710;0.706;0.694;0.686;0.675;0.671;0.667;0.647;0.631;0.620;0.608;0.596;0.588;0.580;0.569;0.557;0.553;0.545;0.533;0.525;0.518;0.514;0.514;0.510;0.498;0.482;0.478;0.478;0.467;0.463;0.459;0.459;0.455;0.455;0.455;0.455;0.459;0.459;0.459;0.490;0.490;0.490;0.494;0.494;0.498;0.506;0.510;0.518;0.522;0.525;0.533;0.537;0.545;0.549;0.557;0.561;0.565;0.576;0.580;0.584;0.592;0.596;0.600;0.608;0.612;0.616;0.620;0.624;0.631;0.643;0.647;0.647;0.651;0.655;0.659;0.663;0.667;0.671;0.671;0.675;0.678;0.682;0.686;0.690;0.698;0.694;0.694;0.694;0.698;0.702;0.706;0.710;0.714;0.722;0.722;0.725;0.725;0.729;0.733;0.733;0.737;0.741;0.741;0.745;0.749;0.753;0.753;0.757;0.761;0.761;0.765;0.776;0.784;0.788;0.792;0.800;0.804;0.808;0.808;0.812;0.816;0.824;0.835;0.843;0.847;0.847;0.847;0.851;0.855;0.859;0.863;0.867;0.871;0.875;0.878;0.882;0.886;0.894;0.898;0.902;0.902;0.906;0.914;0.918;
0.522;0.529;0.541;0.553;0.573;0.576;0.588;0.596;0.600;0.612;0.620;0.624;0.627;0.639;0.647;0.651;0.655;0.659;0.663;0.667;0.671;0.675;0.675;0.678;0.686;0.690;0.694;0.698;0.702;0.706;0.710;0.714;0.722;0.725;0.729;0.733;0.737;0.741;0.749;0.753;0.757;0.765;0.765;0.769;0.780;0.784;0.784;0.788;0.788;0.788;0.792;0.792;0.792;0.792;0.788;0.788;0.788;0.784;0.780;0.776;0.773;0.765;0.761;0.757;0.749;0.745;0.737;0.733;0.725;0.722;0.714;0.710;0.702;0.690;0.682;0.671;0.667;0.659;0.635;0.624;0.620;0.604;0.592;0.584;0.576;0.569;0.557;0.553;0.545;0.537;0.529;0.518;0.514;0.514;0.510;0.494;0.486;0.478;0.478;0.471;0.467;0.463;0.463;0.463;0.463;0.463;0.463;0.463;0.463;0.478;0.494;0.494;0.494;0.498;0.502;0.506;0.510;0.514;0.522;0.525;0.533;0.537;0.545;0.549;0.557;0.561;0.569;0.573;0.580;0.584;0.592;0.596;0.604;0.608;0.616;0.620;0.627;0.627;0.635;0.639;0.655;0.655;0.659;0.663;0.663;0.678;0.678;0.682;0.686;0.690;0.690;0.694;0.698;0.698;0.702;0.706;0.710;0.710;0.710;0.710;0.714;0.714;0.722;0.722;0.725;0.729;0.733;0.733;0.733;0.737;0.737;0.741;0.745;0.745;0.749;0.753;0.757;0.761;0.765;0.773;0.780;0.792;0.800;0.800;0.808;0.808;0.812;0.812;0.816;0.831;0.839;0.839;0.843;0.843;0.847;0.847;0.851;0.855;0.859;0.863;0.867;0.871;0.875;0.878;0.882;0.886;0.890;0.894;0.898;0.902;0.906;0.910;0.914;0.918;
0.522;0.529;0.541;0.553;0.573;0.576;0.588;0.596;0.600;0.612;0.620;0.624;0.627;0.639;0.647;0.651;0.655;0.659;0.663;0.667;0.671;0.675;0.675;0.678;0.686;0.690;0.694;0.698;0.702;0.706;0.710;0.714;0.722;0.725;0.729;0.733;0.737;0.741;0.749;0.753;0.757;0.765;0.765;0.769;0.780;0.784;0.784;0.788;0.788;0.788;0.792;0.792;0.792;0.792;0.788;0.788;0.788;0.784;0.780;0.776;0.773;0.765;0.761;0.757;0.749;0.745;0.737;0.733;0.725;0.722;0.714;0.710;0.702;0.690;0.682;0.671;0.667;0.659;0.635;0.624;0.620;0.604;0.592;0.584;0.576;0.569;0.557;0.553;0.545;0.537;0.529;0.518;0.514;0.514;0.510;0.494;0.486;0.478;0.478;0.471;0.467;0.463;0.463;0.463;0.463;0.463;0.463;0.463;0.463;0.478;0.494;0.494;0.494;0.498;0.502;0.506;0.510;0.514;0.522;0.525;0.533;0.537;0.545;0.549;0.557;0.561;0.569;0.573;0.580;0.584;0.592;0.596;0.604;0.608;0.616;0.620;0.627;0.627;0.635;0.639;0.655;0.655;0.659;0.663;0.663;0.678;0.678;0.682;0.686;0.690;0.690;0.694;0.698;0.698;0.702;0.706;0.710;0.710;0.710;0.710;0.714;0.714;0.722;0.722;0.725;0.729;0.733;0.733;0.733;0.737;0.737;0.741;0.745;0.745;0.749;0.753;0.757;0.761;0.765;0.773;0.780;0.792;0.800;0.800;0.808;0.808;0.812;0.812;0.816;0.831;0.839;0.839;0.843;0.843;0.847;0.847;0.851;0.855;0.859;0.863;0.867;0.871;0.875;0.878;0.882;0.886;0.890;0.894;0.898;0.902;0.906;0.910;0.914;0.918;
0.514;0.525;0.533;0.549;0.565;0.573;0.576;0.588;0.596;0.600;0.608;0.616;0.624;0.631;0.639;0.651;0.655;0.655;0.659;0.663;0.667;0.671;0.675;0.678;0.682;0.686;0.690;0.694;0.698;0.706;0.710;0.714;0.718;0.725;0.729;0.733;0.737;0.745;0.749;0.753;0.761;0.765;0.769;0.773;0.780;0.792;0.792;0.792;0.796;0.796;0.796;0.800;0.800;0.800;0.800;0.796;0.796;0.792;0.788;0.784;0.780;0.776;0.769;0.765;0.757;0.753;0.745;0.737;0.729;0.722;0.718;0.714;0.710;0.702;0.690;0.675;0.671;0.663;0.647;0.627;0.624;0.620;0.600;0.592;0.584;0.576;0.565;0.557;0.549;0.537;0.533;0.537;0.525;0.522;0.522;0.506;0.494;0.482;0.482;0.482;0.478;0.475;0.467;0.467;0.467;0.463;0.467;0.467;0.467;0.467;0.494;0.498;0.498;0.498;0.502;0.506;0.510;0.514;0.522;0.525;0.529;0.537;0.541;0.549;0.557;0.561;0.569;0.573;0.580;0.588;0.592;0.600;0.604;0.612;0.620;0.624;0.627;0.635;0.639;0.643;0.659;0.667;0.671;0.678;0.678;0.678;0.690;0.690;0.690;0.690;0.694;0.694;0.702;0.706;0.706;0.714;0.714;0.718;0.722;0.718;0.718;0.725;0.729;0.729;0.729;0.733;0.733;0.733;0.737;0.737;0.741;0.745;0.753;0.757;0.761;0.765;0.769;0.776;0.780;0.784;0.792;0.804;0.808;0.808;0.808;0.812;0.824;0.835;0.835;0.835;0.839;0.839;0.843;0.843;0.847;0.851;0.855;0.859;0.859;0.867;0.871;0.875;0.878;0.882;0.886;0.890;0.894;0.894;0.898;0.902;0.906;0.910;0.914;0.918;
0.514;0.525;0.533;0.549;0.565;0.573;0.576;0.588;0.596;0.600;0.608;0.616;0.624;0.631;0.639;0.651;0.655;0.655;0.659;0.663;0.667;0.671;0.675;0.678;0.682;0.686;0.690;0.694;0.698;0.706;0.710;0.714;0.718;0.725;0.729;0.733;0.737;0.745;0.749;0.753;0.761;0.765;0.769;0.773;0.780;0.792;0.792;0.792;0.796;0.796;0.796;0.800;0.800;0.800;0.800;0.796;0.796;0.792;0.788;0.784;0.780;0.776;0.769;0.765;0.757;0.753;0.745;0.737;0.729;0.722;0.718;0.714;0.710;0.702;0.690;0.675;0.671;0.663;0.647;0.627;0.624;0.620;0.600;0.592;0.584;0.576;0.565;0.557;0.549;0.537;0.533;0.537;0.525;0.522;0.522;0.506;0.494;0.482;0.482;0.482;0.478;0.475;0.467;0.467;0.467;0.463;0.467;0.467;0.467;0.467;0.494;0.498;0.498;0.498;0.502;0.506;0.510;0.514;0.522;0.525;0.529;0.537;0.541;0.549;0.557;0.561;0.569;0.573;0.580;0.588;0.592;0.600;0.604;0.612;0.620;0.624;0.627;0.635;0.639;0.643;0.659;0.667;0.671;0.678;0.678;0.678;0.690;0.690;0.690;0.690;0.694;0.694;0.702;0.706;0.706;0.714;0.714;0.718;0.722;0.718;0.718;0.725;0.729;0.729;0.729;0.733;0.733;0.733;0.737;0.737;0.741;0.745;0.753;0.757;0.761;0.765;0.769;0.776;0.780;0.784;0.792;0.804;0.808;0.808;0.808;0.812;0.824;0.835;0.835;0.835;0.839;0.839;0.843;0.843;0.847;0.851;0.855;0.859;0.859;0.867;0.871;0.875;0.878;0.882;0.886;0.890;0.894;0.894;0.898;0.902;0.906;0.910;0.914;0.918;
0.506;0.518;0.529;0.533;0.549;0.565;0.573;0.580;0.584;0.592;0.600;0.608;0.612;0.620;0.627;0.647;0.651;0.651;0.655;0.659;0.663;0.667;0.675;0.678;0.678;0.686;0.690;0.694;0.698;0.702;0.706;0.714;0.718;0.722;0.729;0.733;0.737;0.741;0.749;0.753;0.761;0.765;0.769;0.773;0.780;0.788;0.796;0.800;0.800;0.804;0.804;0.804;0.808;0.808;0.808;0.804;0.804;0.800;0.796;0.792;0.788;0.784;0.780;0.773;0.765;0.757;0.749;0.741;0.733;0.725;0.722;0.714;0.706;0.698;0.694;0.682;0.675;0.667;0.663;0.643;0.631;0.624;0.608;0.596;0.592;0.580;0.573;0.565;0.557;0.549;0.541;0.537;0.525;0.525;0.522;0.518;0.506;0.498;0.498;0.486;0.482;0.482;0.482;0.475;0.475;0.471;0.471;0.471;0.471;0.471;0.478;0.498;0.502;0.502;0.502;0.506;0.510;0.514;0.518;0.525;0.529;0.537;0.541;0.549;0.553;0.561;0.565;0.573;0.580;0.584;0.592;0.600;0.604;0.612;0.620;0.627;0.631;0.639;0.643;0.647;0.655;0.671;0.678;0.678;0.682;0.686;0.694;0.698;0.702;0.702;0.706;0.710;0.714;0.714;0.714;0.718;0.718;0.722;0.722;0.725;0.725;0.729;0.733;0.733;0.733;0.733;0.737;0.737;0.741;0.741;0.745;0.749;0.765;0.769;0.773;0.780;0.784;0.792;0.796;0.800;0.804;0.808;0.808;0.812;0.824;0.831;0.831;0.831;0.835;0.835;0.835;0.839;0.843;0.847;0.851;0.855;0.855;0.859;0.863;0.867;0.871;0.875;0.878;0.882;0.886;0.890;0.890;0.894;0.902;0.906;0.910;0.910;0.914;0.914;
0.506;0.518;0.529;0.533;0.549;0.565;0.573;0.580;0.584;0.592;0.600;0.608;0.612;0.620;0.627;0.647;0.651;0.651;0.655;0.659;0.663;0.667;0.675;0.678;0.678;0.686;0.690;0.694;0.698;0.702;0.706;0.714;0.718;0.722;0.729;0.733;0.737;0.741;0.749;0.753;0.761;0.765;0.769;0.773;0.780;0.788;0.796;0.800;0.800;0.804;0.804;0.804;0.808;0.808;0.808;0.804;0.804;0.800;0.796;0.792;0.788;0.784;0.780;0.773;0.765;0.757;0.749;0.741;0.733;0.725;0.722;0.714;0.706;0.698;0.694;0.682;0.675;0.667;0.663;0.643;0.631;0.624;0.608;0.596;0.592;0.580;0.573;0.565;0.557;0.549;0.541;0.537;0.525;0.525;0.522;0.518;0.506;0.498;0.498;0.486;0.482;0.482;0.482;0.475;0.475;0.471;0.471;0.471;0.471;0.471;0.478;0.498;0.502;0.502;0.502;0.506;0.510;0.514;0.518;0.525;0.529;0.537;0.541;0.549;0.553;0.561;0.565;0.573;0.580;0.584;0.592;0.600;0.604;0.612;0.620;0.627;0.631;0.639;0.643;0.647;0.655;0.671;0.678;0.678;0.682;0.686;0.694;0.698;0.702;0.702;0.706;0.710;0.714;0.714;0.714;0.718;0.718;0.722;0.722;0.725;0.725;0.729;0.733;0.733;0.733;0.733;0.737;0.737;0.741;0.741;0.745;0.749;0.765;0.769;0.773;0.780;0.784;0.792;0.796;0.800;0.804;0.808;0.808;0.812;0.824;0.831;0.831;0.831;0.835;0.835;0.835;0.839;0.843;0.847;0.851;0.855;0.855;0.859;0.863;0.867;0.871;0.875;0.878;0.882;0.886;0.890;0.890;0.894;0.902;0.906;0.910;0.910;0.914;0.914;
0.502;0.510;0.518;0.525;0.533;0.545;0.565;0.573;0.576;0.584;0.592;0.600;0.608;0.620;0.620;0.627;0.635;0.643;0.651;0.655;0.667;0.667;0.671;0.675;0.678;0.682;0.690;0.694;0.698;0.702;0.706;0.710;0.714;0.722;0.725;0.733;0.737;0.741;0.749;0.753;0.761;0.765;0.769;0.776;0.780;0.788;0.796;0.804;0.804;0.808;0.808;0.812;0.812;0.816;0.816;0.812;0.812;0.808;0.804;0.800;0.796;0.788;0.784;0.776;0.769;0.765;0.757;0.745;0.737;0.729;0.722;0.718;0.710;0.702;0.694;0.686;0.675;0.671;0.671;0.663;0.639;0.627;0.624;0.608;0.596;0.592;0.580;0.573;0.565;0.557;0.553;0.553;0.541;0.533;0.529;0.525;0.522;0.510;0.498;0.490;0.486;0.486;0.486;0.482;0.475;0.475;0.475;0.475;0.475;0.475;0.475;0.471;0.502;0.506;0.506;0.510;0.510;0.514;0.518;0.522;0.529;0.533;0.541;0.545;0.553;0.561;0.565;0.573;0.576;0.584;0.592;0.600;0.604;0.612;0.620;0.627;0.631;0.639;0.643;0.651;0.675;0.675;0.678;0.682;0.690;0.694;0.694;0.698;0.698;0.702;0.702;0.706;0.710;0.714;0.714;0.718;0.718;0.722;0.722;0.725;0.729;0.729;0.733;0.733;0.733;0.737;0.737;0.741;0.741;0.749;0.753;0.769;0.773;0.780;0.788;0.792;0.796;0.796;0.800;0.804;0.804;0.812;0.820;0.824;0.827;0.831;0.831;0.831;0.835;0.835;0.835;0.839;0.843;0.847;0.851;0.855;0.859;0.859;0.863;0.867;0.871;0.875;0.878;0.882;0.886;0.886;0.890;0.894;0.898;0.902;0.906;0.910;0.910;0.914;
0.502;0.510;0.518;0.525;0.533;0.545;0.565;0.573;0.576;0.584;0.592;0.600;0.608;0.620;0.620;0.627;0.635;0.643;0.651;0.655;0.667;0.667;0.671;0.675;0.678;0.682;0.690;0.694;0.698;0.702;0.706;0.710;0.714;0.722;0.725;0.733;0.737;0.741;0.749;0.753;0.761;0.765;0.769;0.776;0.780;0.788;0.796;0.804;0.804;0.808;0.808;0.812;0.812;0.816;0.816;0.812;0.812;0.808;0.804;0.800;0.796;0.788;0.784;0.776;0.769;0.765;0.757;0.745;0.737;0.729;0.722;0.718;0.710;0.702;0.694;0.686;0.675;0.671;0.671;0.663;0.639;0.627;0.624;0.608;0.596;0.592;0.580;0.573;0.565;0.557;0.553;0.553;0.541;0.533;0.529;0.525;0.522;0.510;0.498;0.490;0.486;0.486;0.486;0.482;0.475;0.475;0.475;0.475;0.475;0.475;0.475;0.471;0.502;0.506;0.506;0.510;0.510;0.514;0.518;0.522;0.529;0.533;0.541;0.545;0.553;0.561;0.565;0.573;0.576;0.584;0.592;0.600;0.604;0.612;0.620;0.627;0.631;0.639;0.643;0.651;0.675;0.675;0.678;0.682;0.690;0.694;0.694;0.698;0.698;0.702;0.702;0.706;0.710;0.714;0.714;0.718;0.718;0.722;0.722;0.725;0.729;0.729;0.733;0.733;0.733;0.737;0.737;0.741;0.741;0.749;0.753;0.769;0.773;0.780;0.788;0.792;0.796;0.796;0.800;0.804;0.804;0.812;0.820;0.824;0.827;0.831;0.831;0.831;0.835;0.835;0.835;0.839;0.843;0.847;0.851;0.855;0.859;0.859;0.863;0.867;0.871;0.875;0.878;0.882;0.886;0.886;0.890;0.894;0.898;0.902;0.906;0.910;0.910;0.914;
0.494;0.502;0.510;0.518;0.525;0.533;0.545;0.565;0.569;0.576;0.584;0.592;0.600;0.608;0.616;0.624;0.631;0.635;0.643;0.647;0.655;0.659;0.667;0.671;0.675;0.678;0.686;0.694;0.698;0.702;0.702;0.710;0.714;0.718;0.725;0.729;0.733;0.741;0.745;0.749;0.757;0.765;0.769;0.773;0.780;0.784;0.792;0.804;0.812;0.812;0.812;0.816;0.816;0.816;0.816;0.816;0.816;0.812;0.808;0.804;0.800;0.796;0.788;0.784;0.776;0.769;0.761;0.749;0.741;0.733;0.725;0.722;0.714;0.706;0.702;0.694;0.682;0.675;0.671;0.667;0.659;0.635;0.631;0.624;0.612;0.600;0.596;0.580;0.576;0.569;0.557;0.557;0.553;0.541;0.537;0.533;0.533;0.525;0.514;0.502;0.498;0.498;0.494;0.486;0.486;0.478;0.478;0.478;0.478;0.478;0.478;0.475;0.494;0.506;0.510;0.510;0.510;0.518;0.518;0.522;0.529;0.533;0.537;0.545;0.549;0.557;0.565;0.569;0.576;0.584;0.588;0.596;0.604;0.612;0.616;0.624;0.631;0.639;0.643;0.655;0.678;0.675;0.678;0.678;0.682;0.690;0.694;0.698;0.698;0.702;0.702;0.706;0.710;0.710;0.714;0.718;0.722;0.722;0.725;0.725;0.729;0.733;0.733;0.737;0.737;0.737;0.737;0.741;0.741;0.745;0.757;0.776;0.780;0.780;0.784;0.788;0.800;0.800;0.804;0.808;0.820;0.820;0.820;0.820;0.824;0.827;0.827;0.831;0.831;0.831;0.835;0.839;0.843;0.847;0.851;0.851;0.855;0.859;0.863;0.867;0.871;0.875;0.875;0.878;0.882;0.886;0.886;0.890;0.894;0.898;0.898;0.902;0.906;0.906;
0.494;0.502;0.510;0.518;0.525;0.533;0.545;0.565;0.569;0.576;0.584;0.592;0.600;0.608;0.616;0.624;0.631;0.635;0.643;0.647;0.655;0.659;0.667;0.671;0.675;0.678;0.686;0.694;0.698;0.702;0.702;0.710;0.714;0.718;0.725;0.729;0.733;0.741;0.745;0.749;0.757;0.765;0.769;0.773;0.780;0.784;0.792;0.804;0.812;0.812;0.812;0.816;0.816;0.816;0.816;0.816;0.816;0.812;0.808;0.804;0.800;0.796;0.788;0.784;0.776;0.769;0.761;0.749;0.741;0.733;0.725;0.722;0.714;0.706;0.702;0.694;0.682;0.675;0.671;0.667;0.659;0.635;0.631;0.624;0.612;0.600;0.596;0.580;0.576;0.569;0.557;0.557;0.553;0.541;0.537;0.533;0.533;0.525;0.514;0.502;0.498;0.498;0.494;0.486;0.486;0.478;0.478;0.478;0.478;0.478;0.478;0.475;0.494;0.506;0.510;0.510;0.510;0.518;0.518;0.522;0.529;0.533;0.537;0.545;0.549;0.557;0.565;0.569;0.576;0.584;0.588;0.596;0.604;0.612;0.616;0.624;0.631;0.639;0.643;0.655;0.678;0.675;0.678;0.678;0.682;0.690;0.694;0.698;0.698;0.702;0.702;0.706;0.710;0.710;0.714;0.718;0.722;0.722;0.725;0.725;0.729;0.733;0.733;0.737;0.737;0.737;0.737;0.741;0.741;0.745;0.757;0.776;0.780;0.780;0.784;0.788;0.800;0.800;0.804;0.808;0.820;0.820;0.820;0.820;0.824;0.827;0.827;0.831;0.831;0.831;0.835;0.839;0.843;0.847;0.851;0.851;0.855;0.859;0.863;0.867;0.871;0.875;0.875;0.878;0.882;0.886;0.886;0.890;0.894;0.898;0.898;0.902;0.906;0.906;
0.486;0.494;0.502;0.510;0.514;0.522;0.537;0.553;0.565;0.573;0.576;0.588;0.596;0.604;0.612;0.620;0.627;0.631;0.639;0.643;0.651;0.655;0.663;0.667;0.671;0.675;0.682;0.690;0.694;0.698;0.702;0.706;0.710;0.718;0.722;0.725;0.733;0.737;0.741;0.749;0.753;0.761;0.765;0.773;0.776;0.780;0.788;0.796;0.808;0.816;0.816;0.816;0.816;0.816;0.820;0.816;0.816;0.816;0.816;0.812;0.808;0.800;0.792;0.788;0.780;0.773;0.765;0.757;0.745;0.737;0.729;0.725;0.718;0.714;0.706;0.698;0.690;0.682;0.675;0.671;0.671;0.651;0.635;0.631;0.627;0.612;0.600;0.596;0.584;0.580;0.573;0.565;0.557;0.553;0.545;0.541;0.537;0.533;0.529;0.510;0.502;0.498;0.494;0.494;0.490;0.482;0.482;0.482;0.482;0.482;0.482;0.478;0.482;0.506;0.510;0.514;0.514;0.518;0.518;0.522;0.529;0.533;0.537;0.541;0.549;0.553;0.561;0.565;0.573;0.580;0.584;0.592;0.600;0.608;0.616;0.620;0.627;0.635;0.643;0.647;0.655;0.675;0.678;0.678;0.678;0.682;0.686;0.694;0.694;0.698;0.702;0.706;0.706;0.710;0.714;0.718;0.718;0.722;0.722;0.725;0.729;0.733;0.733;0.737;0.737;0.741;0.741;0.741;0.745;0.749;0.761;0.780;0.780;0.780;0.784;0.784;0.792;0.796;0.804;0.808;0.816;0.816;0.820;0.820;0.820;0.824;0.824;0.827;0.827;0.831;0.835;0.835;0.839;0.843;0.847;0.851;0.855;0.859;0.859;0.863;0.867;0.871;0.871;0.875;0.878;0.882;0.886;0.886;0.890;0.894;0.894;0.898;0.898;0.902;
0.486;0.494;0.502;0.510;0.514;0.522;0.537;0.553;0.565;0.573;0.576;0.588;0.596;0.604;0.612;0.620;0.627;0.631;0.639;0.643;0.651;0.655;0.663;0.667;0.671;0.675;0.682;0.690;0.694;0.698;0.702;0.706;0.710;0.718;0.722;0.725;0.733;0.737;0.741;0.749;0.753;0.761;0.765;0.773;0.776;0.780;0.788;0.796;0.808;0.816;0.816;0.816;0.816;0.816;0.820;0.816;0.816;0.816;0.816;0.812;0.808;0.800;0.792;0.788;0.780;0.773;0.765;0.757;0.745;0.737;0.729;0.725;0.718;0.714;0.706;0.698;0.690;0.682;0.675;0.671;0.671;0.651;0.635;0.631;0.627;0.612;0.600;0.596;0.584;0.580;0.573;0.565;0.557;0.553;0.545;0.541;0.537;0.533;0.529;0.510;0.502;0.498;0.494;0.494;0.490;0.482;0.482;0.482;0.482;0.482;0.482;0.478;0.482;0.506;0.510;0.514;0.514;0.518;0.518;0.522;0.529;0.533;0.537;0.541;0.549;0.553;0.561;0.565;0.573;0.580;0.584;0.592;0.600;0.608;0.616;0.620;0.627;0.635;0.643;0.647;0.655;0.675;0.678;0.678;0.678;0.682;0.686;0.694;0.694;0.698;0.702;0.706;0.706;0.710;0.714;0.718;0.718;0.722;0.722;0.725;0.729;0.733;0.733;0.737;0.737;0.741;0.741;0.741;0.745;0.749;0.761;0.780;0.780;0.780;0.784;0.784;0.792;0.796;0.804;0.808;0.816;0.816;0.820;0.820;0.820;0.824;0.824;0.827;0.827;0.831;0.835;0.835;0.839;0.843;0.847;0.851;0.855;0.859;0.859;0.863;0.867;0.871;0.871;0.875;0.878;0.882;0.886;0.886;0.890;0.894;0.894;0.898;0.898;0.902;
0.482;0.490;0.494;0.502;0.510;0.518;0.525;0.541;0.561;0.569;0.576;0.584;0.592;0.604;0.612;0.616;0.624;0.631;0.635;0.643;0.647;0.655;0.659;0.663;0.667;0.671;0.678;0.682;0.690;0.698;0.702;0.702;0.710;0.714;0.718;0.722;0.729;0.733;0.737;0.745;0.757;0.757;0.761;0.769;0.773;0.780;0.784;0.792;0.800;0.812;0.816;0.816;0.816;0.820;0.820;0.820;0.820;0.820;0.816;0.816;0.812;0.804;0.800;0.792;0.784;0.776;0.769;0.761;0.753;0.745;0.737;0.729;0.725;0.718;0.710;0.706;0.698;0.690;0.682;0.678;0.675;0.671;0.651;0.639;0.635;0.631;0.616;0.604;0.596;0.588;0.584;0.576;0.569;0.561;0.557;0.549;0.545;0.541;0.537;0.533;0.514;0.506;0.502;0.498;0.494;0.490;0.490;0.486;0.486;0.486;0.486;0.482;0.486;0.498;0.510;0.514;0.518;0.518;0.522;0.525;0.525;0.529;0.537;0.541;0.545;0.553;0.557;0.565;0.569;0.576;0.584;0.588;0.596;0.604;0.612;0.616;0.624;0.627;0.643;0.647;0.647;0.651;0.671;0.678;0.678;0.682;0.682;0.686;0.694;0.698;0.698;0.702;0.702;0.706;0.710;0.714;0.718;0.718;0.722;0.725;0.725;0.729;0.733;0.733;0.737;0.741;0.745;0.745;0.745;0.749;0.757;0.773;0.780;0.776;0.780;0.784;0.788;0.792;0.796;0.804;0.808;0.812;0.816;0.816;0.820;0.820;0.824;0.824;0.827;0.831;0.831;0.835;0.835;0.839;0.843;0.847;0.851;0.855;0.859;0.859;0.863;0.867;0.867;0.871;0.875;0.878;0.878;0.886;0.886;0.886;0.890;0.890;0.894;0.894;
0.482;0.490;0.494;0.502;0.510;0.518;0.525;0.541;0.561;0.569;0.576;0.584;0.592;0.604;0.612;0.616;0.624;0.631;0.635;0.643;0.647;0.655;0.659;0.663;0.667;0.671;0.678;0.682;0.690;0.698;0.702;0.702;0.710;0.714;0.718;0.722;0.729;0.733;0.737;0.745;0.757;0.757;0.761;0.769;0.773;0.780;0.784;0.792;0.800;0.812;0.816;0.816;0.816;0.820;0.820;0.820;0.820;0.820;0.816;0.816;0.812;0.804;0.800;0.792;0.784;0.776;0.769;0.761;0.753;0.745;0.737;0.729;0.725;0.718;0.710;0.706;0.698;0.690;0.682;0.678;0.675;0.671;0.651;0.639;0.635;0.631;0.616;0.604;0.596;0.588;0.584;0.576;0.569;0.561;0.557;0.549;0.545;0.541;0.537;0.533;0.514;0.506;0.502;0.498;0.494;0.490;0.490;0.486;0.486;0.486;0.486;0.482;0.486;0.498;0.510;0.514;0.518;0.518;0.522;0.525;0.525;0.529;0.537;0.541;0.545;0.553;0.557;0.565;0.569;0.576;0.584;0.588;0.596;0.604;0.612;0.616;0.624;0.627;0.643;0.647;0.647;0.651;0.671;0.678;0.678;0.682;0.682;0.686;0.694;0.698;0.698;0.702;0.702;0.706;0.710;0.714;0.718;0.718;0.722;0.725;0.725;0.729;0.733;0.733;0.737;0.741;0.745;0.745;0.745;0.749;0.757;0.773;0.780;0.776;0.780;0.784;0.788;0.792;0.796;0.804;0.808;0.812;0.816;0.816;0.820;0.820;0.824;0.824;0.827;0.831;0.831;0.835;0.835;0.839;0.843;0.847;0.851;0.855;0.859;0.859;0.863;0.867;0.867;0.871;0.875;0.878;0.878;0.886;0.886;0.886;0.890;0.890;0.894;0.894;
0.475;0.486;0.490;0.498;0.506;0.514;0.522;0.529;0.553;0.561;0.573;0.580;0.588;0.600;0.612;0.616;0.620;0.627;0.635;0.639;0.643;0.651;0.655;0.659;0.663;0.667;0.671;0.678;0.686;0.694;0.698;0.702;0.706;0.710;0.714;0.722;0.725;0.729;0.737;0.741;0.749;0.753;0.761;0.765;0.773;0.776;0.784;0.788;0.792;0.796;0.808;0.820;0.820;0.820;0.820;0.820;0.820;0.820;0.820;0.816;0.812;0.808;0.800;0.796;0.788;0.784;0.773;0.769;0.761;0.753;0.745;0.737;0.729;0.725;0.718;0.714;0.706;0.702;0.694;0.686;0.678;0.675;0.671;0.655;0.643;0.639;0.631;0.624;0.608;0.604;0.596;0.588;0.580;0.573;0.565;0.557;0.553;0.549;0.545;0.545;0.533;0.522;0.506;0.502;0.502;0.498;0.494;0.494;0.490;0.490;0.490;0.482;0.494;0.494;0.498;0.514;0.518;0.518;0.522;0.525;0.525;0.529;0.533;0.537;0.545;0.549;0.553;0.561;0.565;0.573;0.580;0.588;0.592;0.600;0.604;0.608;0.616;0.620;0.624;0.643;0.647;0.647;0.647;0.663;0.675;0.675;0.675;0.678;0.686;0.694;0.698;0.698;0.702;0.702;0.702;0.706;0.710;0.718;0.718;0.722;0.725;0.729;0.733;0.733;0.737;0.737;0.741;0.745;0.745;0.749;0.749;0.761;0.776;0.776;0.776;0.780;0.784;0.788;0.792;0.796;0.804;0.808;0.808;0.812;0.812;0.816;0.820;0.820;0.824;0.824;0.827;0.831;0.831;0.835;0.839;0.839;0.843;0.847;0.851;0.855;0.859;0.859;0.863;0.867;0.867;0.871;0.875;0.875;0.878;0.882;0.882;0.886;0.886;0.890;
0.475;0.486;0.490;0.498;0.506;0.514;0.522;0.529;0.553;0.561;0.573;0.580;0.588;0.600;0.612;0.616;0.620;0.627;0.635;0.639;0.643;0.651;0.655;0.659;0.663;0.667;0.671;0.678;0.686;0.694;0.698;0.702;0.706;0.710;0.714;0.722;0.725;0.729;0.737;0.741;0.749;0.753;0.761;0.765;0.773;0.776;0.784;0.788;0.792;0.796;0.808;0.820;0.820;0.820;0.820;0.820;0.820;0.820;0.820;0.816;0.812;0.808;0.800;0.796;0.788;0.784;0.773;0.769;0.761;0.753;0.745;0.737;0.729;0.725;0.718;0.714;0.706;0.702;0.694;0.686;0.678;0.675;0.671;0.655;0.643;0.639;0.631;0.624;0.608;0.604;0.596;0.588;0.580;0.573;0.565;0.557;0.553;0.549;0.545;0.545;0.533;0.522;0.506;0.502;0.502;0.498;0.494;0.494;0.490;0.490;0.490;0.482;0.494;0.494;0.498;0.514;0.518;0.518;0.522;0.525;0.525;0.529;0.533;0.537;0.545;0.549;0.553;0.561;0.565;0.573;0.580;0.588;0.592;0.600;0.604;0.608;0.616;0.620;0.624;0.643;0.647;0.647;0.647;0.663;0.675;0.675;0.675;0.678;0.686;0.694;0.698;0.698;0.702;0.702;0.702;0.706;0.710;0.718;0.718;0.722;0.725;0.729;0.733;0.733;0.737;0.737;0.741;0.745;0.745;0.749;0.749;0.761;0.776;0.776;0.776;0.780;0.784;0.788;0.792;0.796;0.804;0.808;0.808;0.812;0.812;0.816;0.820;0.820;0.824;0.824;0.827;0.831;0.831;0.835;0.839;0.839;0.843;0.847;0.851;0.855;0.859;0.859;0.863;0.867;0.867;0.871;0.875;0.875;0.878;0.882;0.882;0.886;0.886;0.890;
0.471;0.478;0.486;0.494;0.502;0.510;0.518;0.525;0.533;0.553;0.565;0.576;0.584;0.596;0.608;0.616;0.620;0.624;0.631;0.635;0.643;0.647;0.651;0.659;0.663;0.667;0.671;0.675;0.682;0.690;0.698;0.702;0.706;0.710;0.714;0.718;0.722;0.725;0.733;0.737;0.745;0.749;0.757;0.761;0.769;0.773;0.780;0.784;0.788;0.796;0.800;0.812;0.820;0.820;0.820;0.820;0.820;0.820;0.820;0.820;0.816;0.812;0.808;0.800;0.792;0.788;0.780;0.773;0.765;0.757;0.749;0.741;0.737;0.733;0.725;0.722;0.714;0.710;0.702;0.694;0.690;0.682;0.678;0.675;0.659;0.647;0.639;0.631;0.627;0.616;0.604;0.600;0.592;0.584;0.576;0.573;0.565;0.557;0.553;0.549;0.549;0.541;0.525;0.514;0.510;0.506;0.502;0.498;0.498;0.498;0.494;0.486;0.502;0.506;0.506;0.506;0.518;0.522;0.522;0.525;0.525;0.529;0.533;0.537;0.541;0.545;0.553;0.557;0.561;0.569;0.573;0.580;0.588;0.592;0.600;0.604;0.608;0.612;0.616;0.620;0.635;0.639;0.639;0.643;0.643;0.659;0.655;0.659;0.659;0.663;0.675;0.690;0.698;0.702;0.702;0.706;0.706;0.710;0.714;0.718;0.722;0.725;0.725;0.729;0.733;0.737;0.737;0.741;0.745;0.749;0.749;0.757;0.769;0.769;0.773;0.776;0.780;0.784;0.788;0.804;0.804;0.804;0.804;0.808;0.808;0.812;0.812;0.816;0.820;0.824;0.824;0.827;0.827;0.831;0.831;0.835;0.839;0.843;0.843;0.847;0.851;0.851;0.855;0.859;0.863;0.863;0.867;0.871;0.871;0.875;0.875;0.878;0.882;0.882;
0.471;0.478;0.486;0.494;0.502;0.510;0.518;0.525;0.533;0.553;0.565;0.576;0.584;0.596;0.608;0.616;0.620;0.624;0.631;0.635;0.643;0.647;0.651;0.659;0.663;0.667;0.671;0.675;0.682;0.690;0.698;0.702;0.706;0.710;0.714;0.718;0.722;0.725;0.733;0.737;0.745;0.749;0.757;0.761;0.769;0.773;0.780;0.784;0.788;0.796;0.800;0.812;0.820;0.820;0.820;0.820;0.820;0.820;0.820;0.820;0.816;0.812;0.808;0.800;0.792;0.788;0.780;0.773;0.765;0.757;0.749;0.741;0.737;0.733;0.725;0.722;0.714;0.710;0.702;0.694;0.690;0.682;0.678;0.675;0.659;0.647;0.639;0.631;0.627;0.616;0.604;0.600;0.592;0.584;0.576;0.573;0.565;0.557;0.553;0.549;0.549;0.541;0.525;0.514;0.510;0.506;0.502;0.498;0.498;0.498;0.494;0.486;0.502;0.506;0.506;0.506;0.518;0.522;0.522;0.525;0.525;0.529;0.533;0.537;0.541;0.545;0.553;0.557;0.561;0.569;0.573;0.580;0.588;0.592;0.600;0.604;0.608;0.612;0.616;0.620;0.635;0.639;0.639;0.643;0.643;0.659;0.655;0.659;0.659;0.663;0.675;0.690;0.698;0.702;0.702;0.706;0.706;0.710;0.714;0.718;0.722;0.725;0.725;0.729;0.733;0.737;0.737;0.741;0.745;0.749;0.749;0.757;0.769;0.769;0.773;0.776;0.780;0.784;0.788;0.804;0.804;0.804;0.804;0.808;0.808;0.812;0.812;0.816;0.820;0.824;0.824;0.827;0.827;0.831;0.831;0.835;0.839;0.843;0.843;0.847;0.851;0.851;0.855;0.859;0.863;0.863;0.867;0.871;0.871;0.875;0.875;0.878;0.882;0.882;
0.463;0.475;0.482;0.494;0.502;0.510;0.518;0.525;0.533;0.549;0.553;0.573;0.580;0.588;0.604;0.612;0.616;0.624;0.627;0.635;0.643;0.647;0.651;0.655;0.659;0.667;0.671;0.675;0.678;0.686;0.690;0.698;0.702;0.706;0.710;0.714;0.718;0.725;0.729;0.733;0.741;0.745;0.753;0.757;0.765;0.773;0.776;0.784;0.788;0.792;0.796;0.804;0.816;0.820;0.820;0.824;0.824;0.824;0.820;0.820;0.820;0.816;0.808;0.804;0.796;0.792;0.784;0.780;0.773;0.765;0.757;0.753;0.745;0.741;0.733;0.729;0.725;0.718;0.714;0.706;0.702;0.694;0.690;0.682;0.678;0.667;0.651;0.643;0.635;0.631;0.620;0.612;0.604;0.592;0.588;0.580;0.573;0.569;0.561;0.557;0.553;0.553;0.541;0.529;0.522;0.514;0.510;0.506;0.506;0.506;0.506;0.494;0.498;0.506;0.514;0.522;0.522;0.522;0.522;0.525;0.525;0.529;0.533;0.533;0.537;0.545;0.549;0.553;0.557;0.565;0.569;0.576;0.580;0.588;0.592;0.600;0.604;0.608;0.608;0.612;0.620;0.631;0.635;0.635;0.635;0.639;0.643;0.647;0.655;0.655;0.659;0.663;0.667;0.675;0.698;0.702;0.706;0.706;0.706;0.710;0.714;0.718;0.725;0.725;0.729;0.729;0.733;0.737;0.745;0.749;0.753;0.757;0.757;0.761;0.765;0.769;0.769;0.773;0.780;0.780;0.792;0.800;0.800;0.800;0.804;0.808;0.808;0.812;0.812;0.816;0.820;0.824;0.824;0.827;0.831;0.831;0.835;0.835;0.839;0.843;0.843;0.847;0.847;0.851;0.855;0.859;0.863;0.863;0.867;0.871;0.871;0.875;0.875;0.878;
0.463;0.475;0.482;0.494;0.502;0.510;0.518;0.525;0.533;0.549;0.553;0.573;0.580;0.588;0.604;0.612;0.616;0.624;0.627;0.635;0.643;0.647;0.651;0.655;0.659;0.667;0.671;0.675;0.678;0.686;0.690;0.698;0.702;0.706;0.710;0.714;0.718;0.725;0.729;0.733;0.741;0.745;0.753;0.757;0.765;0.773;0.776;0.784;0.788;0.792;0.796;0.804;0.816;0.820;0.820;0.824;0.824;0.824;0.820;0.820;0.820;0.816;0.808;0.804;0.796;0.792;0.784;0.780;0.773;0.765;0.757;0.753;0.745;0.741;0.733;0.729;0.725;0.718;0.714;0.706;0.702;0.694;0.690;0.682;0.678;0.667;0.651;0.643;0.635;0.631;0.620;0.612;0.604;0.592;0.588;0.580;0.573;0.569;0.561;0.557;0.553;0.553;0.541;0.529;0.522;0.514;0.510;0.506;0.506;0.506;0.506;0.494;0.498;0.506;0.514;0.522;0.522;0.522;0.522;0.525;0.525;0.529;0.533;0.533;0.537;0.545;0.549;0.553;0.557;0.565;0.569;0.576;0.580;0.588;0.592;0.600;0.604;0.608;0.608;0.612;0.620;0.631;0.635;0.635;0.635;0.639;0.643;0.647;0.655;0.655;0.659;0.663;0.667;0.675;0.698;0.702;0.706;0.706;0.706;0.710;0.714;0.718;0.725;0.725;0.729;0.729;0.733;0.737;0.745;0.749;0.753;0.757;0.757;0.761;0.765;0.769;0.769;0.773;0.780;0.780;0.792;0.800;0.800;0.800;0.804;0.808;0.808;0.812;0.812;0.816;0.820;0.824;0.824;0.827;0.831;0.831;0.835;0.835;0.839;0.843;0.843;0.847;0.847;0.851;0.855;0.859;0.863;0.863;0.867;0.871;0.871;0.875;0.875;0.878;
0.459;0.467;0.478;0.490;0.498;0.506;0.514;0.522;0.529;0.537;0.549;0.561;0.576;0.584;0.592;0.608;0.616;0.620;0.627;0.631;0.639;0.643;0.651;0.655;0.659;0.663;0.667;0.671;0.678;0.682;0.686;0.694;0.702;0.702;0.706;0.710;0.718;0.722;0.725;0.733;0.737;0.745;0.749;0.757;0.761;0.769;0.773;0.780;0.784;0.792;0.796;0.800;0.808;0.820;0.820;0.824;0.824;0.824;0.824;0.820;0.820;0.816;0.812;0.808;0.800;0.796;0.788;0.784;0.776;0.769;0.765;0.757;0.753;0.749;0.741;0.737;0.729;0.725;0.722;0.718;0.710;0.702;0.698;0.690;0.690;0.682;0.663;0.655;0.647;0.639;0.631;0.624;0.620;0.608;0.600;0.592;0.584;0.576;0.569;0.565;0.561;0.557;0.553;0.541;0.533;0.525;0.525;0.525;0.525;0.525;0.525;0.522;0.518;0.514;0.518;0.518;0.522;0.522;0.522;0.525;0.525;0.529;0.529;0.533;0.537;0.541;0.545;0.549;0.557;0.561;0.565;0.569;0.576;0.580;0.588;0.592;0.596;0.600;0.604;0.608;0.608;0.612;0.620;0.631;0.631;0.635;0.635;0.639;0.643;0.651;0.651;0.655;0.659;0.663;0.667;0.675;0.690;0.698;0.706;0.710;0.710;0.710;0.714;0.718;0.722;0.725;0.725;0.725;0.725;0.729;0.745;0.753;0.753;0.757;0.761;0.761;0.765;0.769;0.773;0.780;0.780;0.780;0.788;0.792;0.796;0.804;0.804;0.804;0.808;0.812;0.812;0.816;0.820;0.824;0.827;0.827;0.831;0.831;0.835;0.839;0.839;0.843;0.843;0.847;0.851;0.851;0.855;0.859;0.863;0.863;0.867;0.867;0.871;0.875;
0.459;0.467;0.478;0.490;0.498;0.506;0.514;0.522;0.529;0.537;0.549;0.561;0.576;0.584;0.592;0.608;0.616;0.620;0.627;0.631;0.639;0.643;0.651;0.655;0.659;0.663;0.667;0.671;0.678;0.682;0.686;0.694;0.702;0.702;0.706;0.710;0.718;0.722;0.725;0.733;0.737;0.745;0.749;0.757;0.761;0.769;0.773;0.780;0.784;0.792;0.796;0.800;0.808;0.820;0.820;0.824;0.824;0.824;0.824;0.820;0.820;0.816;0.812;0.808;0.800;0.796;0.788;0.784;0.776;0.769;0.765;0.757;0.753;0.749;0.741;0.737;0.729;0.725;0.722;0.718;0.710;0.702;0.698;0.690;0.690;0.682;0.663;0.655;0.647;0.639;0.631;0.624;0.620;0.608;0.600;0.592;0.584;0.576;0.569;0.565;0.561;0.557;0.553;0.541;0.533;0.525;0.525;0.525;0.525;0.525;0.525;0.522;0.518;0.514;0.518;0.518;0.522;0.522;0.522;0.525;0.525;0.529;0.529;0.533;0.537;0.541;0.545;0.549;0.557;0.561;0.565;0.569;0.576;0.580;0.588;0.592;0.596;0.600;0.604;0.608;0.608;0.612;0.620;0.631;0.631;0.635;0.635;0.639;0.643;0.651;0.651;0.655;0.659;0.663;0.667;0.675;0.690;0.698;0.706;0.710;0.710;0.710;0.714;0.718;0.722;0.725;0.725;0.725;0.725;0.729;0.745;0.753;0.753;0.757;0.761;0.761;0.765;0.769;0.773;0.780;0.780;0.780;0.788;0.792;0.796;0.804;0.804;0.804;0.808;0.812;0.812;0.816;0.820;0.824;0.827;0.827;0.831;0.831;0.835;0.839;0.839;0.843;0.843;0.847;0.851;0.851;0.855;0.859;0.863;0.863;0.867;0.867;0.871;0.875;
0.455;0.463;0.475;0.486;0.494;0.502;0.514;0.518;0.525;0.533;0.545;0.557;0.569;0.576;0.588;0.600;0.608;0.620;0.624;0.627;0.635;0.639;0.647;0.651;0.659;0.663;0.667;0.671;0.675;0.678;0.686;0.690;0.698;0.702;0.706;0.710;0.714;0.718;0.725;0.729;0.733;0.741;0.745;0.753;0.757;0.765;0.773;0.776;0.784;0.788;0.792;0.796;0.804;0.816;0.824;0.824;0.824;0.824;0.824;0.824;0.824;0.820;0.816;0.812;0.804;0.800;0.792;0.784;0.780;0.773;0.769;0.765;0.761;0.757;0.753;0.745;0.741;0.733;0.729;0.725;0.718;0.714;0.706;0.698;0.694;0.690;0.682;0.663;0.659;0.651;0.643;0.631;0.627;0.620;0.612;0.604;0.596;0.588;0.584;0.576;0.569;0.565;0.557;0.557;0.553;0.537;0.533;0.533;0.529;0.529;0.529;0.529;0.525;0.525;0.522;0.522;0.522;0.522;0.525;0.525;0.525;0.529;0.529;0.533;0.537;0.541;0.545;0.549;0.553;0.557;0.561;0.565;0.569;0.576;0.580;0.588;0.592;0.596;0.600;0.604;0.604;0.608;0.608;0.612;0.627;0.631;0.631;0.635;0.635;0.639;0.647;0.651;0.651;0.655;0.663;0.667;0.671;0.675;0.678;0.682;0.690;0.706;0.710;0.710;0.714;0.714;0.718;0.718;0.722;0.725;0.725;0.729;0.741;0.753;0.753;0.757;0.761;0.765;0.765;0.769;0.769;0.773;0.776;0.780;0.784;0.788;0.792;0.800;0.804;0.804;0.808;0.812;0.816;0.816;0.816;0.824;0.827;0.827;0.831;0.835;0.835;0.839;0.839;0.843;0.847;0.847;0.851;0.855;0.859;0.859;0.863;0.867;0.871;0.875;
0.455;0.463;0.475;0.486;0.494;0.502;0.514;0.518;0.525;0.533;0.545;0.557;0.569;0.576;0.588;0.600;0.608;0.620;0.624;0.627;0.635;0.639;0.647;0.651;0.659;0.663;0.667;0.671;0.675;0.678;0.686;0.690;0.698;0.702;0.706;0.710;0.714;0.718;0.725;0.729;0.733;0.741;0.745;0.753;0.757;0.765;0.773;0.776;0.784;0.788;0.792;0.796;0.804;0.816;0.824;0.824;0.824;0.824;0.824;0.824;0.824;0.820;0.816;0.812;0.804;0.800;0.792;0.784;0.780;0.773;0.769;0.765;0.761;0.757;0.753;0.745;0.741;0.733;0.729;0.725;0.718;0.714;0.706;0.698;0.694;0.690;0.682;0.663;0.659;0.651;0.643;0.631;0.627;0.620;0.612;0.604;0.596;0.588;0.584;0.576;0.569;0.565;0.557;0.557;0.553;0.537;0.533;0.533;0.529;0.529;0.529;0.529;0.525;0.525;0.522;0.522;0.522;0.522;0.525;0.525;0.525;0.529;0.529;0.533;0.537;0.541;0.545;0.549;0.553;0.557;0.561;0.565;0.569;0.576;0.580;0.588;0.592;0.596;0.600;0.604;0.604;0.608;0.608;0.612;0.627;0.631;0.631;0.635;0.635;0.639;0.647;0.651;0.651;0.655;0.663;0.667;0.671;0.675;0.678;0.682;0.690;0.706;0.710;0.710;0.714;0.714;0.718;0.718;0.722;0.725;0.725;0.729;0.741;0.753;0.753;0.757;0.761;0.765;0.765;0.769;0.769;0.773;0.776;0.780;0.784;0.788;0.792;0.800;0.804;0.804;0.808;0.812;0.816;0.816;0.816;0.824;0.827;0.827;0.831;0.835;0.835;0.839;0.839;0.843;0.847;0.847;0.851;0.855;0.859;0.859;0.863;0.867;0.871;0.875;
0.455;0.459;0.471;0.478;0.490;0.498;0.510;0.514;0.522;0.529;0.541;0.549;0.565;0.576;0.584;0.592;0.604;0.620;0.624;0.627;0.631;0.639;0.647;0.655;0.655;0.659;0.667;0.671;0.675;0.678;0.682;0.686;0.698;0.702;0.706;0.706;0.714;0.718;0.722;0.729;0.733;0.737;0.745;0.749;0.757;0.761;0.769;0.773;0.780;0.784;0.792;0.796;0.800;0.808;0.820;0.824;0.824;0.824;0.824;0.824;0.824;0.820;0.820;0.812;0.808;0.800;0.796;0.792;0.784;0.776;0.773;0.769;0.765;0.761;0.757;0.753;0.749;0.741;0.737;0.733;0.725;0.722;0.718;0.710;0.706;0.698;0.694;0.686;0.667;0.659;0.651;0.643;0.635;0.631;0.624;0.616;0.608;0.604;0.596;0.592;0.584;0.573;0.565;0.561;0.561;0.553;0.545;0.541;0.537;0.533;0.529;0.529;0.529;0.529;0.533;0.529;0.525;0.525;0.525;0.525;0.529;0.529;0.529;0.533;0.537;0.541;0.545;0.549;0.549;0.553;0.557;0.565;0.565;0.573;0.576;0.580;0.588;0.596;0.600;0.600;0.604;0.604;0.608;0.608;0.612;0.627;0.631;0.631;0.631;0.635;0.639;0.643;0.647;0.651;0.655;0.659;0.663;0.671;0.675;0.678;0.682;0.682;0.690;0.706;0.706;0.706;0.710;0.714;0.714;0.718;0.722;0.725;0.729;0.733;0.745;0.749;0.757;0.757;0.761;0.765;0.765;0.769;0.773;0.776;0.776;0.780;0.784;0.788;0.792;0.796;0.800;0.800;0.804;0.808;0.808;0.812;0.812;0.816;0.820;0.827;0.831;0.835;0.839;0.839;0.843;0.847;0.851;0.855;0.855;0.859;0.863;0.867;0.871;0.871;
0.455;0.459;0.471;0.478;0.490;0.498;0.510;0.514;0.522;0.529;0.541;0.549;0.565;0.576;0.584;0.592;0.604;0.620;0.624;0.627;0.631;0.639;0.647;0.655;0.655;0.659;0.667;0.671;0.675;0.678;0.682;0.686;0.698;0.702;0.706;0.706;0.714;0.718;0.722;0.729;0.733;0.737;0.745;0.749;0.757;0.761;0.769;0.773;0.780;0.784;0.792;0.796;0.800;0.808;0.820;0.824;0.824;0.824;0.824;0.824;0.824;0.820;0.820;0.812;0.808;0.800;0.796;0.792;0.784;0.776;0.773;0.769;0.765;0.761;0.757;0.753;0.749;0.741;0.737;0.733;0.725;0.722;0.718;0.710;0.706;0.698;0.694;0.686;0.667;0.659;0.651;0.643;0.635;0.631;0.624;0.616;0.608;0.604;0.596;0.592;0.584;0.573;0.565;0.561;0.561;0.553;0.545;0.541;0.537;0.533;0.529;0.529;0.529;0.529;0.533;0.529;0.525;0.525;0.525;0.525;0.529;0.529;0.529;0.533;0.537;0.541;0.545;0.549;0.549;0.553;0.557;0.565;0.565;0.573;0.576;0.580;0.588;0.596;0.600;0.600;0.604;0.604;0.608;0.608;0.612;0.627;0.631;0.631;0.631;0.635;0.639;0.643;0.647;0.651;0.655;0.659;0.663;0.671;0.675;0.678;0.682;0.682;0.690;0.706;0.706;0.706;0.710;0.714;0.714;0.718;0.722;0.725;0.729;0.733;0.745;0.749;0.757;0.757;0.761;0.765;0.765;0.769;0.773;0.776;0.776;0.780;0.784;0.788;0.792;0.796;0.800;0.800;0.804;0.808;0.808;0.812;0.812;0.816;0.820;0.827;0.831;0.835;0.839;0.839;0.843;0.847;0.851;0.855;0.855;0.859;0.863;0.867;0.871;0.871;
0.443;0.455;0.463;0.475;0.482;0.494;0.502;0.510;0.522;0.529;0.537;0.545;0.557;0.573;0.588;0.592;0.596;0.612;0.620;0.624;0.627;0.635;0.643;0.647;0.655;0.659;0.663;0.667;0.675;0.678;0.682;0.686;0.694;0.702;0.702;0.706;0.710;0.714;0.722;0.725;0.733;0.737;0.741;0.745;0.753;0.761;0.765;0.773;0.776;0.784;0.788;0.792;0.800;0.808;0.812;0.820;0.824;0.824;0.824;0.824;0.824;0.824;0.820;0.816;0.808;0.804;0.800;0.792;0.788;0.780;0.776;0.773;0.769;0.769;0.761;0.761;0.753;0.749;0.745;0.741;0.733;0.729;0.722;0.718;0.710;0.706;0.702;0.698;0.682;0.671;0.663;0.655;0.647;0.643;0.639;0.631;0.620;0.616;0.612;0.608;0.596;0.576;0.573;0.569;0.565;0.561;0.557;0.549;0.545;0.541;0.537;0.537;0.537;0.533;0.533;0.537;0.533;0.529;0.533;0.529;0.529;0.533;0.537;0.537;0.541;0.545;0.549;0.553;0.557;0.557;0.561;0.565;0.569;0.573;0.573;0.580;0.596;0.600;0.600;0.600;0.604;0.604;0.604;0.608;0.612;0.616;0.627;0.631;0.631;0.635;0.635;0.639;0.643;0.647;0.651;0.655;0.659;0.663;0.667;0.671;0.675;0.678;0.682;0.690;0.698;0.702;0.706;0.706;0.710;0.714;0.718;0.722;0.725;0.725;0.729;0.733;0.737;0.749;0.757;0.757;0.761;0.765;0.769;0.773;0.773;0.776;0.776;0.780;0.784;0.788;0.792;0.796;0.800;0.804;0.804;0.808;0.812;0.812;0.816;0.820;0.824;0.824;0.831;0.839;0.843;0.843;0.847;0.851;0.855;0.863;0.867;0.867;0.871;0.871;
0.443;0.455;0.463;0.475;0.482;0.494;0.502;0.510;0.522;0.529;0.537;0.545;0.557;0.573;0.588;0.592;0.596;0.612;0.620;0.624;0.627;0.635;0.643;0.647;0.655;0.659;0.663;0.667;0.675;0.678;0.682;0.686;0.694;0.702;0.702;0.706;0.710;0.714;0.722;0.725;0.733;0.737;0.741;0.745;0.753;0.761;0.765;0.773;0.776;0.784;0.788;0.792;0.800;0.808;0.812;0.820;0.824;0.824;0.824;0.824;0.824;0.824;0.820;0.816;0.808;0.804;0.800;0.792;0.788;0.780;0.776;0.773;0.769;0.769;0.761;0.761;0.753;0.749;0.745;0.741;0.733;0.729;0.722;0.718;0.710;0.706;0.702;0.698;0.682;0.671;0.663;0.655;0.647;0.643;0.639;0.631;0.620;0.616;0.612;0.608;0.596;0.576;0.573;0.569;0.565;0.561;0.557;0.549;0.545;0.541;0.537;0.537;0.537;0.533;0.533;0.537;0.533;0.529;0.533;0.529;0.529;0.533;0.537;0.537;0.541;0.545;0.549;0.553;0.557;0.557;0.561;0.565;0.569;0.573;0.573;0.580;0.596;0.600;0.600;0.600;0.604;0.604;0.604;0.608;0.612;0.616;0.627;0.631;0.631;0.635;0.635;0.639;0.643;0.647;0.651;0.655;0.659;0.663;0.667;0.671;0.675;0.678;0.682;0.690;0.698;0.702;0.706;0.706;0.710;0.714;0.718;0.722;0.725;0.725;0.729;0.733;0.737;0.749;0.757;0.757;0.761;0.765;0.769;0.773;0.773;0.776;0.776;0.780;0.784;0.788;0.792;0.796;0.800;0.804;0.804;0.808;0.812;0.812;0.816;0.820;0.824;0.824;0.831;0.839;0.843;0.843;0.847;0.851;0.855;0.863;0.867;0.867;0.871;0.871;
0.443;0.451;0.459;0.471;0.478;0.490;0.498;0.506;0.514;0.525;0.533;0.541;0.549;0.565;0.580;0.588;0.596;0.604;0.620;0.624;0.627;0.631;0.639;0.643;0.651;0.659;0.663;0.667;0.671;0.675;0.678;0.682;0.690;0.694;0.702;0.706;0.710;0.714;0.718;0.722;0.729;0.733;0.741;0.745;0.749;0.757;0.765;0.769;0.773;0.780;0.784;0.792;0.796;0.804;0.812;0.816;0.824;0.824;0.824;0.827;0.827;0.824;0.820;0.816;0.812;0.808;0.800;0.796;0.792;0.784;0.780;0.776;0.773;0.773;0.769;0.765;0.761;0.757;0.753;0.749;0.741;0.733;0.729;0.725;0.718;0.710;0.706;0.706;0.702;0.682;0.675;0.671;0.663;0.651;0.647;0.635;0.627;0.620;0.616;0.612;0.608;0.604;0.580;0.576;0.573;0.569;0.565;0.561;0.553;0.549;0.545;0.541;0.541;0.537;0.537;0.537;0.537;0.537;0.533;0.541;0.537;0.537;0.541;0.545;0.549;0.553;0.557;0.557;0.561;0.565;0.565;0.569;0.573;0.573;0.576;0.580;0.600;0.600;0.600;0.600;0.604;0.608;0.612;0.612;0.612;0.616;0.631;0.635;0.635;0.635;0.635;0.635;0.639;0.643;0.647;0.651;0.655;0.659;0.663;0.667;0.671;0.678;0.682;0.694;0.702;0.702;0.702;0.706;0.706;0.710;0.714;0.718;0.718;0.722;0.725;0.729;0.729;0.733;0.741;0.757;0.757;0.757;0.761;0.765;0.769;0.773;0.776;0.780;0.780;0.784;0.788;0.792;0.796;0.800;0.804;0.808;0.808;0.812;0.816;0.820;0.820;0.824;0.827;0.835;0.839;0.843;0.847;0.855;0.863;0.867;0.867;0.867;0.871;0.871;
0.443;0.451;0.459;0.471;0.478;0.490;0.498;0.506;0.514;0.525;0.533;0.541;0.549;0.565;0.580;0.588;0.596;0.604;0.620;0.624;0.627;0.631;0.639;0.643;0.651;0.659;0.663;0.667;0.671;0.675;0.678;0.682;0.690;0.694;0.702;0.706;0.710;0.714;0.718;0.722;0.729;0.733;0.741;0.745;0.749;0.757;0.765;0.769;0.773;0.780;0.784;0.792;0.796;0.804;0.812;0.816;0.824;0.824;0.824;0.827;0.827;0.824;0.820;0.816;0.812;0.808;0.800;0.796;0.792;0.784;0.780;0.776;0.773;0.773;0.769;0.765;0.761;0.757;0.753;0.749;0.741;0.733;0.729;0.725;0.718;0.710;0.706;0.706;0.702;0.682;0.675;0.671;0.663;0.651;0.647;0.635;0.627;0.620;0.616;0.612;0.608;0.604;0.580;0.576;0.573;0.569;0.565;0.561;0.553;0.549;0.545;0.541;0.541;0.537;0.537;0.537;0.537;0.537;0.533;0.541;0.537;0.537;0.541;0.545;0.549;0.553;0.557;0.557;0.561;0.565;0.565;0.569;0.573;0.573;0.576;0.580;0.600;0.600;0.600;0.600;0.604;0.608;0.612;0.612;0.612;0.616;0.631;0.635;0.635;0.635;0.635;0.635;0.639;0.643;0.647;0.651;0.655;0.659;0.663;0.667;0.671;0.678;0.682;0.694;0.702;0.702;0.702;0.706;0.706;0.710;0.714;0.718;0.718;0.722;0.725;0.729;0.729;0.733;0.741;0.757;0.757;0.757;0.761;0.765;0.769;0.773;0.776;0.780;0.780;0.784;0.788;0.792;0.796;0.800;0.804;0.808;0.808;0.812;0.816;0.820;0.820;0.824;0.827;0.835;0.839;0.843;0.847;0.855;0.863;0.867;0.867;0.867;0.871;0.871;
0.443;0.451;0.459;0.471;0.475;0.482;0.494;0.502;0.510;0.518;0.525;0.533;0.549;0.565;0.569;0.584;0.592;0.600;0.616;0.624;0.631;0.631;0.635;0.643;0.647;0.655;0.659;0.663;0.671;0.675;0.682;0.682;0.686;0.690;0.702;0.706;0.710;0.714;0.718;0.722;0.729;0.733;0.737;0.741;0.749;0.753;0.761;0.765;0.773;0.776;0.784;0.788;0.796;0.804;0.816;0.816;0.820;0.827;0.827;0.827;0.827;0.824;0.824;0.820;0.816;0.812;0.804;0.800;0.792;0.788;0.784;0.780;0.776;0.773;0.773;0.769;0.765;0.761;0.757;0.753;0.749;0.741;0.733;0.729;0.722;0.718;0.714;0.706;0.702;0.698;0.682;0.675;0.667;0.663;0.655;0.651;0.643;0.631;0.624;0.624;0.624;0.612;0.588;0.584;0.580;0.576;0.573;0.569;0.561;0.557;0.553;0.549;0.549;0.545;0.541;0.541;0.541;0.541;0.541;0.537;0.541;0.541;0.545;0.549;0.549;0.553;0.557;0.561;0.565;0.565;0.569;0.573;0.576;0.576;0.580;0.588;0.600;0.600;0.604;0.604;0.608;0.612;0.616;0.616;0.620;0.620;0.624;0.635;0.639;0.639;0.643;0.643;0.647;0.647;0.651;0.659;0.659;0.663;0.667;0.671;0.675;0.678;0.686;0.698;0.698;0.698;0.702;0.706;0.710;0.714;0.714;0.718;0.722;0.725;0.729;0.733;0.737;0.737;0.741;0.757;0.757;0.761;0.761;0.761;0.765;0.769;0.773;0.776;0.780;0.784;0.784;0.792;0.792;0.796;0.800;0.804;0.808;0.812;0.816;0.820;0.824;0.824;0.827;0.831;0.839;0.847;0.859;0.863;0.863;0.863;0.867;0.867;0.867;0.871;
0.443;0.451;0.459;0.471;0.475;0.482;0.494;0.502;0.510;0.518;0.525;0.533;0.549;0.565;0.569;0.584;0.592;0.600;0.616;0.624;0.631;0.631;0.635;0.643;0.647;0.655;0.659;0.663;0.671;0.675;0.682;0.682;0.686;0.690;0.702;0.706;0.710;0.714;0.718;0.722;0.729;0.733;0.737;0.741;0.749;0.753;0.761;0.765;0.773;0.776;0.784;0.788;0.796;0.804;0.816;0.816;0.820;0.827;0.827;0.827;0.827;0.824;0.824;0.820;0.816;0.812;0.804;0.800;0.792;0.788;0.784;0.780;0.776;0.773;0.773;0.769;0.765;0.761;0.757;0.753;0.749;0.741;0.733;0.729;0.722;0.718;0.714;0.706;0.702;0.698;0.682;0.675;0.667;0.663;0.655;0.651;0.643;0.631;0.624;0.624;0.624;0.612;0.588;0.584;0.580;0.576;0.573;0.569;0.561;0.557;0.553;0.549;0.549;0.545;0.541;0.541;0.541;0.541;0.541;0.537;0.541;0.541;0.545;0.549;0.549;0.553;0.557;0.561;0.565;0.565;0.569;0.573;0.576;0.576;0.580;0.588;0.600;0.600;0.604;0.604;0.608;0.612;0.616;0.616;0.620;0.620;0.624;0.635;0.639;0.639;0.643;0.643;0.647;0.647;0.651;0.659;0.659;0.663;0.667;0.671;0.675;0.678;0.686;0.698;0.698;0.698;0.702;0.706;0.710;0.714;0.714;0.718;0.722;0.725;0.729;0.733;0.737;0.737;0.741;0.757;0.757;0.761;0.761;0.761;0.765;0.769;0.773;0.776;0.780;0.784;0.784;0.792;0.792;0.796;0.800;0.804;0.808;0.812;0.816;0.820;0.824;0.824;0.827;0.831;0.839;0.847;0.859;0.863;0.863;0.863;0.867;0.867;0.867;0.871;
0.443;0.451;0.459;0.463;0.471;0.478;0.490;0.498;0.506;0.514;0.522;0.533;0.541;0.565;0.569;0.576;0.588;0.596;0.608;0.620;0.624;0.631;0.635;0.639;0.643;0.651;0.655;0.663;0.667;0.675;0.678;0.686;0.686;0.694;0.694;0.702;0.706;0.710;0.714;0.718;0.725;0.729;0.733;0.741;0.745;0.753;0.757;0.765;0.769;0.776;0.780;0.788;0.792;0.804;0.816;0.816;0.820;0.824;0.827;0.827;0.827;0.827;0.824;0.824;0.820;0.816;0.808;0.804;0.800;0.792;0.788;0.784;0.780;0.776;0.776;0.773;0.769;0.765;0.761;0.757;0.753;0.749;0.741;0.737;0.729;0.725;0.718;0.710;0.706;0.702;0.698;0.682;0.675;0.671;0.667;0.659;0.651;0.647;0.635;0.627;0.627;0.624;0.608;0.592;0.588;0.584;0.576;0.576;0.569;0.569;0.561;0.557;0.557;0.553;0.549;0.549;0.549;0.545;0.545;0.541;0.545;0.549;0.549;0.549;0.553;0.557;0.561;0.561;0.565;0.569;0.576;0.580;0.580;0.584;0.588;0.600;0.604;0.608;0.608;0.612;0.612;0.616;0.620;0.624;0.627;0.627;0.631;0.643;0.647;0.647;0.651;0.651;0.655;0.659;0.663;0.663;0.667;0.671;0.671;0.678;0.686;0.694;0.694;0.698;0.698;0.702;0.714;0.718;0.725;0.722;0.722;0.725;0.729;0.729;0.733;0.737;0.741;0.741;0.745;0.749;0.761;0.761;0.761;0.765;0.769;0.773;0.776;0.780;0.780;0.784;0.788;0.792;0.796;0.796;0.804;0.808;0.808;0.812;0.816;0.820;0.824;0.824;0.827;0.835;0.847;0.859;0.859;0.863;0.863;0.863;0.863;0.867;0.867;0.871;
0.443;0.451;0.459;0.463;0.471;0.478;0.490;0.498;0.506;0.514;0.522;0.533;0.541;0.565;0.569;0.576;0.588;0.596;0.608;0.620;0.624;0.631;0.635;0.639;0.643;0.651;0.655;0.663;0.667;0.675;0.678;0.686;0.686;0.694;0.694;0.702;0.706;0.710;0.714;0.718;0.725;0.729;0.733;0.741;0.745;0.753;0.757;0.765;0.769;0.776;0.780;0.788;0.792;0.804;0.816;0.816;0.820;0.824;0.827;0.827;0.827;0.827;0.824;0.824;0.820;0.816;0.808;0.804;0.800;0.792;0.788;0.784;0.780;0.776;0.776;0.773;0.769;0.765;0.761;0.757;0.753;0.749;0.741;0.737;0.729;0.725;0.718;0.710;0.706;0.702;0.698;0.682;0.675;0.671;0.667;0.659;0.651;0.647;0.635;0.627;0.627;0.624;0.608;0.592;0.588;0.584;0.576;0.576;0.569;0.569;0.561;0.557;0.557;0.553;0.549;0.549;0.549;0.545;0.545;0.541;0.545;0.549;0.549;0.549;0.553;0.557;0.561;0.561;0.565;0.569;0.576;0.580;0.580;0.584;0.588;0.600;0.604;0.608;0.608;0.612;0.612;0.616;0.620;0.624;0.627;0.627;0.631;0.643;0.647;0.647;0.651;0.651;0.655;0.659;0.663;0.663;0.667;0.671;0.671;0.678;0.686;0.694;0.694;0.698;0.698;0.702;0.714;0.718;0.725;0.722;0.722;0.725;0.729;0.729;0.733;0.737;0.741;0.741;0.745;0.749;0.761;0.761;0.761;0.765;0.769;0.773;0.776;0.780;0.780;0.784;0.788;0.792;0.796;0.796;0.804;0.808;0.808;0.812;0.816;0.820;0.824;0.824;0.827;0.835;0.847;0.859;0.859;0.863;0.863;0.863;0.863;0.867;0.867;0.871;
0.447;0.451;0.459;0.463;0.471;0.478;0.486;0.494;0.510;0.518;0.522;0.525;0.533;0.561;0.573;0.573;0.584;0.588;0.604;0.620;0.620;0.624;0.631;0.635;0.639;0.643;0.651;0.659;0.663;0.671;0.678;0.682;0.686;0.690;0.690;0.698;0.702;0.706;0.714;0.718;0.722;0.729;0.733;0.741;0.745;0.753;0.757;0.765;0.769;0.773;0.780;0.784;0.792;0.800;0.808;0.812;0.816;0.820;0.827;0.827;0.827;0.827;0.827;0.824;0.824;0.820;0.812;0.808;0.804;0.796;0.792;0.788;0.784;0.780;0.780;0.776;0.773;0.769;0.765;0.765;0.757;0.753;0.745;0.741;0.733;0.729;0.722;0.718;0.710;0.702;0.698;0.690;0.682;0.678;0.675;0.671;0.655;0.651;0.643;0.631;0.631;0.627;0.624;0.604;0.596;0.592;0.588;0.584;0.580;0.576;0.569;0.565;0.565;0.561;0.557;0.557;0.553;0.553;0.549;0.549;0.553;0.549;0.553;0.553;0.557;0.557;0.561;0.565;0.569;0.573;0.576;0.580;0.584;0.588;0.592;0.608;0.608;0.612;0.612;0.616;0.620;0.624;0.627;0.631;0.635;0.639;0.643;0.647;0.659;0.655;0.659;0.663;0.667;0.671;0.675;0.675;0.686;0.690;0.690;0.698;0.702;0.714;0.714;0.718;0.718;0.718;0.722;0.722;0.725;0.725;0.729;0.729;0.733;0.737;0.737;0.741;0.745;0.745;0.753;0.753;0.761;0.765;0.769;0.769;0.773;0.776;0.780;0.784;0.784;0.788;0.792;0.796;0.800;0.804;0.808;0.812;0.812;0.816;0.820;0.820;0.827;0.831;0.843;0.851;0.859;0.859;0.859;0.859;0.863;0.863;0.867;0.867;0.871;0.875;
0.447;0.451;0.459;0.463;0.471;0.478;0.486;0.494;0.510;0.518;0.522;0.525;0.533;0.561;0.573;0.573;0.584;0.588;0.604;0.620;0.620;0.624;0.631;0.635;0.639;0.643;0.651;0.659;0.663;0.671;0.678;0.682;0.686;0.690;0.690;0.698;0.702;0.706;0.714;0.718;0.722;0.729;0.733;0.741;0.745;0.753;0.757;0.765;0.769;0.773;0.780;0.784;0.792;0.800;0.808;0.812;0.816;0.820;0.827;0.827;0.827;0.827;0.827;0.824;0.824;0.820;0.812;0.808;0.804;0.796;0.792;0.788;0.784;0.780;0.780;0.776;0.773;0.769;0.765;0.765;0.757;0.753;0.745;0.741;0.733;0.729;0.722;0.718;0.710;0.702;0.698;0.690;0.682;0.678;0.675;0.671;0.655;0.651;0.643;0.631;0.631;0.627;0.624;0.604;0.596;0.592;0.588;0.584;0.580;0.576;0.569;0.565;0.565;0.561;0.557;0.557;0.553;0.553;0.549;0.549;0.553;0.549;0.553;0.553;0.557;0.557;0.561;0.565;0.569;0.573;0.576;0.580;0.584;0.588;0.592;0.608;0.608;0.612;0.612;0.616;0.620;0.624;0.627;0.631;0.635;0.639;0.643;0.647;0.659;0.655;0.659;0.663;0.667;0.671;0.675;0.675;0.686;0.690;0.690;0.698;0.702;0.714;0.714;0.718;0.718;0.718;0.722;0.722;0.725;0.725;0.729;0.729;0.733;0.737;0.737;0.741;0.745;0.745;0.753;0.753;0.761;0.765;0.769;0.769;0.773;0.776;0.780;0.784;0.784;0.788;0.792;0.796;0.800;0.804;0.808;0.812;0.812;0.816;0.820;0.820;0.827;0.831;0.843;0.851;0.859;0.859;0.859;0.859;0.863;0.863;0.867;0.867;0.871;0.875;
0.451;0.455;0.459;0.463;0.471;0.478;0.490;0.502;0.506;0.514;0.518;0.525;0.529;0.549;0.573;0.573;0.576;0.584;0.596;0.608;0.616;0.624;0.627;0.631;0.639;0.643;0.651;0.655;0.663;0.667;0.675;0.678;0.686;0.690;0.690;0.698;0.702;0.706;0.710;0.714;0.722;0.725;0.733;0.737;0.741;0.749;0.757;0.761;0.769;0.773;0.780;0.784;0.792;0.796;0.804;0.812;0.816;0.820;0.827;0.831;0.835;0.831;0.831;0.827;0.827;0.824;0.816;0.812;0.808;0.804;0.796;0.792;0.788;0.784;0.784;0.780;0.776;0.773;0.769;0.765;0.761;0.757;0.753;0.745;0.741;0.733;0.729;0.725;0.718;0.710;0.702;0.694;0.686;0.686;0.678;0.675;0.667;0.655;0.647;0.639;0.635;0.635;0.631;0.627;0.604;0.600;0.596;0.592;0.588;0.584;0.580;0.576;0.573;0.576;0.573;0.573;0.569;0.561;0.557;0.557;0.553;0.553;0.553;0.557;0.557;0.561;0.565;0.569;0.573;0.576;0.580;0.584;0.588;0.592;0.596;0.612;0.612;0.616;0.616;0.620;0.627;0.631;0.635;0.639;0.643;0.647;0.651;0.655;0.667;0.675;0.678;0.678;0.682;0.686;0.694;0.702;0.706;0.706;0.710;0.710;0.714;0.714;0.714;0.718;0.718;0.722;0.725;0.725;0.729;0.733;0.733;0.737;0.741;0.745;0.745;0.749;0.753;0.757;0.757;0.761;0.761;0.773;0.773;0.776;0.776;0.780;0.784;0.788;0.792;0.796;0.800;0.804;0.804;0.808;0.812;0.812;0.820;0.820;0.824;0.831;0.843;0.851;0.855;0.859;0.859;0.859;0.859;0.863;0.863;0.867;0.867;0.871;0.875;0.878;
0.451;0.455;0.459;0.463;0.471;0.478;0.490;0.502;0.506;0.514;0.518;0.525;0.529;0.549;0.573;0.573;0.576;0.584;0.596;0.608;0.616;0.624;0.627;0.631;0.639;0.643;0.651;0.655;0.663;0.667;0.675;0.678;0.686;0.690;0.690;0.698;0.702;0.706;0.710;0.714;0.722;0.725;0.733;0.737;0.741;0.749;0.757;0.761;0.769;0.773;0.780;0.784;0.792;0.796;0.804;0.812;0.816;0.820;0.827;0.831;0.835;0.831;0.831;0.827;0.827;0.824;0.816;0.812;0.808;0.804;0.796;0.792;0.788;0.784;0.784;0.780;0.776;0.773;0.769;0.765;0.761;0.757;0.753;0.745;0.741;0.733;0.729;0.725;0.718;0.710;0.702;0.694;0.686;0.686;0.678;0.675;0.667;0.655;0.647;0.639;0.635;0.635;0.631;0.627;0.604;0.600;0.596;0.592;0.588;0.584;0.580;0.576;0.573;0.576;0.573;0.573;0.569;0.561;0.557;0.557;0.553;0.553;0.553;0.557;0.557;0.561;0.565;0.569;0.573;0.576;0.580;0.584;0.588;0.592;0.596;0.612;0.612;0.616;0.616;0.620;0.627;0.631;0.635;0.639;0.643;0.647;0.651;0.655;0.667;0.675;0.678;0.678;0.682;0.686;0.694;0.702;0.706;0.706;0.710;0.710;0.714;0.714;0.714;0.718;0.718;0.722;0.725;0.725;0.729;0.733;0.733;0.737;0.741;0.745;0.745;0.749;0.753;0.757;0.757;0.761;0.761;0.773;0.773;0.776;0.776;0.780;0.784;0.788;0.792;0.796;0.800;0.804;0.804;0.808;0.812;0.812;0.820;0.820;0.824;0.831;0.843;0.851;0.855;0.859;0.859;0.859;0.859;0.863;0.863;0.867;0.867;0.871;0.875;0.878;
0.455;0.459;0.463;0.471;0.482;0.486;0.490;0.498;0.502;0.510;0.518;0.522;0.529;0.541;0.569;0.576;0.576;0.584;0.588;0.600;0.612;0.616;0.624;0.631;0.635;0.639;0.647;0.651;0.659;0.663;0.667;0.675;0.682;0.686;0.690;0.694;0.698;0.706;0.710;0.714;0.718;0.725;0.729;0.733;0.741;0.749;0.753;0.761;0.765;0.773;0.780;0.784;0.792;0.796;0.804;0.816;0.820;0.824;0.827;0.827;0.835;0.831;0.831;0.831;0.831;0.827;0.824;0.816;0.812;0.808;0.800;0.796;0.796;0.792;0.788;0.784;0.780;0.776;0.773;0.769;0.765;0.761;0.753;0.749;0.745;0.741;0.733;0.729;0.729;0.722;0.702;0.698;0.694;0.686;0.682;0.675;0.671;0.663;0.655;0.643;0.639;0.635;0.635;0.635;0.627;0.608;0.604;0.600;0.596;0.592;0.592;0.588;0.588;0.584;0.584;0.584;0.580;0.576;0.565;0.561;0.557;0.557;0.557;0.557;0.557;0.561;0.565;0.569;0.576;0.576;0.580;0.584;0.592;0.592;0.596;0.616;0.616;0.620;0.620;0.624;0.631;0.635;0.643;0.647;0.651;0.659;0.663;0.667;0.675;0.690;0.698;0.698;0.698;0.698;0.702;0.702;0.706;0.710;0.710;0.714;0.714;0.718;0.722;0.722;0.725;0.729;0.729;0.733;0.737;0.737;0.741;0.745;0.745;0.749;0.753;0.753;0.757;0.761;0.761;0.765;0.769;0.773;0.776;0.780;0.784;0.788;0.788;0.792;0.796;0.800;0.804;0.808;0.812;0.816;0.816;0.820;0.824;0.831;0.839;0.851;0.855;0.855;0.855;0.859;0.859;0.859;0.863;0.863;0.867;0.871;0.875;0.875;0.882;0.882;
0.455;0.459;0.463;0.471;0.482;0.486;0.490;0.498;0.502;0.510;0.518;0.522;0.529;0.541;0.569;0.576;0.576;0.584;0.588;0.600;0.612;0.616;0.624;0.631;0.635;0.639;0.647;0.651;0.659;0.663;0.667;0.675;0.682;0.686;0.690;0.694;0.698;0.706;0.710;0.714;0.718;0.725;0.729;0.733;0.741;0.749;0.753;0.761;0.765;0.773;0.780;0.784;0.792;0.796;0.804;0.816;0.820;0.824;0.827;0.827;0.835;0.831;0.831;0.831;0.831;0.827;0.824;0.816;0.812;0.808;0.800;0.796;0.796;0.792;0.788;0.784;0.780;0.776;0.773;0.769;0.765;0.761;0.753;0.749;0.745;0.741;0.733;0.729;0.729;0.722;0.702;0.698;0.694;0.686;0.682;0.675;0.671;0.663;0.655;0.643;0.639;0.635;0.635;0.635;0.627;0.608;0.604;0.600;0.596;0.592;0.592;0.588;0.588;0.584;0.584;0.584;0.580;0.576;0.565;0.561;0.557;0.557;0.557;0.557;0.557;0.561;0.565;0.569;0.576;0.576;0.580;0.584;0.592;0.592;0.596;0.616;0.616;0.620;0.620;0.624;0.631;0.635;0.643;0.647;0.651;0.659;0.663;0.667;0.675;0.690;0.698;0.698;0.698;0.698;0.702;0.702;0.706;0.710;0.710;0.714;0.714;0.718;0.722;0.722;0.725;0.729;0.729;0.733;0.737;0.737;0.741;0.745;0.745;0.749;0.753;0.753;0.757;0.761;0.761;0.765;0.769;0.773;0.776;0.780;0.784;0.788;0.788;0.792;0.796;0.800;0.804;0.808;0.812;0.816;0.816;0.820;0.824;0.831;0.839;0.851;0.855;0.855;0.855;0.859;0.859;0.859;0.863;0.863;0.867;0.871;0.875;0.875;0.882;0.882;
0.475;0.475;0.475;0.475;0.482;0.490;0.494;0.498;0.506;0.514;0.518;0.525;0.529;0.537;0.561;0.573;0.576;0.584;0.592;0.596;0.604;0.608;0.616;0.624;0.631;0.635;0.639;0.643;0.651;0.659;0.663;0.671;0.678;0.682;0.690;0.690;0.694;0.702;0.710;0.714;0.718;0.722;0.725;0.733;0.737;0.745;0.753;0.757;0.765;0.773;0.780;0.784;0.788;0.796;0.804;0.827;0.827;0.824;0.827;0.827;0.831;0.839;0.835;0.835;0.831;0.831;0.827;0.820;0.816;0.808;0.804;0.800;0.796;0.792;0.788;0.784;0.784;0.780;0.776;0.773;0.765;0.765;0.757;0.753;0.749;0.745;0.745;0.733;0.733;0.725;0.706;0.702;0.694;0.690;0.686;0.678;0.671;0.663;0.655;0.647;0.643;0.639;0.639;0.635;0.631;0.624;0.612;0.612;0.608;0.604;0.604;0.600;0.600;0.596;0.592;0.588;0.588;0.588;0.588;0.576;0.573;0.565;0.565;0.565;0.565;0.565;0.569;0.573;0.576;0.580;0.584;0.588;0.592;0.596;0.600;0.612;0.620;0.620;0.624;0.627;0.635;0.639;0.651;0.663;0.671;0.671;0.671;0.686;0.694;0.694;0.698;0.698;0.698;0.702;0.702;0.706;0.710;0.714;0.714;0.718;0.722;0.722;0.725;0.729;0.729;0.733;0.733;0.737;0.741;0.741;0.745;0.749;0.753;0.753;0.757;0.757;0.761;0.765;0.765;0.769;0.773;0.776;0.780;0.784;0.788;0.792;0.792;0.796;0.800;0.804;0.808;0.812;0.824;0.827;0.827;0.827;0.839;0.851;0.855;0.855;0.855;0.855;0.855;0.859;0.859;0.863;0.867;0.871;0.875;0.875;0.878;0.882;0.886;0.886;
0.475;0.475;0.475;0.475;0.482;0.490;0.494;0.498;0.506;0.514;0.518;0.525;0.529;0.537;0.561;0.573;0.576;0.584;0.592;0.596;0.604;0.608;0.616;0.624;0.631;0.635;0.639;0.643;0.651;0.659;0.663;0.671;0.678;0.682;0.690;0.690;0.694;0.702;0.710;0.714;0.718;0.722;0.725;0.733;0.737;0.745;0.753;0.757;0.765;0.773;0.780;0.784;0.788;0.796;0.804;0.827;0.827;0.824;0.827;0.827;0.831;0.839;0.835;0.835;0.831;0.831;0.827;0.820;0.816;0.808;0.804;0.800;0.796;0.792;0.788;0.784;0.784;0.780;0.776;0.773;0.765;0.765;0.757;0.753;0.749;0.745;0.745;0.733;0.733;0.725;0.706;0.702;0.694;0.690;0.686;0.678;0.671;0.663;0.655;0.647;0.643;0.639;0.639;0.635;0.631;0.624;0.612;0.612;0.608;0.604;0.604;0.600;0.600;0.596;0.592;0.588;0.588;0.588;0.588;0.576;0.573;0.565;0.565;0.565;0.565;0.565;0.569;0.573;0.576;0.580;0.584;0.588;0.592;0.596;0.600;0.612;0.620;0.620;0.624;0.627;0.635;0.639;0.651;0.663;0.671;0.671;0.671;0.686;0.694;0.694;0.698;0.698;0.698;0.702;0.702;0.706;0.710;0.714;0.714;0.718;0.722;0.722;0.725;0.729;0.729;0.733;0.733;0.737;0.741;0.741;0.745;0.749;0.753;0.753;0.757;0.757;0.761;0.765;0.765;0.769;0.773;0.776;0.780;0.784;0.788;0.792;0.792;0.796;0.800;0.804;0.808;0.812;0.824;0.827;0.827;0.827;0.839;0.851;0.855;0.855;0.855;0.855;0.855;0.859;0.859;0.863;0.867;0.871;0.875;0.875;0.878;0.882;0.886;0.886;
0.482;0.482;0.486;0.486;0.486;0.490;0.494;0.506;0.510;0.514;0.522;0.525;0.529;0.537;0.557;0.573;0.576;0.580;0.584;0.592;0.600;0.604;0.612;0.616;0.624;0.631;0.635;0.639;0.647;0.655;0.663;0.667;0.678;0.682;0.686;0.694;0.694;0.698;0.710;0.718;0.718;0.722;0.725;0.733;0.737;0.745;0.749;0.753;0.761;0.769;0.776;0.780;0.788;0.792;0.800;0.808;0.820;0.824;0.827;0.831;0.831;0.835;0.839;0.835;0.835;0.835;0.835;0.820;0.816;0.812;0.808;0.804;0.800;0.796;0.792;0.788;0.788;0.784;0.776;0.773;0.769;0.765;0.761;0.757;0.753;0.749;0.745;0.741;0.737;0.733;0.714;0.702;0.698;0.694;0.690;0.682;0.675;0.671;0.663;0.655;0.647;0.643;0.643;0.639;0.635;0.631;0.627;0.624;0.624;0.624;0.616;0.616;0.612;0.608;0.604;0.604;0.600;0.600;0.600;0.596;0.584;0.580;0.573;0.573;0.569;0.569;0.569;0.573;0.576;0.580;0.584;0.588;0.592;0.596;0.600;0.608;0.620;0.624;0.631;0.639;0.643;0.647;0.655;0.671;0.671;0.671;0.678;0.694;0.694;0.698;0.698;0.698;0.702;0.702;0.706;0.710;0.714;0.714;0.718;0.722;0.722;0.725;0.729;0.729;0.733;0.737;0.737;0.741;0.745;0.745;0.749;0.753;0.753;0.757;0.761;0.761;0.765;0.769;0.769;0.773;0.776;0.780;0.784;0.792;0.792;0.796;0.804;0.812;0.820;0.824;0.824;0.827;0.827;0.827;0.831;0.843;0.855;0.855;0.855;0.855;0.855;0.859;0.859;0.863;0.867;0.867;0.871;0.875;0.878;0.882;0.886;0.890;0.890;0.894;
0.482;0.482;0.486;0.486;0.486;0.490;0.494;0.506;0.510;0.514;0.522;0.525;0.529;0.537;0.557;0.573;0.576;0.580;0.584;0.592;0.600;0.604;0.612;0.616;0.624;0.631;0.635;0.639;0.647;0.655;0.663;0.667;0.678;0.682;0.686;0.694;0.694;0.698;0.710;0.718;0.718;0.722;0.725;0.733;0.737;0.745;0.749;0.753;0.761;0.769;0.776;0.780;0.788;0.792;0.800;0.808;0.820;0.824;0.827;0.831;0.831;0.835;0.839;0.835;0.835;0.835;0.835;0.820;0.816;0.812;0.808;0.804;0.800;0.796;0.792;0.788;0.788;0.784;0.776;0.773;0.769;0.765;0.761;0.757;0.753;0.749;0.745;0.741;0.737;0.733;0.714;0.702;0.698;0.694;0.690;0.682;0.675;0.671;0.663;0.655;0.647;0.643;0.643;0.639;0.635;0.631;0.627;0.624;0.624;0.624;0.616;0.616;0.612;0.608;0.604;0.604;0.600;0.600;0.600;0.596;0.584;0.580;0.573;0.573;0.569;0.569;0.569;0.573;0.576;0.580;0.584;0.588;0.592;0.596;0.600;0.608;0.620;0.624;0.631;0.639;0.643;0.647;0.655;0.671;0.671;0.671;0.678;0.694;0.694;0.698;0.698;0.698;0.702;0.702;0.706;0.710;0.714;0.714;0.718;0.722;0.722;0.725;0.729;0.729;0.733;0.737;0.737;0.741;0.745;0.745;0.749;0.753;0.753;0.757;0.761;0.761;0.765;0.769;0.769;0.773;0.776;0.780;0.784;0.792;0.792;0.796;0.804;0.812;0.820;0.824;0.824;0.827;0.827;0.827;0.831;0.843;0.855;0.855;0.855;0.855;0.855;0.859;0.859;0.863;0.867;0.867;0.871;0.875;0.878;0.882;0.886;0.890;0.890;0.894;
0.498;0.498;0.498;0.498;0.498;0.506;0.518;0.510;0.514;0.522;0.525;0.529;0.533;0.537;0.553;0.573;0.576;0.580;0.584;0.588;0.592;0.600;0.608;0.612;0.620;0.624;0.631;0.635;0.643;0.651;0.659;0.667;0.675;0.682;0.686;0.690;0.694;0.698;0.706;0.714;0.718;0.722;0.725;0.729;0.733;0.741;0.745;0.753;0.761;0.765;0.773;0.780;0.784;0.792;0.796;0.808;0.816;0.824;0.827;0.831;0.835;0.835;0.839;0.839;0.839;0.839;0.839;0.831;0.816;0.812;0.812;0.808;0.804;0.800;0.796;0.792;0.788;0.784;0.784;0.776;0.773;0.769;0.761;0.757;0.753;0.749;0.745;0.741;0.741;0.733;0.714;0.706;0.702;0.694;0.690;0.686;0.682;0.675;0.671;0.663;0.655;0.651;0.647;0.643;0.643;0.639;0.635;0.639;0.639;0.639;0.635;0.631;0.627;0.620;0.616;0.612;0.608;0.604;0.600;0.600;0.604;0.600;0.588;0.580;0.576;0.576;0.573;0.576;0.580;0.584;0.584;0.588;0.592;0.596;0.604;0.608;0.616;0.620;0.627;0.635;0.639;0.651;0.659;0.667;0.671;0.678;0.682;0.686;0.690;0.694;0.698;0.698;0.702;0.702;0.706;0.714;0.718;0.718;0.722;0.722;0.725;0.725;0.729;0.733;0.737;0.737;0.741;0.741;0.745;0.749;0.753;0.753;0.757;0.757;0.761;0.765;0.769;0.773;0.776;0.780;0.784;0.792;0.800;0.808;0.812;0.816;0.820;0.820;0.824;0.824;0.827;0.827;0.831;0.835;0.855;0.855;0.855;0.855;0.855;0.859;0.859;0.863;0.863;0.867;0.871;0.875;0.878;0.882;0.886;0.890;0.890;0.894;0.898;0.902;
0.498;0.498;0.498;0.498;0.498;0.506;0.518;0.510;0.514;0.522;0.525;0.529;0.533;0.537;0.553;0.573;0.576;0.580;0.584;0.588;0.592;0.600;0.608;0.612;0.620;0.624;0.631;0.635;0.643;0.651;0.659;0.667;0.675;0.682;0.686;0.690;0.694;0.698;0.706;0.714;0.718;0.722;0.725;0.729;0.733;0.741;0.745;0.753;0.761;0.765;0.773;0.780;0.784;0.792;0.796;0.808;0.816;0.824;0.827;0.831;0.835;0.835;0.839;0.839;0.839;0.839;0.839;0.831;0.816;0.812;0.812;0.808;0.804;0.800;0.796;0.792;0.788;0.784;0.784;0.776;0.773;0.769;0.761;0.757;0.753;0.749;0.745;0.741;0.741;0.733;0.714;0.706;0.702;0.694;0.690;0.686;0.682;0.675;0.671;0.663;0.655;0.651;0.647;0.643;0.643;0.639;0.635;0.639;0.639;0.639;0.635;0.631;0.627;0.620;0.616;0.612;0.608;0.604;0.600;0.600;0.604;0.600;0.588;0.580;0.576;0.576;0.573;0.576;0.580;0.584;0.584;0.588;0.592;0.596;0.604;0.608;0.616;0.620;0.627;0.635;0.639;0.651;0.659;0.667;0.671;0.678;0.682;0.686;0.690;0.694;0.698;0.698;0.702;0.702;0.706;0.714;0.718;0.718;0.722;0.722;0.725;0.725;0.729;0.733;0.737;0.737;0.741;0.741;0.745;0.749;0.753;0.753;0.757;0.757;0.761;0.765;0.769;0.773;0.776;0.780;0.784;0.792;0.800;0.808;0.812;0.816;0.820;0.820;0.824;0.824;0.827;0.827;0.831;0.835;0.855;0.855;0.855;0.855;0.855;0.859;0.859;0.863;0.863;0.867;0.871;0.875;0.878;0.882;0.886;0.890;0.890;0.894;0.898;0.902;
0.514;0.522;0.514;0.514;0.522;0.529;0.529;0.529;0.529;0.533;0.529;0.533;0.537;0.541;0.553;0.573;0.576;0.580;0.584;0.588;0.596;0.596;0.604;0.612;0.616;0.624;0.627;0.635;0.639;0.647;0.655;0.663;0.675;0.682;0.690;0.694;0.698;0.702;0.706;0.714;0.718;0.722;0.725;0.729;0.733;0.741;0.745;0.753;0.757;0.765;0.769;0.776;0.784;0.800;0.796;0.804;0.812;0.820;0.827;0.831;0.835;0.839;0.839;0.839;0.839;0.839;0.839;0.839;0.827;0.816;0.816;0.812;0.808;0.804;0.800;0.796;0.792;0.788;0.784;0.780;0.773;0.769;0.765;0.761;0.757;0.753;0.749;0.745;0.741;0.737;0.718;0.714;0.710;0.702;0.694;0.690;0.686;0.682;0.675;0.671;0.667;0.663;0.659;0.659;0.659;0.659;0.659;0.659;0.655;0.651;0.643;0.643;0.643;0.635;0.631;0.631;0.620;0.616;0.612;0.608;0.608;0.608;0.604;0.596;0.592;0.584;0.580;0.580;0.580;0.584;0.588;0.592;0.596;0.600;0.604;0.608;0.612;0.620;0.627;0.635;0.643;0.651;0.659;0.667;0.671;0.678;0.682;0.686;0.690;0.694;0.698;0.702;0.702;0.706;0.710;0.722;0.722;0.722;0.722;0.725;0.725;0.729;0.733;0.733;0.737;0.741;0.745;0.745;0.749;0.749;0.757;0.761;0.765;0.773;0.776;0.780;0.784;0.792;0.796;0.804;0.808;0.808;0.812;0.812;0.816;0.820;0.824;0.827;0.827;0.831;0.831;0.835;0.839;0.855;0.859;0.859;0.859;0.859;0.863;0.863;0.867;0.867;0.871;0.875;0.878;0.882;0.886;0.890;0.894;0.894;0.898;0.898;0.902;0.906;
0.514;0.522;0.514;0.514;0.522;0.529;0.529;0.529;0.529;0.533;0.529;0.533;0.537;0.541;0.553;0.573;0.576;0.580;0.584;0.588;0.596;0.596;0.604;0.612;0.616;0.624;0.627;0.635;0.639;0.647;0.655;0.663;0.675;0.682;0.690;0.694;0.698;0.702;0.706;0.714;0.718;0.722;0.725;0.729;0.733;0.741;0.745;0.753;0.757;0.765;0.769;0.776;0.784;0.800;0.796;0.804;0.812;0.820;0.827;0.831;0.835;0.839;0.839;0.839;0.839;0.839;0.839;0.839;0.827;0.816;0.816;0.812;0.808;0.804;0.800;0.796;0.792;0.788;0.784;0.780;0.773;0.769;0.765;0.761;0.757;0.753;0.749;0.745;0.741;0.737;0.718;0.714;0.710;0.702;0.694;0.690;0.686;0.682;0.675;0.671;0.667;0.663;0.659;0.659;0.659;0.659;0.659;0.659;0.655;0.651;0.643;0.643;0.643;0.635;0.631;0.631;0.620;0.616;0.612;0.608;0.608;0.608;0.604;0.596;0.592;0.584;0.580;0.580;0.580;0.584;0.588;0.592;0.596;0.600;0.604;0.608;0.612;0.620;0.627;0.635;0.643;0.651;0.659;0.667;0.671;0.678;0.682;0.686;0.690;0.694;0.698;0.702;0.702;0.706;0.710;0.722;0.722;0.722;0.722;0.725;0.725;0.729;0.733;0.733;0.737;0.741;0.745;0.745;0.749;0.749;0.757;0.761;0.765;0.773;0.776;0.780;0.784;0.792;0.796;0.804;0.808;0.808;0.812;0.812;0.816;0.820;0.824;0.827;0.827;0.831;0.831;0.835;0.839;0.855;0.859;0.859;0.859;0.859;0.863;0.863;0.867;0.867;0.871;0.875;0.878;0.882;0.886;0.890;0.894;0.894;0.898;0.898;0.902;0.906;
0.533;0.529;0.533;0.537;0.537;0.537;0.533;0.537;0.537;0.537;0.541;0.549;0.549;0.553;0.561;0.576;0.580;0.584;0.584;0.588;0.592;0.600;0.608;0.612;0.616;0.624;0.627;0.631;0.639;0.643;0.655;0.663;0.671;0.682;0.690;0.694;0.698;0.702;0.706;0.710;0.718;0.725;0.729;0.733;0.737;0.741;0.749;0.753;0.761;0.769;0.773;0.776;0.784;0.788;0.796;0.800;0.808;0.824;0.827;0.831;0.835;0.839;0.839;0.843;0.843;0.843;0.843;0.843;0.839;0.820;0.820;0.816;0.812;0.808;0.804;0.800;0.796;0.792;0.788;0.784;0.776;0.773;0.765;0.761;0.757;0.753;0.749;0.749;0.745;0.741;0.725;0.714;0.710;0.702;0.698;0.694;0.690;0.686;0.682;0.678;0.678;0.675;0.671;0.671;0.671;0.671;0.667;0.667;0.663;0.659;0.659;0.655;0.651;0.647;0.643;0.639;0.635;0.627;0.620;0.616;0.612;0.612;0.608;0.612;0.604;0.596;0.588;0.584;0.584;0.584;0.592;0.596;0.600;0.604;0.608;0.612;0.616;0.624;0.627;0.635;0.643;0.651;0.659;0.667;0.671;0.678;0.682;0.686;0.694;0.698;0.702;0.706;0.706;0.710;0.710;0.722;0.725;0.725;0.725;0.725;0.729;0.733;0.737;0.737;0.741;0.741;0.745;0.749;0.761;0.769;0.773;0.780;0.780;0.788;0.788;0.796;0.796;0.800;0.804;0.808;0.808;0.812;0.816;0.824;0.824;0.827;0.831;0.831;0.831;0.835;0.835;0.839;0.855;0.859;0.859;0.859;0.863;0.863;0.867;0.867;0.871;0.875;0.878;0.882;0.886;0.890;0.894;0.894;0.898;0.902;0.906;0.906;0.910;0.910;
0.533;0.529;0.533;0.537;0.537;0.537;0.533;0.537;0.537;0.537;0.541;0.549;0.549;0.553;0.561;0.576;0.580;0.584;0.584;0.588;0.592;0.600;0.608;0.612;0.616;0.624;0.627;0.631;0.639;0.643;0.655;0.663;0.671;0.682;0.690;0.694;0.698;0.702;0.706;0.710;0.718;0.725;0.729;0.733;0.737;0.741;0.749;0.753;0.761;0.769;0.773;0.776;0.784;0.788;0.796;0.800;0.808;0.824;0.827;0.831;0.835;0.839;0.839;0.843;0.843;0.843;0.843;0.843;0.839;0.820;0.820;0.816;0.812;0.808;0.804;0.800;0.796;0.792;0.788;0.784;0.776;0.773;0.765;0.761;0.757;0.753;0.749;0.749;0.745;0.741;0.725;0.714;0.710;0.702;0.698;0.694;0.690;0.686;0.682;0.678;0.678;0.675;0.671;0.671;0.671;0.671;0.667;0.667;0.663;0.659;0.659;0.655;0.651;0.647;0.643;0.639;0.635;0.627;0.620;0.616;0.612;0.612;0.608;0.612;0.604;0.596;0.588;0.584;0.584;0.584;0.592;0.596;0.600;0.604;0.608;0.612;0.616;0.624;0.627;0.635;0.643;0.651;0.659;0.667;0.671;0.678;0.682;0.686;0.694;0.698;0.702;0.706;0.706;0.710;0.710;0.722;0.725;0.725;0.725;0.725;0.729;0.733;0.737;0.737;0.741;0.741;0.745;0.749;0.761;0.769;0.773;0.780;0.780;0.788;0.788;0.796;0.796;0.800;0.804;0.808;0.808;0.812;0.816;0.824;0.824;0.827;0.831;0.831;0.831;0.835;0.835;0.839;0.855;0.859;0.859;0.859;0.863;0.863;0.867;0.867;0.871;0.875;0.878;0.882;0.886;0.890;0.894;0.894;0.898;0.902;0.906;0.906;0.910;0.910;
0.549;0.553;0.553;0.549;0.549;0.549;0.545;0.549;0.549;0.553;0.565;0.569;0.565;0.565;0.576;0.580;0.584;0.588;0.592;0.596;0.600;0.604;0.608;0.616;0.620;0.624;0.627;0.635;0.639;0.647;0.655;0.667;0.675;0.682;0.690;0.694;0.702;0.702;0.706;0.710;0.722;0.729;0.733;0.733;0.741;0.745;0.749;0.753;0.761;0.765;0.773;0.776;0.784;0.792;0.796;0.804;0.812;0.824;0.827;0.831;0.843;0.843;0.843;0.843;0.847;0.847;0.843;0.847;0.843;0.827;0.824;0.820;0.816;0.812;0.808;0.804;0.800;0.796;0.792;0.784;0.784;0.776;0.769;0.765;0.761;0.753;0.753;0.749;0.749;0.745;0.733;0.718;0.714;0.710;0.706;0.702;0.698;0.694;0.694;0.690;0.694;0.690;0.686;0.682;0.678;0.678;0.678;0.678;0.675;0.671;0.671;0.663;0.663;0.659;0.659;0.651;0.643;0.643;0.643;0.631;0.624;0.620;0.616;0.616;0.616;0.612;0.604;0.600;0.592;0.592;0.596;0.600;0.604;0.608;0.612;0.612;0.616;0.624;0.627;0.635;0.643;0.651;0.659;0.671;0.675;0.678;0.686;0.690;0.694;0.698;0.702;0.706;0.710;0.710;0.714;0.725;0.725;0.729;0.729;0.729;0.733;0.737;0.737;0.741;0.745;0.745;0.753;0.765;0.773;0.776;0.780;0.784;0.788;0.792;0.796;0.800;0.804;0.808;0.812;0.816;0.816;0.820;0.824;0.827;0.827;0.831;0.835;0.835;0.835;0.835;0.839;0.851;0.863;0.863;0.863;0.863;0.863;0.867;0.871;0.875;0.878;0.882;0.886;0.890;0.894;0.898;0.898;0.902;0.906;0.910;0.910;0.914;0.918;0.918;
0.549;0.553;0.553;0.549;0.549;0.549;0.545;0.549;0.549;0.553;0.565;0.569;0.565;0.565;0.576;0.580;0.584;0.588;0.592;0.596;0.600;0.604;0.608;0.616;0.620;0.624;0.627;0.635;0.639;0.647;0.655;0.667;0.675;0.682;0.690;0.694;0.702;0.702;0.706;0.710;0.722;0.729;0.733;0.733;0.741;0.745;0.749;0.753;0.761;0.765;0.773;0.776;0.784;0.792;0.796;0.804;0.812;0.824;0.827;0.831;0.843;0.843;0.843;0.843;0.847;0.847;0.843;0.847;0.843;0.827;0.824;0.820;0.816;0.812;0.808;0.804;0.800;0.796;0.792;0.784;0.784;0.776;0.769;0.765;0.761;0.753;0.753;0.749;0.749;0.745;0.733;0.718;0.714;0.710;0.706;0.702;0.698;0.694;0.694;0.690;0.694;0.690;0.686;0.682;0.678;0.678;0.678;0.678;0.675;0.671;0.671;0.663;0.663;0.659;0.659;0.651;0.643;0.643;0.643;0.631;0.624;0.620;0.616;0.616;0.616;0.612;0.604;0.600;0.592;0.592;0.596;0.600;0.604;0.608;0.612;0.612;0.616;0.624;0.627;0.635;0.643;0.651;0.659;0.671;0.675;0.678;0.686;0.690;0.694;0.698;0.702;0.706;0.710;0.710;0.714;0.725;0.725;0.729;0.729;0.729;0.733;0.737;0.737;0.741;0.745;0.745;0.753;0.765;0.773;0.776;0.780;0.784;0.788;0.792;0.796;0.800;0.804;0.808;0.812;0.816;0.816;0.820;0.824;0.827;0.827;0.831;0.835;0.835;0.835;0.835;0.839;0.851;0.863;0.863;0.863;0.863;0.863;0.867;0.871;0.875;0.878;0.882;0.886;0.890;0.894;0.898;0.898;0.902;0.906;0.910;0.910;0.914;0.918;0.918;
0.573;0.573;0.569;0.569;0.573;0.573;0.573;0.569;0.573;0.573;0.573;0.573;0.573;0.576;0.584;0.584;0.592;0.592;0.596;0.600;0.604;0.608;0.612;0.616;0.624;0.627;0.631;0.639;0.643;0.651;0.663;0.671;0.682;0.686;0.694;0.698;0.702;0.706;0.710;0.714;0.722;0.733;0.737;0.737;0.741;0.745;0.753;0.757;0.765;0.769;0.776;0.780;0.788;0.796;0.800;0.808;0.816;0.827;0.831;0.839;0.843;0.843;0.847;0.847;0.847;0.851;0.847;0.847;0.847;0.835;0.831;0.827;0.824;0.820;0.816;0.812;0.804;0.800;0.796;0.792;0.784;0.776;0.773;0.769;0.761;0.761;0.757;0.753;0.753;0.749;0.741;0.725;0.722;0.718;0.714;0.710;0.706;0.702;0.702;0.698;0.698;0.694;0.694;0.690;0.690;0.686;0.686;0.686;0.682;0.682;0.678;0.678;0.675;0.671;0.667;0.659;0.655;0.647;0.643;0.639;0.631;0.627;0.624;0.620;0.620;0.620;0.620;0.616;0.608;0.600;0.600;0.600;0.604;0.608;0.612;0.616;0.620;0.627;0.631;0.635;0.643;0.651;0.659;0.667;0.675;0.682;0.686;0.694;0.698;0.702;0.706;0.710;0.710;0.714;0.718;0.725;0.729;0.729;0.733;0.733;0.737;0.737;0.741;0.745;0.749;0.753;0.761;0.773;0.780;0.784;0.788;0.792;0.800;0.804;0.804;0.808;0.812;0.816;0.820;0.820;0.824;0.824;0.827;0.831;0.831;0.835;0.835;0.839;0.839;0.839;0.843;0.859;0.867;0.867;0.867;0.867;0.871;0.871;0.875;0.878;0.882;0.890;0.894;0.894;0.898;0.902;0.906;0.910;0.914;0.914;0.918;0.918;0.922;0.933;
0.573;0.573;0.569;0.569;0.573;0.573;0.573;0.569;0.573;0.573;0.573;0.573;0.573;0.576;0.584;0.584;0.592;0.592;0.596;0.600;0.604;0.608;0.612;0.616;0.624;0.627;0.631;0.639;0.643;0.651;0.663;0.671;0.682;0.686;0.694;0.698;0.702;0.706;0.710;0.714;0.722;0.733;0.737;0.737;0.741;0.745;0.753;0.757;0.765;0.769;0.776;0.780;0.788;0.796;0.800;0.808;0.816;0.827;0.831;0.839;0.843;0.843;0.847;0.847;0.847;0.851;0.847;0.847;0.847;0.835;0.831;0.827;0.824;0.820;0.816;0.812;0.804;0.800;0.796;0.792;0.784;0.776;0.773;0.769;0.761;0.761;0.757;0.753;0.753;0.749;0.741;0.725;0.722;0.718;0.714;0.710;0.706;0.702;0.702;0.698;0.698;0.694;0.694;0.690;0.690;0.686;0.686;0.686;0.682;0.682;0.678;0.678;0.675;0.671;0.667;0.659;0.655;0.647;0.643;0.639;0.631;0.627;0.624;0.620;0.620;0.620;0.620;0.616;0.608;0.600;0.600;0.600;0.604;0.608;0.612;0.616;0.620;0.627;0.631;0.635;0.643;0.651;0.659;0.667;0.675;0.682;0.686;0.694;0.698;0.702;0.706;0.710;0.710;0.714;0.718;0.725;0.729;0.729;0.733;0.733;0.737;0.737;0.741;0.745;0.749;0.753;0.761;0.773;0.780;0.784;0.788;0.792;0.800;0.804;0.804;0.808;0.812;0.816;0.820;0.820;0.824;0.824;0.827;0.831;0.831;0.835;0.835;0.839;0.839;0.839;0.843;0.859;0.867;0.867;0.867;0.867;0.871;0.871;0.875;0.878;0.882;0.890;0.894;0.894;0.898;0.902;0.906;0.910;0.914;0.914;0.918;0.918;0.922;0.933;
0.596;0.592;0.588;0.588;0.584;0.584;0.584;0.584;0.588;0.584;0.584;0.584;0.584;0.592;0.596;0.596;0.596;0.600;0.600;0.608;0.612;0.612;0.620;0.624;0.627;0.631;0.635;0.639;0.651;0.663;0.671;0.678;0.686;0.690;0.698;0.702;0.706;0.710;0.714;0.718;0.722;0.729;0.741;0.741;0.745;0.749;0.757;0.761;0.769;0.773;0.780;0.784;0.792;0.796;0.808;0.816;0.831;0.831;0.839;0.847;0.847;0.851;0.855;0.855;0.855;0.859;0.859;0.859;0.851;0.847;0.839;0.835;0.831;0.827;0.820;0.816;0.812;0.808;0.800;0.796;0.788;0.784;0.780;0.773;0.769;0.765;0.761;0.757;0.757;0.753;0.753;0.741;0.725;0.722;0.718;0.714;0.714;0.710;0.706;0.706;0.702;0.702;0.698;0.698;0.698;0.698;0.698;0.694;0.690;0.690;0.690;0.686;0.682;0.675;0.671;0.667;0.663;0.659;0.651;0.647;0.639;0.635;0.631;0.627;0.631;0.631;0.631;0.627;0.624;0.616;0.608;0.608;0.612;0.612;0.616;0.620;0.624;0.627;0.631;0.643;0.647;0.651;0.659;0.667;0.675;0.678;0.686;0.694;0.702;0.706;0.710;0.714;0.714;0.718;0.718;0.722;0.733;0.737;0.737;0.741;0.741;0.745;0.749;0.753;0.757;0.761;0.773;0.780;0.784;0.788;0.796;0.800;0.804;0.808;0.808;0.812;0.816;0.820;0.820;0.824;0.827;0.831;0.831;0.835;0.839;0.839;0.839;0.843;0.843;0.843;0.855;0.867;0.867;0.871;0.871;0.871;0.875;0.878;0.882;0.886;0.890;0.894;0.898;0.902;0.906;0.910;0.914;0.914;0.918;0.922;0.925;0.933;0.941;0.945;
0.596;0.592;0.588;0.588;0.584;0.584;0.584;0.584;0.588;0.584;0.584;0.584;0.584;0.592;0.596;0.596;0.596;0.600;0.600;0.608;0.612;0.612;0.620;0.624;0.627;0.631;0.635;0.639;0.651;0.663;0.671;0.678;0.686;0.690;0.698;0.702;0.706;0.710;0.714;0.718;0.722;0.729;0.741;0.741;0.745;0.749;0.757;0.761;0.769;0.773;0.780;0.784;0.792;0.796;0.808;0.816;0.831;0.831;0.839;0.847;0.847;0.851;0.855;0.855;0.855;0.859;0.859;0.859;0.851;0.847;0.839;0.835;0.831;0.827;0.820;0.816;0.812;0.808;0.800;0.796;0.788;0.784;0.780;0.773;0.769;0.765;0.761;0.757;0.757;0.753;0.753;0.741;0.725;0.722;0.718;0.714;0.714;0.710;0.706;0.706;0.702;0.702;0.698;0.698;0.698;0.698;0.698;0.694;0.690;0.690;0.690;0.686;0.682;0.675;0.671;0.667;0.663;0.659;0.651;0.647;0.639;0.635;0.631;0.627;0.631;0.631;0.631;0.627;0.624;0.616;0.608;0.608;0.612;0.612;0.616;0.620;0.624;0.627;0.631;0.643;0.647;0.651;0.659;0.667;0.675;0.678;0.686;0.694;0.702;0.706;0.710;0.714;0.714;0.718;0.718;0.722;0.733;0.737;0.737;0.741;0.741;0.745;0.749;0.753;0.757;0.761;0.773;0.780;0.784;0.788;0.796;0.800;0.804;0.808;0.808;0.812;0.816;0.820;0.820;0.824;0.827;0.831;0.831;0.835;0.839;0.839;0.839;0.843;0.843;0.843;0.855;0.867;0.867;0.871;0.871;0.871;0.875;0.878;0.882;0.886;0.890;0.894;0.898;0.902;0.906;0.910;0.914;0.914;0.918;0.922;0.925;0.933;0.941;0.945;
0.612;0.608;0.608;0.600;0.600;0.596;0.596;0.596;0.596;0.592;0.592;0.596;0.600;0.604;0.604;0.604;0.608;0.612;0.608;0.612;0.616;0.620;0.624;0.631;0.639;0.643;0.647;0.651;0.659;0.663;0.671;0.682;0.690;0.698;0.702;0.706;0.710;0.714;0.722;0.722;0.725;0.733;0.741;0.745;0.749;0.757;0.761;0.765;0.773;0.776;0.788;0.792;0.800;0.808;0.816;0.824;0.831;0.839;0.843;0.847;0.851;0.851;0.855;0.855;0.859;0.859;0.859;0.859;0.859;0.851;0.843;0.843;0.835;0.831;0.827;0.824;0.820;0.812;0.812;0.804;0.796;0.792;0.784;0.780;0.776;0.769;0.765;0.761;0.761;0.761;0.757;0.757;0.757;0.737;0.725;0.722;0.722;0.718;0.718;0.714;0.710;0.710;0.710;0.706;0.706;0.706;0.706;0.702;0.706;0.702;0.698;0.694;0.686;0.682;0.678;0.675;0.671;0.663;0.659;0.655;0.647;0.643;0.639;0.635;0.635;0.631;0.631;0.631;0.631;0.631;0.624;0.616;0.612;0.616;0.616;0.620;0.624;0.627;0.631;0.639;0.647;0.655;0.659;0.667;0.678;0.686;0.690;0.698;0.706;0.710;0.710;0.714;0.718;0.722;0.722;0.725;0.733;0.741;0.741;0.745;0.745;0.749;0.757;0.761;0.765;0.769;0.776;0.780;0.784;0.800;0.804;0.804;0.808;0.812;0.812;0.816;0.820;0.820;0.824;0.827;0.831;0.835;0.835;0.839;0.839;0.843;0.843;0.847;0.847;0.851;0.871;0.871;0.871;0.875;0.875;0.878;0.882;0.882;0.886;0.894;0.898;0.902;0.906;0.910;0.914;0.918;0.918;0.922;0.925;0.933;0.945;0.945;0.945;0.949;
0.612;0.608;0.608;0.600;0.600;0.596;0.596;0.596;0.596;0.592;0.592;0.596;0.600;0.604;0.604;0.604;0.608;0.612;0.608;0.612;0.616;0.620;0.624;0.631;0.639;0.643;0.647;0.651;0.659;0.663;0.671;0.682;0.690;0.698;0.702;0.706;0.710;0.714;0.722;0.722;0.725;0.733;0.741;0.745;0.749;0.757;0.761;0.765;0.773;0.776;0.788;0.792;0.800;0.808;0.816;0.824;0.831;0.839;0.843;0.847;0.851;0.851;0.855;0.855;0.859;0.859;0.859;0.859;0.859;0.851;0.843;0.843;0.835;0.831;0.827;0.824;0.820;0.812;0.812;0.804;0.796;0.792;0.784;0.780;0.776;0.769;0.765;0.761;0.761;0.761;0.757;0.757;0.757;0.737;0.725;0.722;0.722;0.718;0.718;0.714;0.710;0.710;0.710;0.706;0.706;0.706;0.706;0.702;0.706;0.702;0.698;0.694;0.686;0.682;0.678;0.675;0.671;0.663;0.659;0.655;0.647;0.643;0.639;0.635;0.635;0.631;0.631;0.631;0.631;0.631;0.624;0.616;0.612;0.616;0.616;0.620;0.624;0.627;0.631;0.639;0.647;0.655;0.659;0.667;0.678;0.686;0.690;0.698;0.706;0.710;0.710;0.714;0.718;0.722;0.722;0.725;0.733;0.741;0.741;0.745;0.745;0.749;0.757;0.761;0.765;0.769;0.776;0.780;0.784;0.800;0.804;0.804;0.808;0.812;0.812;0.816;0.820;0.820;0.824;0.827;0.831;0.835;0.835;0.839;0.839;0.843;0.843;0.847;0.847;0.851;0.871;0.871;0.871;0.875;0.875;0.878;0.882;0.882;0.886;0.894;0.898;0.902;0.906;0.910;0.914;0.918;0.918;0.922;0.925;0.933;0.945;0.945;0.945;0.949;
0.624;0.624;0.620;0.616;0.612;0.608;0.608;0.604;0.604;0.604;0.608;0.608;0.608;0.608;0.616;0.608;0.612;0.620;0.627;0.627;0.635;0.635;0.639;0.639;0.643;0.647;0.651;0.663;0.667;0.675;0.682;0.694;0.694;0.702;0.706;0.710;0.714;0.718;0.725;0.729;0.733;0.741;0.749;0.753;0.757;0.761;0.765;0.773;0.780;0.788;0.792;0.796;0.800;0.812;0.824;0.835;0.839;0.843;0.847;0.851;0.855;0.855;0.859;0.863;0.863;0.863;0.863;0.863;0.863;0.863;0.851;0.847;0.843;0.839;0.839;0.831;0.824;0.820;0.816;0.808;0.804;0.796;0.792;0.784;0.780;0.776;0.773;0.769;0.765;0.765;0.765;0.765;0.761;0.761;0.749;0.737;0.733;0.729;0.725;0.725;0.722;0.718;0.718;0.714;0.714;0.714;0.714;0.714;0.710;0.710;0.706;0.702;0.698;0.694;0.690;0.686;0.682;0.678;0.671;0.663;0.655;0.651;0.647;0.643;0.639;0.639;0.635;0.635;0.635;0.635;0.635;0.627;0.620;0.620;0.620;0.624;0.627;0.635;0.639;0.643;0.647;0.655;0.663;0.671;0.678;0.682;0.690;0.702;0.706;0.710;0.714;0.718;0.722;0.725;0.725;0.729;0.745;0.745;0.745;0.749;0.753;0.757;0.761;0.765;0.769;0.773;0.780;0.788;0.796;0.800;0.804;0.808;0.808;0.812;0.816;0.820;0.824;0.827;0.827;0.831;0.835;0.839;0.839;0.843;0.843;0.847;0.847;0.847;0.851;0.867;0.875;0.875;0.875;0.875;0.878;0.882;0.886;0.890;0.894;0.898;0.902;0.906;0.910;0.914;0.918;0.922;0.925;0.929;0.945;0.949;0.949;0.953;0.953;0.957;
0.624;0.624;0.620;0.616;0.612;0.608;0.608;0.604;0.604;0.604;0.608;0.608;0.608;0.608;0.616;0.608;0.612;0.620;0.627;0.627;0.635;0.635;0.639;0.639;0.643;0.647;0.651;0.663;0.667;0.675;0.682;0.694;0.694;0.702;0.706;0.710;0.714;0.718;0.725;0.729;0.733;0.741;0.749;0.753;0.757;0.761;0.765;0.773;0.780;0.788;0.792;0.796;0.800;0.812;0.824;0.835;0.839;0.843;0.847;0.851;0.855;0.855;0.859;0.863;0.863;0.863;0.863;0.863;0.863;0.863;0.851;0.847;0.843;0.839;0.839;0.831;0.824;0.820;0.816;0.808;0.804;0.796;0.792;0.784;0.780;0.776;0.773;0.769;0.765;0.765;0.765;0.765;0.761;0.761;0.749;0.737;0.733;0.729;0.725;0.725;0.722;0.718;0.718;0.714;0.714;0.714;0.714;0.714;0.710;0.710;0.706;0.702;0.698;0.694;0.690;0.686;0.682;0.678;0.671;0.663;0.655;0.651;0.647;0.643;0.639;0.639;0.635;0.635;0.635;0.635;0.635;0.627;0.620;0.620;0.620;0.624;0.627;0.635;0.639;0.643;0.647;0.655;0.663;0.671;0.678;0.682;0.690;0.702;0.706;0.710;0.714;0.718;0.722;0.725;0.725;0.729;0.745;0.745;0.745;0.749;0.753;0.757;0.761;0.765;0.769;0.773;0.780;0.788;0.796;0.800;0.804;0.808;0.808;0.812;0.816;0.820;0.824;0.827;0.827;0.831;0.835;0.839;0.839;0.843;0.843;0.847;0.847;0.847;0.851;0.867;0.875;0.875;0.875;0.875;0.878;0.882;0.886;0.890;0.894;0.898;0.902;0.906;0.910;0.914;0.918;0.922;0.925;0.929;0.945;0.949;0.949;0.953;0.953;0.957;
0.643;0.639;0.639;0.635;0.639;0.631;0.627;0.624;0.624;0.624;0.624;0.624;0.620;0.624;0.620;0.624;0.627;0.627;0.635;0.639;0.639;0.639;0.647;0.651;0.659;0.659;0.667;0.671;0.675;0.678;0.686;0.694;0.698;0.706;0.714;0.722;0.725;0.729;0.733;0.741;0.745;0.753;0.753;0.757;0.765;0.765;0.773;0.776;0.788;0.800;0.804;0.808;0.812;0.820;0.827;0.835;0.839;0.843;0.847;0.851;0.855;0.859;0.863;0.863;0.867;0.867;0.867;0.871;0.875;0.875;0.863;0.859;0.855;0.851;0.847;0.839;0.831;0.827;0.831;0.827;0.812;0.804;0.800;0.796;0.788;0.784;0.780;0.776;0.773;0.769;0.769;0.765;0.765;0.761;0.757;0.753;0.753;0.753;0.753;0.741;0.733;0.729;0.729;0.729;0.729;0.722;0.722;0.718;0.718;0.714;0.710;0.710;0.706;0.702;0.698;0.694;0.690;0.682;0.678;0.675;0.671;0.663;0.655;0.651;0.647;0.643;0.643;0.639;0.639;0.639;0.639;0.639;0.631;0.631;0.631;0.631;0.635;0.635;0.639;0.643;0.651;0.659;0.667;0.675;0.678;0.686;0.694;0.706;0.710;0.714;0.718;0.722;0.725;0.729;0.729;0.733;0.749;0.749;0.749;0.753;0.757;0.761;0.765;0.769;0.773;0.780;0.788;0.796;0.800;0.804;0.804;0.808;0.812;0.816;0.820;0.824;0.824;0.827;0.831;0.835;0.839;0.843;0.843;0.847;0.851;0.851;0.851;0.859;0.875;0.875;0.875;0.878;0.878;0.882;0.882;0.886;0.890;0.898;0.902;0.906;0.910;0.914;0.918;0.922;0.925;0.929;0.945;0.949;0.949;0.953;0.957;0.961;0.961;0.965;
0.643;0.639;0.639;0.635;0.639;0.631;0.627;0.624;0.624;0.624;0.624;0.624;0.620;0.624;0.620;0.624;0.627;0.627;0.635;0.639;0.639;0.639;0.647;0.651;0.659;0.659;0.667;0.671;0.675;0.678;0.686;0.694;0.698;0.706;0.714;0.722;0.725;0.729;0.733;0.741;0.745;0.753;0.753;0.757;0.765;0.765;0.773;0.776;0.788;0.800;0.804;0.808;0.812;0.820;0.827;0.835;0.839;0.843;0.847;0.851;0.855;0.859;0.863;0.863;0.867;0.867;0.867;0.871;0.875;0.875;0.863;0.859;0.855;0.851;0.847;0.839;0.831;0.827;0.831;0.827;0.812;0.804;0.800;0.796;0.788;0.784;0.780;0.776;0.773;0.769;0.769;0.765;0.765;0.761;0.757;0.753;0.753;0.753;0.753;0.741;0.733;0.729;0.729;0.729;0.729;0.722;0.722;0.718;0.718;0.714;0.710;0.710;0.706;0.702;0.698;0.694;0.690;0.682;0.678;0.675;0.671;0.663;0.655;0.651;0.647;0.643;0.643;0.639;0.639;0.639;0.639;0.639;0.631;0.631;0.631;0.631;0.635;0.635;0.639;0.643;0.651;0.659;0.667;0.675;0.678;0.686;0.694;0.706;0.710;0.714;0.718;0.722;0.725;0.729;0.729;0.733;0.749;0.749;0.749;0.753;0.757;0.761;0.765;0.769;0.773;0.780;0.788;0.796;0.800;0.804;0.804;0.808;0.812;0.816;0.820;0.824;0.824;0.827;0.831;0.835;0.839;0.843;0.843;0.847;0.851;0.851;0.851;0.859;0.875;0.875;0.875;0.878;0.878;0.882;0.882;0.886;0.890;0.898;0.902;0.906;0.910;0.914;0.918;0.922;0.925;0.929;0.945;0.949;0.949;0.953;0.957;0.961;0.961;0.965;
0.663;0.663;0.663;0.659;0.655;0.655;0.655;0.655;0.655;0.655;0.655;0.655;0.655;0.651;0.647;0.647;0.647;0.647;0.655;0.655;0.659;0.659;0.659;0.663;0.667;0.667;0.675;0.678;0.690;0.702;0.706;0.710;0.714;0.718;0.722;0.725;0.729;0.737;0.737;0.741;0.745;0.753;0.757;0.765;0.769;0.773;0.776;0.784;0.792;0.800;0.804;0.812;0.820;0.827;0.835;0.839;0.843;0.851;0.851;0.859;0.875;0.875;0.875;0.875;0.878;0.886;0.886;0.890;0.886;0.878;0.875;0.863;0.859;0.855;0.851;0.847;0.843;0.835;0.831;0.824;0.820;0.812;0.808;0.804;0.796;0.792;0.792;0.784;0.780;0.776;0.773;0.769;0.769;0.769;0.765;0.761;0.761;0.761;0.761;0.757;0.757;0.753;0.745;0.745;0.741;0.733;0.729;0.725;0.722;0.722;0.718;0.714;0.710;0.710;0.706;0.702;0.694;0.690;0.686;0.682;0.678;0.675;0.667;0.659;0.659;0.651;0.647;0.647;0.643;0.643;0.643;0.639;0.639;0.635;0.635;0.635;0.635;0.639;0.643;0.651;0.659;0.659;0.671;0.675;0.678;0.686;0.694;0.710;0.714;0.714;0.718;0.722;0.725;0.725;0.722;0.725;0.753;0.753;0.753;0.757;0.761;0.765;0.769;0.773;0.780;0.788;0.792;0.796;0.804;0.804;0.808;0.812;0.816;0.820;0.824;0.827;0.831;0.831;0.835;0.839;0.843;0.843;0.847;0.851;0.851;0.855;0.863;0.875;0.878;0.878;0.878;0.882;0.882;0.886;0.890;0.894;0.898;0.902;0.906;0.910;0.914;0.918;0.922;0.925;0.933;0.945;0.949;0.953;0.957;0.961;0.965;0.969;0.973;0.973;
0.663;0.663;0.663;0.659;0.655;0.655;0.655;0.655;0.655;0.655;0.655;0.655;0.655;0.651;0.647;0.647;0.647;0.647;0.655;0.655;0.659;0.659;0.659;0.663;0.667;0.667;0.675;0.678;0.690;0.702;0.706;0.710;0.714;0.718;0.722;0.725;0.729;0.737;0.737;0.741;0.745;0.753;0.757;0.765;0.769;0.773;0.776;0.784;0.792;0.800;0.804;0.812;0.820;0.827;0.835;0.839;0.843;0.851;0.851;0.859;0.875;0.875;0.875;0.875;0.878;0.886;0.886;0.890;0.886;0.878;0.875;0.863;0.859;0.855;0.851;0.847;0.843;0.835;0.831;0.824;0.820;0.812;0.808;0.804;0.796;0.792;0.792;0.784;0.780;0.776;0.773;0.769;0.769;0.769;0.765;0.761;0.761;0.761;0.761;0.757;0.757;0.753;0.745;0.745;0.741;0.733;0.729;0.725;0.722;0.722;0.718;0.714;0.710;0.710;0.706;0.702;0.694;0.690;0.686;0.682;0.678;0.675;0.667;0.659;0.659;0.651;0.647;0.647;0.643;0.643;0.643;0.639;0.639;0.635;0.635;0.635;0.635;0.639;0.643;0.651;0.659;0.659;0.671;0.675;0.678;0.686;0.694;0.710;0.714;0.714;0.718;0.722;0.725;0.725;0.722;0.725;0.753;0.753;0.753;0.757;0.761;0.765;0.769;0.773;0.780;0.788;0.792;0.796;0.804;0.804;0.808;0.812;0.816;0.820;0.824;0.827;0.831;0.831;0.835;0.839;0.843;0.843;0.847;0.851;0.851;0.855;0.863;0.875;0.878;0.878;0.878;0.882;0.882;0.886;0.890;0.894;0.898;0.902;0.906;0.910;0.914;0.918;0.922;0.925;0.933;0.945;0.949;0.953;0.957;0.961;0.965;0.969;0.973;0.973;
0.671;0.675;0.671;0.671;0.671;0.667;0.667;0.667;0.667;0.667;0.663;0.663;0.667;0.667;0.667;0.667;0.667;0.671;0.667;0.671;0.671;0.675;0.675;0.678;0.690;0.694;0.698;0.702;0.702;0.710;0.710;0.714;0.718;0.722;0.725;0.729;0.737;0.737;0.745;0.749;0.753;0.757;0.765;0.769;0.773;0.776;0.784;0.788;0.800;0.808;0.816;0.824;0.835;0.843;0.847;0.851;0.855;0.859;0.875;0.878;0.878;0.882;0.890;0.890;0.890;0.890;0.886;0.886;0.886;0.886;0.882;0.875;0.871;0.863;0.859;0.855;0.851;0.847;0.843;0.835;0.827;0.820;0.816;0.812;0.808;0.800;0.796;0.792;0.784;0.784;0.780;0.776;0.776;0.773;0.773;0.769;0.769;0.769;0.765;0.761;0.761;0.761;0.757;0.757;0.757;0.757;0.753;0.749;0.737;0.725;0.725;0.722;0.718;0.714;0.710;0.706;0.702;0.698;0.694;0.690;0.686;0.682;0.678;0.671;0.667;0.659;0.655;0.651;0.647;0.647;0.647;0.643;0.647;0.643;0.635;0.639;0.639;0.643;0.647;0.651;0.655;0.663;0.671;0.675;0.682;0.686;0.698;0.706;0.714;0.714;0.718;0.722;0.725;0.725;0.725;0.745;0.749;0.753;0.757;0.761;0.761;0.769;0.773;0.784;0.792;0.796;0.800;0.800;0.804;0.808;0.812;0.816;0.820;0.820;0.824;0.827;0.831;0.835;0.839;0.839;0.843;0.847;0.851;0.855;0.863;0.875;0.878;0.878;0.878;0.882;0.882;0.882;0.886;0.890;0.894;0.898;0.902;0.906;0.910;0.914;0.918;0.922;0.925;0.937;0.945;0.949;0.953;0.957;0.965;0.969;0.973;0.980;0.992;0.996;
0.671;0.675;0.671;0.671;0.671;0.667;0.667;0.667;0.667;0.667;0.663;0.663;0.667;0.667;0.667;0.667;0.667;0.671;0.667;0.671;0.671;0.675;0.675;0.678;0.690;0.694;0.698;0.702;0.702;0.710;0.710;0.714;0.718;0.722;0.725;0.729;0.737;0.737;0.745;0.749;0.753;0.757;0.765;0.769;0.773;0.776;0.784;0.788;0.800;0.808;0.816;0.824;0.835;0.843;0.847;0.851;0.855;0.859;0.875;0.878;0.878;0.882;0.890;0.890;0.890;0.890;0.886;0.886;0.886;0.886;0.882;0.875;0.871;0.863;0.859;0.855;0.851;0.847;0.843;0.835;0.827;0.820;0.816;0.812;0.808;0.800;0.796;0.792;0.784;0.784;0.780;0.776;0.776;0.773;0.773;0.769;0.769;0.769;0.765;0.761;0.761;0.761;0.757;0.757;0.757;0.757;0.753;0.749;0.737;0.725;0.725;0.722;0.718;0.714;0.710;0.706;0.702;0.698;0.694;0.690;0.686;0.682;0.678;0.671;0.667;0.659;0.655;0.651;0.647;0.647;0.647;0.643;0.647;0.643;0.635;0.639;0.639;0.643;0.647;0.651;0.655;0.663;0.671;0.675;0.682;0.686;0.698;0.706;0.714;0.714;0.718;0.722;0.725;0.725;0.725;0.745;0.749;0.753;0.757;0.761;0.761;0.769;0.773;0.784;0.792;0.796;0.800;0.800;0.804;0.808;0.812;0.816;0.820;0.820;0.824;0.827;0.831;0.835;0.839;0.839;0.843;0.847;0.851;0.855;0.863;0.875;0.878;0.878;0.878;0.882;0.882;0.882;0.886;0.890;0.894;0.898;0.902;0.906;0.910;0.914;0.918;0.922;0.925;0.937;0.945;0.949;0.953;0.957;0.965;0.969;0.973;0.980;0.992;0.996;
0.686;0.686;0.682;0.682;0.682;0.686;0.682;0.678;0.682;0.686;0.682;0.678;0.682;0.682;0.682;0.682;0.682;0.682;0.694;0.686;0.690;0.694;0.694;0.698;0.698;0.698;0.702;0.706;0.706;0.710;0.714;0.718;0.722;0.729;0.729;0.733;0.741;0.745;0.749;0.753;0.765;0.769;0.773;0.780;0.788;0.792;0.800;0.804;0.808;0.820;0.831;0.839;0.843;0.847;0.851;0.855;0.863;0.867;0.875;0.878;0.882;0.882;0.894;0.890;0.890;0.890;0.890;0.890;0.890;0.890;0.886;0.882;0.878;0.878;0.871;0.867;0.863;0.855;0.851;0.847;0.839;0.831;0.827;0.820;0.816;0.808;0.804;0.800;0.796;0.792;0.788;0.788;0.784;0.780;0.780;0.776;0.776;0.776;0.773;0.776;0.769;0.769;0.765;0.761;0.761;0.757;0.753;0.749;0.749;0.741;0.737;0.729;0.725;0.722;0.718;0.714;0.710;0.706;0.702;0.698;0.694;0.686;0.682;0.678;0.675;0.667;0.663;0.659;0.659;0.655;0.651;0.651;0.655;0.651;0.651;0.643;0.647;0.643;0.647;0.651;0.659;0.663;0.671;0.678;0.682;0.686;0.694;0.702;0.714;0.718;0.725;0.729;0.733;0.737;0.741;0.745;0.749;0.753;0.757;0.761;0.769;0.773;0.784;0.788;0.792;0.796;0.800;0.804;0.808;0.812;0.816;0.816;0.820;0.824;0.827;0.831;0.831;0.835;0.839;0.847;0.851;0.859;0.863;0.867;0.867;0.871;0.878;0.882;0.882;0.882;0.886;0.886;0.890;0.894;0.898;0.902;0.906;0.914;0.914;0.918;0.925;0.929;0.933;0.937;0.945;0.949;0.957;0.965;0.973;0.976;0.984;0.992;0.996;0.996;
0.686;0.686;0.682;0.682;0.682;0.686;0.682;0.678;0.682;0.686;0.682;0.678;0.682;0.682;0.682;0.682;0.682;0.682;0.694;0.686;0.690;0.694;0.694;0.698;0.698;0.698;0.702;0.706;0.706;0.710;0.714;0.718;0.722;0.729;0.729;0.733;0.741;0.745;0.749;0.753;0.765;0.769;0.773;0.780;0.788;0.792;0.800;0.804;0.808;0.820;0.831;0.839;0.843;0.847;0.851;0.855;0.863;0.867;0.875;0.878;0.882;0.882;0.894;0.890;0.890;0.890;0.890;0.890;0.890;0.890;0.886;0.882;0.878;0.878;0.871;0.867;0.863;0.855;0.851;0.847;0.839;0.831;0.827;0.820;0.816;0.808;0.804;0.800;0.796;0.792;0.788;0.788;0.784;0.780;0.780;0.776;0.776;0.776;0.773;0.776;0.769;0.769;0.765;0.761;0.761;0.757;0.753;0.749;0.749;0.741;0.737;0.729;0.725;0.722;0.718;0.714;0.710;0.706;0.702;0.698;0.694;0.686;0.682;0.678;0.675;0.667;0.663;0.659;0.659;0.655;0.651;0.651;0.655;0.651;0.651;0.643;0.647;0.643;0.647;0.651;0.659;0.663;0.671;0.678;0.682;0.686;0.694;0.702;0.714;0.718;0.725;0.729;0.733;0.737;0.741;0.745;0.749;0.753;0.757;0.761;0.769;0.773;0.784;0.788;0.792;0.796;0.800;0.804;0.808;0.812;0.816;0.816;0.820;0.824;0.827;0.831;0.831;0.835;0.839;0.847;0.851;0.859;0.863;0.867;0.867;0.871;0.878;0.882;0.882;0.882;0.886;0.886;0.890;0.894;0.898;0.902;0.906;0.914;0.914;0.918;0.925;0.929;0.933;0.937;0.945;0.949;0.957;0.965;0.973;0.976;0.984;0.992;0.996;0.996;
0.694;0.694;0.694;0.694;0.694;0.694;0.694;0.694;0.690;0.690;0.690;0.690;0.690;0.690;0.694;0.690;0.694;0.694;0.694;0.698;0.698;0.702;0.702;0.702;0.706;0.706;0.710;0.710;0.714;0.718;0.722;0.725;0.729;0.737;0.741;0.749;0.753;0.765;0.765;0.773;0.776;0.780;0.784;0.788;0.792;0.796;0.808;0.820;0.827;0.835;0.839;0.843;0.847;0.855;0.859;0.863;0.871;0.875;0.878;0.882;0.886;0.886;0.890;0.898;0.894;0.894;0.894;0.894;0.894;0.894;0.894;0.894;0.890;0.886;0.878;0.875;0.871;0.867;0.863;0.855;0.851;0.843;0.835;0.831;0.824;0.820;0.816;0.812;0.808;0.804;0.800;0.796;0.796;0.792;0.792;0.788;0.788;0.784;0.780;0.780;0.776;0.776;0.776;0.780;0.780;0.765;0.757;0.757;0.753;0.749;0.745;0.737;0.733;0.725;0.722;0.718;0.714;0.710;0.710;0.706;0.706;0.706;0.694;0.682;0.678;0.678;0.675;0.671;0.667;0.663;0.659;0.655;0.655;0.655;0.651;0.655;0.647;0.651;0.655;0.655;0.659;0.663;0.675;0.678;0.682;0.694;0.698;0.706;0.714;0.718;0.722;0.725;0.729;0.733;0.737;0.745;0.749;0.753;0.757;0.765;0.773;0.776;0.784;0.788;0.792;0.800;0.800;0.808;0.808;0.812;0.816;0.820;0.824;0.831;0.835;0.839;0.843;0.843;0.847;0.851;0.855;0.859;0.863;0.867;0.867;0.871;0.878;0.882;0.882;0.886;0.886;0.890;0.894;0.898;0.902;0.906;0.910;0.910;0.918;0.922;0.925;0.929;0.933;0.937;0.941;0.949;0.953;0.957;0.965;0.984;0.988;0.992;0.996;0.996;
0.694;0.694;0.694;0.694;0.694;0.694;0.694;0.694;0.690;0.690;0.690;0.690;0.690;0.690;0.694;0.690;0.694;0.694;0.694;0.698;0.698;0.702;0.702;0.702;0.706;0.706;0.710;0.710;0.714;0.718;0.722;0.725;0.729;0.737;0.741;0.749;0.753;0.765;0.765;0.773;0.776;0.780;0.784;0.788;0.792;0.796;0.808;0.820;0.827;0.835;0.839;0.843;0.847;0.855;0.859;0.863;0.871;0.875;0.878;0.882;0.886;0.886;0.890;0.898;0.894;0.894;0.894;0.894;0.894;0.894;0.894;0.894;0.890;0.886;0.878;0.875;0.871;0.867;0.863;0.855;0.851;0.843;0.835;0.831;0.824;0.820;0.816;0.812;0.808;0.804;0.800;0.796;0.796;0.792;0.792;0.788;0.788;0.784;0.780;0.780;0.776;0.776;0.776;0.780;0.780;0.765;0.757;0.757;0.753;0.749;0.745;0.737;0.733;0.725;0.722;0.718;0.714;0.710;0.710;0.706;0.706;0.706;0.694;0.682;0.678;0.678;0.675;0.671;0.667;0.663;0.659;0.655;0.655;0.655;0.651;0.655;0.647;0.651;0.655;0.655;0.659;0.663;0.675;0.678;0.682;0.694;0.698;0.706;0.714;0.718;0.722;0.725;0.729;0.733;0.737;0.745;0.749;0.753;0.757;0.765;0.773;0.776;0.784;0.788;0.792;0.800;0.800;0.808;0.808;0.812;0.816;0.820;0.824;0.831;0.835;0.839;0.843;0.843;0.847;0.851;0.855;0.859;0.863;0.867;0.867;0.871;0.878;0.882;0.882;0.886;0.886;0.890;0.894;0.898;0.902;0.906;0.910;0.910;0.918;0.922;0.925;0.929;0.933;0.937;0.941;0.949;0.953;0.957;0.965;0.984;0.988;0.992;0.996;0.996;
0.706;0.702;0.702;0.706;0.706;0.706;0.706;0.706;0.702;0.702;0.702;0.702;0.702;0.702;0.702;0.702;0.702;0.706;0.706;0.706;0.710;0.710;0.710;0.710;0.714;0.714;0.718;0.722;0.729;0.729;0.741;0.741;0.749;0.753;0.757;0.761;0.765;0.769;0.773;0.776;0.780;0.784;0.788;0.792;0.800;0.816;0.820;0.831;0.839;0.843;0.847;0.851;0.855;0.859;0.867;0.871;0.875;0.882;0.886;0.886;0.890;0.894;0.894;0.898;0.902;0.898;0.898;0.902;0.902;0.902;0.902;0.898;0.898;0.894;0.890;0.886;0.882;0.878;0.875;0.871;0.863;0.855;0.847;0.839;0.835;0.831;0.824;0.820;0.816;0.812;0.808;0.808;0.804;0.804;0.800;0.800;0.796;0.792;0.792;0.792;0.788;0.788;0.784;0.784;0.780;0.780;0.773;0.761;0.757;0.753;0.753;0.749;0.741;0.733;0.729;0.725;0.722;0.718;0.714;0.710;0.710;0.710;0.706;0.698;0.690;0.686;0.682;0.678;0.675;0.667;0.663;0.663;0.659;0.659;0.659;0.655;0.655;0.655;0.655;0.659;0.671;0.675;0.675;0.678;0.682;0.690;0.698;0.706;0.714;0.718;0.722;0.725;0.729;0.733;0.741;0.745;0.749;0.753;0.761;0.769;0.776;0.780;0.784;0.788;0.792;0.800;0.800;0.804;0.812;0.820;0.827;0.831;0.835;0.835;0.839;0.839;0.843;0.847;0.851;0.851;0.855;0.859;0.863;0.867;0.871;0.871;0.875;0.878;0.882;0.886;0.890;0.894;0.894;0.898;0.902;0.906;0.910;0.914;0.918;0.922;0.925;0.929;0.933;0.937;0.941;0.945;0.953;0.957;0.965;0.973;0.992;0.992;0.996;1.000;
0.706;0.702;0.702;0.706;0.706;0.706;0.706;0.706;0.702;0.702;0.702;0.702;0.702;0.702;0.702;0.702;0.702;0.706;0.706;0.706;0.710;0.710;0.710;0.710;0.714;0.714;0.718;0.722;0.729;0.729;0.741;0.741;0.749;0.753;0.757;0.761;0.765;0.769;0.773;0.776;0.780;0.784;0.788;0.792;0.800;0.816;0.820;0.831;0.839;0.843;0.847;0.851;0.855;0.859;0.867;0.871;0.875;0.882;0.886;0.886;0.890;0.894;0.894;0.898;0.902;0.898;0.898;0.902;0.902;0.902;0.902;0.898;0.898;0.894;0.890;0.886;0.882;0.878;0.875;0.871;0.863;0.855;0.847;0.839;0.835;0.831;0.824;0.820;0.816;0.812;0.808;0.808;0.804;0.804;0.800;0.800;0.796;0.792;0.792;0.792;0.788;0.788;0.784;0.784;0.780;0.780;0.773;0.761;0.757;0.753;0.753;0.749;0.741;0.733;0.729;0.725;0.722;0.718;0.714;0.710;0.710;0.710;0.706;0.698;0.690;0.686;0.682;0.678;0.675;0.667;0.663;0.663;0.659;0.659;0.659;0.655;0.655;0.655;0.655;0.659;0.671;0.675;0.675;0.678;0.682;0.690;0.698;0.706;0.714;0.718;0.722;0.725;0.729;0.733;0.741;0.745;0.749;0.753;0.761;0.769;0.776;0.780;0.784;0.788;0.792;0.800;0.800;0.804;0.812;0.820;0.827;0.831;0.835;0.835;0.839;0.839;0.843;0.847;0.851;0.851;0.855;0.859;0.863;0.867;0.871;0.871;0.875;0.878;0.882;0.886;0.890;0.894;0.894;0.898;0.902;0.906;0.910;0.914;0.918;0.922;0.925;0.929;0.933;0.937;0.941;0.945;0.953;0.957;0.965;0.973;0.992;0.992;0.996;1.000;
0.714;0.714;0.714;0.714;0.714;0.714;0.714;0.714;0.714;0.714;0.714;0.714;0.710;0.714;0.714;0.714;0.714;0.714;0.718;0.718;0.722;0.725;0.722;0.722;0.729;0.737;0.737;0.741;0.741;0.745;0.745;0.749;0.753;0.757;0.761;0.765;0.769;0.773;0.776;0.780;0.788;0.792;0.800;0.808;0.820;0.827;0.831;0.839;0.847;0.851;0.855;0.859;0.863;0.871;0.875;0.878;0.882;0.886;0.890;0.894;0.894;0.898;0.902;0.906;0.914;0.906;0.906;0.910;0.910;0.910;0.910;0.906;0.906;0.902;0.898;0.894;0.890;0.886;0.882;0.878;0.875;0.867;0.859;0.855;0.847;0.839;0.835;0.827;0.827;0.824;0.820;0.816;0.816;0.812;0.808;0.808;0.804;0.804;0.800;0.796;0.796;0.792;0.788;0.788;0.784;0.784;0.784;0.780;0.765;0.757;0.757;0.753;0.749;0.745;0.737;0.733;0.729;0.722;0.718;0.714;0.714;0.710;0.706;0.702;0.698;0.694;0.686;0.686;0.682;0.675;0.671;0.667;0.667;0.663;0.663;0.659;0.659;0.659;0.667;0.667;0.671;0.675;0.675;0.678;0.682;0.686;0.698;0.706;0.710;0.718;0.722;0.725;0.729;0.737;0.741;0.745;0.749;0.757;0.769;0.769;0.776;0.780;0.784;0.788;0.796;0.800;0.804;0.808;0.820;0.831;0.835;0.835;0.835;0.835;0.839;0.839;0.843;0.847;0.851;0.855;0.859;0.863;0.867;0.871;0.871;0.875;0.878;0.882;0.886;0.886;0.890;0.894;0.898;0.902;0.906;0.906;0.910;0.914;0.918;0.922;0.925;0.929;0.933;0.937;0.941;0.949;0.953;0.957;0.965;0.969;0.973;0.976;0.980;0.988;
0.714;0.714;0.714;0.714;0.714;0.714;0.714;0.714;0.714;0.714;0.714;0.714;0.710;0.714;0.714;0.714;0.714;0.714;0.718;0.718;0.722;0.725;0.722;0.722;0.729;0.737;0.737;0.741;0.741;0.745;0.745;0.749;0.753;0.757;0.761;0.765;0.769;0.773;0.776;0.780;0.788;0.792;0.800;0.808;0.820;0.827;0.831;0.839;0.847;0.851;0.855;0.859;0.863;0.871;0.875;0.878;0.882;0.886;0.890;0.894;0.894;0.898;0.902;0.906;0.914;0.906;0.906;0.910;0.910;0.910;0.910;0.906;0.906;0.902;0.898;0.894;0.890;0.886;0.882;0.878;0.875;0.867;0.859;0.855;0.847;0.839;0.835;0.827;0.827;0.824;0.820;0.816;0.816;0.812;0.808;0.808;0.804;0.804;0.800;0.796;0.796;0.792;0.788;0.788;0.784;0.784;0.784;0.780;0.765;0.757;0.757;0.753;0.749;0.745;0.737;0.733;0.729;0.722;0.718;0.714;0.714;0.710;0.706;0.702;0.698;0.694;0.686;0.686;0.682;0.675;0.671;0.667;0.667;0.663;0.663;0.659;0.659;0.659;0.667;0.667;0.671;0.675;0.675;0.678;0.682;0.686;0.698;0.706;0.710;0.718;0.722;0.725;0.729;0.737;0.741;0.745;0.749;0.757;0.769;0.769;0.776;0.780;0.784;0.788;0.796;0.800;0.804;0.808;0.820;0.831;0.835;0.835;0.835;0.835;0.839;0.839;0.843;0.847;0.851;0.855;0.859;0.863;0.867;0.871;0.871;0.875;0.878;0.882;0.886;0.886;0.890;0.894;0.898;0.902;0.906;0.906;0.910;0.914;0.918;0.922;0.925;0.929;0.933;0.937;0.941;0.949;0.953;0.957;0.965;0.969;0.973;0.976;0.980;0.988;
0.725;0.725;0.725;0.722;0.725;0.722;0.725;0.722;0.722;0.722;0.722;0.722;0.722;0.722;0.722;0.725;0.725;0.725;0.725;0.725;0.729;0.733;0.737;0.741;0.741;0.741;0.741;0.745;0.749;0.749;0.753;0.757;0.761;0.765;0.769;0.773;0.776;0.780;0.784;0.792;0.800;0.820;0.820;0.824;0.827;0.835;0.839;0.847;0.851;0.859;0.863;0.867;0.875;0.875;0.878;0.886;0.890;0.894;0.902;0.906;0.910;0.914;0.914;0.918;0.918;0.922;0.918;0.918;0.918;0.918;0.918;0.914;0.914;0.910;0.906;0.902;0.898;0.894;0.886;0.882;0.878;0.871;0.867;0.859;0.855;0.851;0.843;0.839;0.835;0.831;0.827;0.827;0.824;0.820;0.816;0.816;0.812;0.808;0.808;0.804;0.800;0.800;0.796;0.792;0.792;0.788;0.784;0.784;0.776;0.765;0.761;0.757;0.753;0.749;0.745;0.741;0.733;0.729;0.725;0.722;0.718;0.714;0.710;0.706;0.702;0.698;0.694;0.690;0.686;0.682;0.678;0.675;0.671;0.671;0.667;0.671;0.667;0.671;0.663;0.671;0.671;0.675;0.675;0.678;0.682;0.686;0.698;0.702;0.706;0.714;0.722;0.725;0.729;0.733;0.741;0.745;0.749;0.761;0.765;0.773;0.776;0.780;0.788;0.792;0.796;0.800;0.804;0.808;0.816;0.831;0.835;0.835;0.835;0.839;0.839;0.839;0.843;0.847;0.851;0.855;0.859;0.863;0.867;0.871;0.871;0.875;0.878;0.882;0.886;0.886;0.890;0.894;0.898;0.898;0.902;0.906;0.910;0.914;0.914;0.918;0.922;0.925;0.933;0.937;0.941;0.945;0.949;0.953;0.957;0.961;0.969;0.973;0.976;0.980;
0.725;0.725;0.725;0.722;0.725;0.722;0.725;0.722;0.722;0.722;0.722;0.722;0.722;0.722;0.722;0.725;0.725;0.725;0.725;0.725;0.729;0.733;0.737;0.741;0.741;0.741;0.741;0.745;0.749;0.749;0.753;0.757;0.761;0.765;0.769;0.773;0.776;0.780;0.784;0.792;0.800;0.820;0.820;0.824;0.827;0.835;0.839;0.847;0.851;0.859;0.863;0.867;0.875;0.875;0.878;0.886;0.890;0.894;0.902;0.906;0.910;0.914;0.914;0.918;0.918;0.922;0.918;0.918;0.918;0.918;0.918;0.914;0.914;0.910;0.906;0.902;0.898;0.894;0.886;0.882;0.878;0.871;0.867;0.859;0.855;0.851;0.843;0.839;0.835;0.831;0.827;0.827;0.824;0.820;0.816;0.816;0.812;0.808;0.808;0.804;0.800;0.800;0.796;0.792;0.792;0.788;0.784;0.784;0.776;0.765;0.761;0.757;0.753;0.749;0.745;0.741;0.733;0.729;0.725;0.722;0.718;0.714;0.710;0.706;0.702;0.698;0.694;0.690;0.686;0.682;0.678;0.675;0.671;0.671;0.667;0.671;0.667;0.671;0.663;0.671;0.671;0.675;0.675;0.678;0.682;0.686;0.698;0.702;0.706;0.714;0.722;0.725;0.729;0.733;0.741;0.745;0.749;0.761;0.765;0.773;0.776;0.780;0.788;0.792;0.796;0.800;0.804;0.808;0.816;0.831;0.835;0.835;0.835;0.839;0.839;0.839;0.843;0.847;0.851;0.855;0.859;0.863;0.867;0.871;0.871;0.875;0.878;0.882;0.886;0.886;0.890;0.894;0.898;0.898;0.902;0.906;0.910;0.914;0.914;0.918;0.922;0.925;0.933;0.937;0.941;0.945;0.949;0.953;0.957;0.961;0.969;0.973;0.976;0.980;
0.733;0.733;0.733;0.733;0.733;0.733;0.733;0.733;0.733;0.733;0.733;0.733;0.733;0.733;0.733;0.733;0.733;0.733;0.737;0.737;0.737;0.741;0.745;0.745;0.745;0.749;0.749;0.753;0.757;0.761;0.765;0.769;0.769;0.773;0.780;0.784;0.788;0.796;0.804;0.812;0.820;0.824;0.827;0.835;0.839;0.847;0.851;0.855;0.863;0.871;0.875;0.882;0.890;0.894;0.898;0.902;0.906;0.906;0.910;0.910;0.914;0.918;0.918;0.922;0.922;0.925;0.929;0.929;0.925;0.925;0.925;0.922;0.922;0.918;0.914;0.910;0.910;0.910;0.898;0.890;0.882;0.878;0.875;0.871;0.863;0.859;0.855;0.851;0.847;0.839;0.835;0.831;0.831;0.827;0.824;0.820;0.816;0.816;0.812;0.812;0.808;0.804;0.804;0.800;0.796;0.792;0.788;0.784;0.776;0.773;0.769;0.765;0.757;0.753;0.749;0.745;0.741;0.737;0.729;0.725;0.722;0.718;0.714;0.710;0.706;0.702;0.698;0.698;0.694;0.690;0.686;0.682;0.678;0.675;0.675;0.675;0.675;0.671;0.675;0.671;0.675;0.675;0.678;0.678;0.682;0.686;0.694;0.698;0.706;0.710;0.718;0.722;0.729;0.733;0.741;0.745;0.753;0.761;0.765;0.773;0.776;0.780;0.784;0.792;0.796;0.800;0.804;0.808;0.812;0.824;0.835;0.835;0.835;0.839;0.839;0.843;0.843;0.847;0.851;0.855;0.859;0.863;0.867;0.867;0.871;0.875;0.878;0.878;0.882;0.886;0.886;0.890;0.894;0.898;0.902;0.906;0.906;0.910;0.914;0.918;0.922;0.925;0.929;0.933;0.937;0.941;0.945;0.949;0.953;0.957;0.961;0.969;0.969;0.976;
0.733;0.733;0.733;0.733;0.733;0.733;0.733;0.733;0.733;0.733;0.733;0.733;0.733;0.733;0.733;0.733;0.733;0.733;0.737;0.737;0.737;0.741;0.745;0.745;0.745;0.749;0.749;0.753;0.757;0.761;0.765;0.769;0.769;0.773;0.780;0.784;0.788;0.796;0.804;0.812;0.820;0.824;0.827;0.835;0.839;0.847;0.851;0.855;0.863;0.871;0.875;0.882;0.890;0.894;0.898;0.902;0.906;0.906;0.910;0.910;0.914;0.918;0.918;0.922;0.922;0.925;0.929;0.929;0.925;0.925;0.925;0.922;0.922;0.918;0.914;0.910;0.910;0.910;0.898;0.890;0.882;0.878;0.875;0.871;0.863;0.859;0.855;0.851;0.847;0.839;0.835;0.831;0.831;0.827;0.824;0.820;0.816;0.816;0.812;0.812;0.808;0.804;0.804;0.800;0.796;0.792;0.788;0.784;0.776;0.773;0.769;0.765;0.757;0.753;0.749;0.745;0.741;0.737;0.729;0.725;0.722;0.718;0.714;0.710;0.706;0.702;0.698;0.698;0.694;0.690;0.686;0.682;0.678;0.675;0.675;0.675;0.675;0.671;0.675;0.671;0.675;0.675;0.678;0.678;0.682;0.686;0.694;0.698;0.706;0.710;0.718;0.722;0.729;0.733;0.741;0.745;0.753;0.761;0.765;0.773;0.776;0.780;0.784;0.792;0.796;0.800;0.804;0.808;0.812;0.824;0.835;0.835;0.835;0.839;0.839;0.843;0.843;0.847;0.851;0.855;0.859;0.863;0.867;0.867;0.871;0.875;0.878;0.878;0.882;0.886;0.886;0.890;0.894;0.898;0.902;0.906;0.906;0.910;0.914;0.918;0.922;0.925;0.929;0.933;0.937;0.941;0.945;0.949;0.953;0.957;0.961;0.969;0.969;0.976;
0.745;0.741;0.741;0.745;0.745;0.745;0.745;0.745;0.741;0.741;0.741;0.745;0.741;0.741;0.745;0.745;0.741;0.745;0.745;0.749;0.749;0.753;0.757;0.757;0.757;0.761;0.761;0.765;0.769;0.769;0.773;0.776;0.784;0.788;0.796;0.812;0.816;0.816;0.820;0.824;0.831;0.835;0.843;0.843;0.851;0.859;0.871;0.878;0.878;0.886;0.890;0.894;0.894;0.898;0.902;0.902;0.906;0.910;0.914;0.918;0.922;0.922;0.925;0.925;0.929;0.933;0.933;0.933;0.929;0.929;0.929;0.929;0.929;0.925;0.925;0.922;0.918;0.918;0.918;0.906;0.898;0.894;0.886;0.878;0.875;0.871;0.867;0.863;0.859;0.851;0.843;0.839;0.835;0.831;0.831;0.827;0.824;0.820;0.820;0.816;0.812;0.812;0.808;0.804;0.800;0.796;0.792;0.788;0.780;0.776;0.773;0.769;0.765;0.761;0.753;0.749;0.745;0.741;0.737;0.733;0.729;0.725;0.722;0.718;0.714;0.710;0.706;0.702;0.698;0.698;0.690;0.690;0.682;0.682;0.678;0.678;0.678;0.678;0.678;0.678;0.675;0.678;0.678;0.682;0.682;0.686;0.694;0.702;0.706;0.710;0.714;0.722;0.725;0.733;0.737;0.745;0.749;0.761;0.765;0.769;0.776;0.780;0.784;0.792;0.796;0.800;0.804;0.808;0.812;0.820;0.839;0.835;0.839;0.839;0.839;0.843;0.843;0.847;0.851;0.855;0.855;0.859;0.863;0.867;0.871;0.871;0.875;0.878;0.882;0.882;0.886;0.890;0.894;0.898;0.898;0.902;0.906;0.910;0.914;0.918;0.918;0.922;0.925;0.929;0.933;0.937;0.941;0.945;0.949;0.957;0.957;0.965;0.965;0.969;
0.745;0.741;0.741;0.745;0.745;0.745;0.745;0.745;0.741;0.741;0.741;0.745;0.741;0.741;0.745;0.745;0.741;0.745;0.745;0.749;0.749;0.753;0.757;0.757;0.757;0.761;0.761;0.765;0.769;0.769;0.773;0.776;0.784;0.788;0.796;0.812;0.816;0.816;0.820;0.824;0.831;0.835;0.843;0.843;0.851;0.859;0.871;0.878;0.878;0.886;0.890;0.894;0.894;0.898;0.902;0.902;0.906;0.910;0.914;0.918;0.922;0.922;0.925;0.925;0.929;0.933;0.933;0.933;0.929;0.929;0.929;0.929;0.929;0.925;0.925;0.922;0.918;0.918;0.918;0.906;0.898;0.894;0.886;0.878;0.875;0.871;0.867;0.863;0.859;0.851;0.843;0.839;0.835;0.831;0.831;0.827;0.824;0.820;0.820;0.816;0.812;0.812;0.808;0.804;0.800;0.796;0.792;0.788;0.780;0.776;0.773;0.769;0.765;0.761;0.753;0.749;0.745;0.741;0.737;0.733;0.729;0.725;0.722;0.718;0.714;0.710;0.706;0.702;0.698;0.698;0.690;0.690;0.682;0.682;0.678;0.678;0.678;0.678;0.678;0.678;0.675;0.678;0.678;0.682;0.682;0.686;0.694;0.702;0.706;0.710;0.714;0.722;0.725;0.733;0.737;0.745;0.749;0.761;0.765;0.769;0.776;0.780;0.784;0.792;0.796;0.800;0.804;0.808;0.812;0.820;0.839;0.835;0.839;0.839;0.839;0.843;0.843;0.847;0.851;0.855;0.855;0.859;0.863;0.867;0.871;0.871;0.875;0.878;0.882;0.882;0.886;0.890;0.894;0.898;0.898;0.902;0.906;0.910;0.914;0.918;0.918;0.922;0.925;0.929;0.933;0.937;0.941;0.945;0.949;0.957;0.957;0.965;0.965;0.969;
0.757;0.753;0.753;0.757;0.753;0.757;0.757;0.753;0.753;0.753;0.753;0.753;0.757;0.757;0.757;0.757;0.757;0.757;0.757;0.757;0.761;0.765;0.769;0.773;0.769;0.773;0.773;0.776;0.780;0.788;0.792;0.796;0.804;0.812;0.812;0.816;0.824;0.831;0.835;0.839;0.851;0.859;0.863;0.867;0.871;0.875;0.878;0.882;0.886;0.890;0.894;0.898;0.898;0.902;0.906;0.910;0.914;0.918;0.922;0.925;0.925;0.929;0.929;0.933;0.933;0.937;0.937;0.945;0.937;0.937;0.937;0.937;0.937;0.933;0.933;0.929;0.925;0.922;0.922;0.922;0.914;0.902;0.898;0.894;0.886;0.882;0.875;0.871;0.867;0.863;0.859;0.851;0.847;0.839;0.839;0.835;0.831;0.827;0.824;0.824;0.820;0.816;0.816;0.812;0.808;0.804;0.800;0.792;0.788;0.784;0.776;0.773;0.769;0.765;0.761;0.757;0.753;0.749;0.745;0.741;0.733;0.729;0.725;0.722;0.718;0.714;0.710;0.706;0.702;0.702;0.698;0.694;0.690;0.686;0.686;0.682;0.682;0.686;0.686;0.682;0.678;0.682;0.678;0.682;0.686;0.690;0.694;0.698;0.702;0.710;0.714;0.718;0.725;0.729;0.737;0.745;0.749;0.757;0.765;0.769;0.773;0.776;0.784;0.788;0.796;0.800;0.808;0.812;0.812;0.816;0.824;0.839;0.839;0.839;0.839;0.843;0.843;0.847;0.847;0.851;0.855;0.859;0.859;0.863;0.867;0.871;0.875;0.875;0.878;0.882;0.886;0.890;0.890;0.894;0.898;0.898;0.902;0.906;0.910;0.914;0.914;0.918;0.922;0.925;0.929;0.933;0.937;0.941;0.945;0.949;0.953;0.957;0.961;0.965;
0.757;0.753;0.753;0.757;0.753;0.757;0.757;0.753;0.753;0.753;0.753;0.753;0.757;0.757;0.757;0.757;0.757;0.757;0.757;0.757;0.761;0.765;0.769;0.773;0.769;0.773;0.773;0.776;0.780;0.788;0.792;0.796;0.804;0.812;0.812;0.816;0.824;0.831;0.835;0.839;0.851;0.859;0.863;0.867;0.871;0.875;0.878;0.882;0.886;0.890;0.894;0.898;0.898;0.902;0.906;0.910;0.914;0.918;0.922;0.925;0.925;0.929;0.929;0.933;0.933;0.937;0.937;0.945;0.937;0.937;0.937;0.937;0.937;0.933;0.933;0.929;0.925;0.922;0.922;0.922;0.914;0.902;0.898;0.894;0.886;0.882;0.875;0.871;0.867;0.863;0.859;0.851;0.847;0.839;0.839;0.835;0.831;0.827;0.824;0.824;0.820;0.816;0.816;0.812;0.808;0.804;0.800;0.792;0.788;0.784;0.776;0.773;0.769;0.765;0.761;0.757;0.753;0.749;0.745;0.741;0.733;0.729;0.725;0.722;0.718;0.714;0.710;0.706;0.702;0.702;0.698;0.694;0.690;0.686;0.686;0.682;0.682;0.686;0.686;0.682;0.678;0.682;0.678;0.682;0.686;0.690;0.694;0.698;0.702;0.710;0.714;0.718;0.725;0.729;0.737;0.745;0.749;0.757;0.765;0.769;0.773;0.776;0.784;0.788;0.796;0.800;0.808;0.812;0.812;0.816;0.824;0.839;0.839;0.839;0.839;0.843;0.843;0.847;0.847;0.851;0.855;0.859;0.859;0.863;0.867;0.871;0.875;0.875;0.878;0.882;0.886;0.890;0.890;0.894;0.898;0.898;0.902;0.906;0.910;0.914;0.914;0.918;0.922;0.925;0.929;0.933;0.937;0.941;0.945;0.949;0.953;0.957;0.961;0.965;
0.773;0.773;0.769;0.773;0.776;0.776;0.773;0.773;0.769;0.773;0.773;0.776;0.773;0.769;0.769;0.773;0.776;0.776;0.780;0.784;0.784;0.784;0.788;0.788;0.784;0.784;0.788;0.792;0.796;0.800;0.808;0.812;0.816;0.820;0.831;0.843;0.847;0.847;0.855;0.859;0.863;0.867;0.871;0.875;0.878;0.882;0.886;0.890;0.894;0.894;0.898;0.906;0.910;0.914;0.914;0.918;0.922;0.922;0.925;0.929;0.933;0.937;0.937;0.941;0.941;0.945;0.949;0.953;0.957;0.949;0.945;0.941;0.941;0.941;0.937;0.937;0.933;0.929;0.925;0.925;0.922;0.922;0.910;0.902;0.898;0.890;0.886;0.882;0.875;0.871;0.867;0.863;0.855;0.851;0.847;0.843;0.839;0.835;0.831;0.827;0.824;0.820;0.816;0.816;0.812;0.804;0.800;0.796;0.792;0.788;0.780;0.776;0.773;0.769;0.765;0.761;0.757;0.753;0.749;0.745;0.737;0.733;0.729;0.725;0.722;0.718;0.714;0.710;0.706;0.702;0.702;0.698;0.694;0.694;0.694;0.690;0.690;0.690;0.690;0.690;0.690;0.686;0.682;0.682;0.686;0.690;0.694;0.698;0.702;0.706;0.714;0.718;0.722;0.729;0.733;0.741;0.749;0.753;0.761;0.769;0.773;0.776;0.784;0.788;0.792;0.796;0.800;0.808;0.808;0.812;0.816;0.820;0.839;0.839;0.843;0.843;0.843;0.847;0.847;0.851;0.851;0.855;0.859;0.863;0.867;0.867;0.871;0.875;0.875;0.878;0.882;0.886;0.890;0.890;0.894;0.898;0.898;0.902;0.906;0.910;0.914;0.914;0.918;0.922;0.925;0.929;0.933;0.937;0.941;0.945;0.949;0.949;0.953;0.957;
0.773;0.773;0.769;0.773;0.776;0.776;0.773;0.773;0.769;0.773;0.773;0.776;0.773;0.769;0.769;0.773;0.776;0.776;0.780;0.784;0.784;0.784;0.788;0.788;0.784;0.784;0.788;0.792;0.796;0.800;0.808;0.812;0.816;0.820;0.831;0.843;0.847;0.847;0.855;0.859;0.863;0.867;0.871;0.875;0.878;0.882;0.886;0.890;0.894;0.894;0.898;0.906;0.910;0.914;0.914;0.918;0.922;0.922;0.925;0.929;0.933;0.937;0.937;0.941;0.941;0.945;0.949;0.953;0.957;0.949;0.945;0.941;0.941;0.941;0.937;0.937;0.933;0.929;0.925;0.925;0.922;0.922;0.910;0.902;0.898;0.890;0.886;0.882;0.875;0.871;0.867;0.863;0.855;0.851;0.847;0.843;0.839;0.835;0.831;0.827;0.824;0.820;0.816;0.816;0.812;0.804;0.800;0.796;0.792;0.788;0.780;0.776;0.773;0.769;0.765;0.761;0.757;0.753;0.749;0.745;0.737;0.733;0.729;0.725;0.722;0.718;0.714;0.710;0.706;0.702;0.702;0.698;0.694;0.694;0.694;0.690;0.690;0.690;0.690;0.690;0.690;0.686;0.682;0.682;0.686;0.690;0.694;0.698;0.702;0.706;0.714;0.718;0.722;0.729;0.733;0.741;0.749;0.753;0.761;0.769;0.773;0.776;0.784;0.788;0.792;0.796;0.800;0.808;0.808;0.812;0.816;0.820;0.839;0.839;0.843;0.843;0.843;0.847;0.847;0.851;0.851;0.855;0.859;0.863;0.867;0.867;0.871;0.875;0.875;0.878;0.882;0.886;0.890;0.890;0.894;0.898;0.898;0.902;0.906;0.910;0.914;0.914;0.918;0.922;0.925;0.929;0.933;0.937;0.941;0.945;0.949;0.949;0.953;0.957;
0.780;0.780;0.780;0.780;0.780;0.780;0.784;0.784;0.784;0.788;0.788;0.792;0.792;0.792;0.792;0.796;0.796;0.796;0.796;0.796;0.800;0.800;0.800;0.804;0.804;0.804;0.808;0.812;0.816;0.824;0.824;0.827;0.831;0.835;0.839;0.843;0.847;0.851;0.855;0.863;0.875;0.878;0.882;0.886;0.886;0.890;0.894;0.898;0.898;0.902;0.906;0.910;0.914;0.918;0.922;0.925;0.925;0.929;0.933;0.937;0.937;0.941;0.941;0.945;0.953;0.957;0.957;0.961;0.961;0.961;0.965;0.961;0.949;0.945;0.945;0.941;0.941;0.937;0.933;0.929;0.929;0.925;0.925;0.914;0.910;0.902;0.898;0.894;0.886;0.875;0.871;0.871;0.867;0.863;0.855;0.847;0.843;0.839;0.835;0.831;0.827;0.824;0.820;0.816;0.812;0.808;0.804;0.800;0.796;0.792;0.788;0.784;0.780;0.773;0.769;0.765;0.761;0.757;0.753;0.749;0.745;0.737;0.733;0.729;0.725;0.722;0.718;0.714;0.710;0.710;0.706;0.702;0.702;0.698;0.698;0.694;0.694;0.694;0.694;0.694;0.694;0.694;0.694;0.690;0.686;0.690;0.694;0.698;0.702;0.706;0.710;0.714;0.722;0.725;0.733;0.737;0.745;0.749;0.761;0.765;0.769;0.773;0.776;0.780;0.788;0.792;0.800;0.804;0.808;0.812;0.812;0.816;0.820;0.839;0.843;0.843;0.843;0.847;0.847;0.847;0.851;0.855;0.855;0.859;0.863;0.867;0.867;0.871;0.875;0.875;0.878;0.882;0.886;0.890;0.890;0.894;0.898;0.902;0.902;0.906;0.910;0.914;0.914;0.918;0.922;0.925;0.929;0.933;0.937;0.937;0.941;0.945;0.949;0.953;
0.780;0.780;0.780;0.780;0.780;0.780;0.784;0.784;0.784;0.788;0.788;0.792;0.792;0.792;0.792;0.796;0.796;0.796;0.796;0.796;0.800;0.800;0.800;0.804;0.804;0.804;0.808;0.812;0.816;0.824;0.824;0.827;0.831;0.835;0.839;0.843;0.847;0.851;0.855;0.863;0.875;0.878;0.882;0.886;0.886;0.890;0.894;0.898;0.898;0.902;0.906;0.910;0.914;0.918;0.922;0.925;0.925;0.929;0.933;0.937;0.937;0.941;0.941;0.945;0.953;0.957;0.957;0.961;0.961;0.961;0.965;0.961;0.949;0.945;0.945;0.941;0.941;0.937;0.933;0.929;0.929;0.925;0.925;0.914;0.910;0.902;0.898;0.894;0.886;0.875;0.871;0.871;0.867;0.863;0.855;0.847;0.843;0.839;0.835;0.831;0.827;0.824;0.820;0.816;0.812;0.808;0.804;0.800;0.796;0.792;0.788;0.784;0.780;0.773;0.769;0.765;0.761;0.757;0.753;0.749;0.745;0.737;0.733;0.729;0.725;0.722;0.718;0.714;0.710;0.710;0.706;0.702;0.702;0.698;0.698;0.694;0.694;0.694;0.694;0.694;0.694;0.694;0.694;0.690;0.686;0.690;0.694;0.698;0.702;0.706;0.710;0.714;0.722;0.725;0.733;0.737;0.745;0.749;0.761;0.765;0.769;0.773;0.776;0.780;0.788;0.792;0.800;0.804;0.808;0.812;0.812;0.816;0.820;0.839;0.843;0.843;0.843;0.847;0.847;0.847;0.851;0.855;0.855;0.859;0.863;0.867;0.867;0.871;0.875;0.875;0.878;0.882;0.886;0.890;0.890;0.894;0.898;0.902;0.902;0.906;0.910;0.914;0.914;0.918;0.922;0.925;0.929;0.933;0.937;0.937;0.941;0.945;0.949;0.953;
0.788;0.788;0.792;0.796;0.796;0.792;0.796;0.800;0.804;0.804;0.800;0.800;0.800;0.800;0.800;0.800;0.800;0.804;0.804;0.804;0.804;0.804;0.808;0.812;0.820;0.820;0.820;0.824;0.824;0.827;0.831;0.831;0.839;0.839;0.843;0.847;0.855;0.859;0.867;0.875;0.878;0.882;0.886;0.890;0.894;0.898;0.902;0.902;0.906;0.910;0.914;0.918;0.922;0.925;0.929;0.933;0.933;0.937;0.937;0.941;0.945;0.953;0.957;0.957;0.961;0.961;0.961;0.961;0.965;0.965;0.965;0.965;0.965;0.961;0.949;0.945;0.945;0.941;0.941;0.937;0.933;0.929;0.929;0.925;0.918;0.914;0.910;0.898;0.894;0.890;0.886;0.875;0.871;0.863;0.859;0.855;0.851;0.843;0.839;0.835;0.831;0.827;0.824;0.820;0.816;0.812;0.808;0.804;0.800;0.796;0.792;0.788;0.784;0.776;0.773;0.769;0.765;0.757;0.753;0.753;0.749;0.745;0.741;0.733;0.729;0.725;0.725;0.722;0.714;0.714;0.710;0.710;0.706;0.702;0.702;0.702;0.698;0.698;0.698;0.698;0.698;0.698;0.698;0.702;0.690;0.690;0.694;0.698;0.702;0.706;0.710;0.714;0.722;0.725;0.733;0.737;0.745;0.749;0.753;0.757;0.765;0.769;0.776;0.776;0.784;0.788;0.792;0.800;0.804;0.808;0.812;0.812;0.816;0.816;0.824;0.843;0.847;0.847;0.847;0.847;0.851;0.851;0.855;0.855;0.859;0.863;0.863;0.867;0.871;0.875;0.878;0.878;0.882;0.886;0.890;0.890;0.894;0.898;0.898;0.902;0.906;0.910;0.914;0.914;0.918;0.922;0.925;0.929;0.933;0.933;0.937;0.941;0.941;0.945;
0.788;0.788;0.792;0.796;0.796;0.792;0.796;0.800;0.804;0.804;0.800;0.800;0.800;0.800;0.800;0.800;0.800;0.804;0.804;0.804;0.804;0.804;0.808;0.812;0.820;0.820;0.820;0.824;0.824;0.827;0.831;0.831;0.839;0.839;0.843;0.847;0.855;0.859;0.867;0.875;0.878;0.882;0.886;0.890;0.894;0.898;0.902;0.902;0.906;0.910;0.914;0.918;0.922;0.925;0.929;0.933;0.933;0.937;0.937;0.941;0.945;0.953;0.957;0.957;0.961;0.961;0.961;0.961;0.965;0.965;0.965;0.965;0.965;0.961;0.949;0.945;0.945;0.941;0.941;0.937;0.933;0.929;0.929;0.925;0.918;0.914;0.910;0.898;0.894;0.890;0.886;0.875;0.871;0.863;0.859;0.855;0.851;0.843;0.839;0.835;0.831;0.827;0.824;0.820;0.816;0.812;0.808;0.804;0.800;0.796;0.792;0.788;0.784;0.776;0.773;0.769;0.765;0.757;0.753;0.753;0.749;0.745;0.741;0.733;0.729;0.725;0.725;0.722;0.714;0.714;0.710;0.710;0.706;0.702;0.702;0.702;0.698;0.698;0.698;0.698;0.698;0.698;0.698;0.702;0.690;0.690;0.694;0.698;0.702;0.706;0.710;0.714;0.722;0.725;0.733;0.737;0.745;0.749;0.753;0.757;0.765;0.769;0.776;0.776;0.784;0.788;0.792;0.800;0.804;0.808;0.812;0.812;0.816;0.816;0.824;0.843;0.847;0.847;0.847;0.847;0.851;0.851;0.855;0.855;0.859;0.863;0.863;0.867;0.871;0.875;0.878;0.878;0.882;0.886;0.890;0.890;0.894;0.898;0.898;0.902;0.906;0.910;0.914;0.914;0.918;0.922;0.925;0.929;0.933;0.933;0.937;0.941;0.941;0.945;
0.796;0.796;0.796;0.796;0.800;0.800;0.800;0.804;0.804;0.804;0.808;0.808;0.808;0.808;0.812;0.812;0.812;0.812;0.816;0.816;0.816;0.816;0.816;0.820;0.824;0.824;0.824;0.827;0.831;0.831;0.835;0.839;0.843;0.847;0.851;0.855;0.859;0.863;0.867;0.871;0.878;0.886;0.890;0.894;0.898;0.902;0.906;0.910;0.914;0.918;0.922;0.925;0.925;0.929;0.933;0.937;0.937;0.941;0.949;0.953;0.957;0.961;0.961;0.961;0.961;0.961;0.961;0.961;0.961;0.965;0.961;0.961;0.965;0.961;0.961;0.957;0.949;0.949;0.945;0.941;0.937;0.933;0.929;0.929;0.925;0.922;0.914;0.910;0.902;0.894;0.886;0.882;0.875;0.871;0.867;0.859;0.855;0.847;0.843;0.839;0.835;0.831;0.824;0.820;0.816;0.812;0.808;0.804;0.804;0.800;0.796;0.792;0.784;0.780;0.776;0.773;0.769;0.765;0.757;0.753;0.749;0.745;0.745;0.737;0.733;0.733;0.729;0.725;0.722;0.718;0.718;0.714;0.710;0.710;0.706;0.706;0.706;0.706;0.706;0.706;0.706;0.706;0.698;0.698;0.694;0.694;0.698;0.702;0.710;0.718;0.722;0.729;0.729;0.733;0.733;0.733;0.741;0.745;0.749;0.753;0.757;0.765;0.769;0.776;0.780;0.784;0.788;0.792;0.796;0.804;0.804;0.808;0.812;0.816;0.816;0.820;0.831;0.847;0.847;0.847;0.851;0.851;0.851;0.855;0.855;0.859;0.863;0.863;0.867;0.871;0.875;0.878;0.882;0.886;0.886;0.890;0.890;0.894;0.894;0.898;0.902;0.906;0.910;0.910;0.914;0.918;0.922;0.925;0.925;0.929;0.933;0.933;0.937;0.941;
0.796;0.796;0.796;0.796;0.800;0.800;0.800;0.804;0.804;0.804;0.808;0.808;0.808;0.808;0.812;0.812;0.812;0.812;0.816;0.816;0.816;0.816;0.816;0.820;0.824;0.824;0.824;0.827;0.831;0.831;0.835;0.839;0.843;0.847;0.851;0.855;0.859;0.863;0.867;0.871;0.878;0.886;0.890;0.894;0.898;0.902;0.906;0.910;0.914;0.918;0.922;0.925;0.925;0.929;0.933;0.937;0.937;0.941;0.949;0.953;0.957;0.961;0.961;0.961;0.961;0.961;0.961;0.961;0.961;0.965;0.961;0.961;0.965;0.961;0.961;0.957;0.949;0.949;0.945;0.941;0.937;0.933;0.929;0.929;0.925;0.922;0.914;0.910;0.902;0.894;0.886;0.882;0.875;0.871;0.867;0.859;0.855;0.847;0.843;0.839;0.835;0.831;0.824;0.820;0.816;0.812;0.808;0.804;0.804;0.800;0.796;0.792;0.784;0.780;0.776;0.773;0.769;0.765;0.757;0.753;0.749;0.745;0.745;0.737;0.733;0.733;0.729;0.725;0.722;0.718;0.718;0.714;0.710;0.710;0.706;0.706;0.706;0.706;0.706;0.706;0.706;0.706;0.698;0.698;0.694;0.694;0.698;0.702;0.710;0.718;0.722;0.729;0.729;0.733;0.733;0.733;0.741;0.745;0.749;0.753;0.757;0.765;0.769;0.776;0.780;0.784;0.788;0.792;0.796;0.804;0.804;0.808;0.812;0.816;0.816;0.820;0.831;0.847;0.847;0.847;0.851;0.851;0.851;0.855;0.855;0.859;0.863;0.863;0.867;0.871;0.875;0.878;0.882;0.886;0.886;0.890;0.890;0.894;0.894;0.898;0.902;0.906;0.910;0.910;0.914;0.918;0.922;0.925;0.925;0.929;0.933;0.933;0.937;0.941;
0.792;0.796;0.796;0.800;0.800;0.800;0.804;0.804;0.808;0.808;0.812;0.812;0.812;0.812;0.816;0.816;0.816;0.816;0.820;0.820;0.820;0.820;0.820;0.824;0.827;0.831;0.831;0.831;0.835;0.835;0.839;0.843;0.847;0.851;0.855;0.859;0.863;0.867;0.875;0.882;0.890;0.894;0.898;0.902;0.902;0.906;0.910;0.914;0.918;0.922;0.925;0.929;0.933;0.937;0.937;0.941;0.949;0.953;0.957;0.957;0.957;0.957;0.961;0.961;0.961;0.961;0.961;0.965;0.965;0.965;0.965;0.965;0.965;0.965;0.965;0.965;0.961;0.949;0.949;0.945;0.941;0.937;0.933;0.929;0.925;0.922;0.914;0.910;0.902;0.898;0.894;0.890;0.882;0.875;0.871;0.863;0.859;0.851;0.847;0.839;0.835;0.831;0.827;0.820;0.816;0.816;0.812;0.808;0.804;0.800;0.796;0.792;0.788;0.780;0.776;0.776;0.773;0.773;0.769;0.757;0.753;0.749;0.745;0.745;0.741;0.737;0.733;0.733;0.729;0.729;0.725;0.722;0.718;0.718;0.714;0.714;0.714;0.710;0.710;0.710;0.710;0.706;0.702;0.702;0.698;0.702;0.718;0.725;0.725;0.729;0.729;0.729;0.729;0.729;0.733;0.733;0.733;0.741;0.745;0.753;0.753;0.757;0.761;0.769;0.773;0.780;0.784;0.788;0.792;0.796;0.800;0.804;0.808;0.812;0.812;0.816;0.820;0.820;0.827;0.847;0.851;0.851;0.855;0.855;0.859;0.859;0.859;0.863;0.867;0.867;0.871;0.875;0.878;0.882;0.882;0.886;0.886;0.890;0.890;0.894;0.898;0.902;0.902;0.906;0.910;0.914;0.918;0.918;0.922;0.925;0.925;0.929;0.933;0.937;
0.792;0.796;0.796;0.800;0.800;0.800;0.804;0.804;0.808;0.808;0.812;0.812;0.812;0.812;0.816;0.816;0.816;0.816;0.820;0.820;0.820;0.820;0.820;0.824;0.827;0.831;0.831;0.831;0.835;0.835;0.839;0.843;0.847;0.851;0.855;0.859;0.863;0.867;0.875;0.882;0.890;0.894;0.898;0.902;0.902;0.906;0.910;0.914;0.918;0.922;0.925;0.929;0.933;0.937;0.937;0.941;0.949;0.953;0.957;0.957;0.957;0.957;0.961;0.961;0.961;0.961;0.961;0.965;0.965;0.965;0.965;0.965;0.965;0.965;0.965;0.965;0.961;0.949;0.949;0.945;0.941;0.937;0.933;0.929;0.925;0.922;0.914;0.910;0.902;0.898;0.894;0.890;0.882;0.875;0.871;0.863;0.859;0.851;0.847;0.839;0.835;0.831;0.827;0.820;0.816;0.816;0.812;0.808;0.804;0.800;0.796;0.792;0.788;0.780;0.776;0.776;0.773;0.773;0.769;0.757;0.753;0.749;0.745;0.745;0.741;0.737;0.733;0.733;0.729;0.729;0.725;0.722;0.718;0.718;0.714;0.714;0.714;0.710;0.710;0.710;0.710;0.706;0.702;0.702;0.698;0.702;0.718;0.725;0.725;0.729;0.729;0.729;0.729;0.729;0.733;0.733;0.733;0.741;0.745;0.753;0.753;0.757;0.761;0.769;0.773;0.780;0.784;0.788;0.792;0.796;0.800;0.804;0.808;0.812;0.812;0.816;0.820;0.820;0.827;0.847;0.851;0.851;0.855;0.855;0.859;0.859;0.859;0.863;0.867;0.867;0.871;0.875;0.878;0.882;0.882;0.886;0.886;0.890;0.890;0.894;0.898;0.902;0.902;0.906;0.910;0.914;0.918;0.918;0.922;0.925;0.925;0.929;0.933;0.937;
0.796;0.804;0.804;0.804;0.804;0.804;0.808;0.812;0.812;0.816;0.820;0.816;0.816;0.820;0.820;0.820;0.820;0.820;0.824;0.824;0.824;0.827;0.827;0.827;0.831;0.835;0.835;0.835;0.839;0.843;0.847;0.851;0.855;0.859;0.863;0.867;0.871;0.875;0.882;0.886;0.890;0.894;0.898;0.902;0.906;0.910;0.918;0.922;0.922;0.929;0.929;0.933;0.937;0.941;0.945;0.953;0.953;0.953;0.957;0.957;0.957;0.961;0.961;0.961;0.961;0.961;0.965;0.965;0.965;0.965;0.965;0.965;0.965;0.965;0.965;0.965;0.965;0.961;0.949;0.949;0.945;0.941;0.937;0.933;0.929;0.925;0.922;0.914;0.910;0.902;0.894;0.890;0.886;0.878;0.875;0.867;0.863;0.851;0.847;0.843;0.839;0.835;0.831;0.827;0.824;0.816;0.812;0.812;0.804;0.804;0.800;0.796;0.788;0.788;0.780;0.776;0.776;0.773;0.773;0.769;0.757;0.753;0.749;0.749;0.745;0.745;0.741;0.741;0.737;0.737;0.733;0.733;0.729;0.725;0.722;0.722;0.718;0.718;0.718;0.714;0.714;0.714;0.710;0.718;0.725;0.725;0.725;0.725;0.725;0.725;0.729;0.729;0.729;0.733;0.733;0.733;0.733;0.737;0.745;0.749;0.749;0.753;0.757;0.761;0.765;0.773;0.776;0.780;0.788;0.792;0.792;0.796;0.800;0.804;0.808;0.812;0.816;0.820;0.824;0.827;0.831;0.847;0.851;0.855;0.859;0.859;0.859;0.863;0.863;0.867;0.867;0.871;0.875;0.878;0.878;0.882;0.882;0.886;0.890;0.894;0.894;0.898;0.902;0.902;0.906;0.910;0.910;0.914;0.918;0.922;0.922;0.925;0.929;0.929;
0.796;0.804;0.804;0.804;0.804;0.804;0.808;0.812;0.812;0.816;0.820;0.816;0.816;0.820;0.820;0.820;0.820;0.820;0.824;0.824;0.824;0.827;0.827;0.827;0.831;0.835;0.835;0.835;0.839;0.843;0.847;0.851;0.855;0.859;0.863;0.867;0.871;0.875;0.882;0.886;0.890;0.894;0.898;0.902;0.906;0.910;0.918;0.922;0.922;0.929;0.929;0.933;0.937;0.941;0.945;0.953;0.953;0.953;0.957;0.957;0.957;0.961;0.961;0.961;0.961;0.961;0.965;0.965;0.965;0.965;0.965;0.965;0.965;0.965;0.965;0.965;0.965;0.961;0.949;0.949;0.945;0.941;0.937;0.933;0.929;0.925;0.922;0.914;0.910;0.902;0.894;0.890;0.886;0.878;0.875;0.867;0.863;0.851;0.847;0.843;0.839;0.835;0.831;0.827;0.824;0.816;0.812;0.812;0.804;0.804;0.800;0.796;0.788;0.788;0.780;0.776;0.776;0.773;0.773;0.769;0.757;0.753;0.749;0.749;0.745;0.745;0.741;0.741;0.737;0.737;0.733;0.733;0.729;0.725;0.722;0.722;0.718;0.718;0.718;0.714;0.714;0.714;0.710;0.718;0.725;0.725;0.725;0.725;0.725;0.725;0.729;0.729;0.729;0.733;0.733;0.733;0.733;0.737;0.745;0.749;0.749;0.753;0.757;0.761;0.765;0.773;0.776;0.780;0.788;0.792;0.792;0.796;0.800;0.804;0.808;0.812;0.816;0.820;0.824;0.827;0.831;0.847;0.851;0.855;0.859;0.859;0.859;0.863;0.863;0.867;0.867;0.871;0.875;0.878;0.878;0.882;0.882;0.886;0.890;0.894;0.894;0.898;0.902;0.902;0.906;0.910;0.910;0.914;0.918;0.922;0.922;0.925;0.929;0.929;
0.800;0.804;0.804;0.804;0.804;0.804;0.804;0.812;0.812;0.816;0.820;0.820;0.820;0.820;0.824;0.824;0.824;0.827;0.827;0.827;0.831;0.831;0.831;0.835;0.839;0.839;0.847;0.847;0.847;0.851;0.851;0.855;0.859;0.859;0.863;0.871;0.875;0.882;0.890;0.894;0.898;0.902;0.906;0.910;0.914;0.918;0.918;0.922;0.925;0.929;0.933;0.937;0.941;0.949;0.949;0.953;0.953;0.957;0.957;0.957;0.957;0.957;0.961;0.961;0.961;0.965;0.965;0.965;0.965;0.965;0.965;0.965;0.965;0.965;0.965;0.965;0.965;0.961;0.953;0.949;0.945;0.945;0.941;0.937;0.933;0.925;0.922;0.918;0.910;0.906;0.898;0.894;0.890;0.882;0.875;0.867;0.863;0.863;0.851;0.847;0.839;0.839;0.835;0.831;0.827;0.820;0.816;0.812;0.808;0.804;0.804;0.796;0.792;0.788;0.784;0.780;0.776;0.776;0.773;0.773;0.769;0.761;0.761;0.753;0.753;0.753;0.749;0.745;0.745;0.745;0.741;0.737;0.741;0.733;0.733;0.729;0.729;0.725;0.722;0.725;0.729;0.729;0.725;0.722;0.729;0.729;0.729;0.725;0.729;0.729;0.729;0.729;0.733;0.733;0.733;0.733;0.733;0.737;0.741;0.741;0.745;0.749;0.753;0.757;0.761;0.765;0.769;0.776;0.780;0.784;0.788;0.792;0.796;0.800;0.804;0.808;0.812;0.812;0.816;0.820;0.824;0.827;0.835;0.851;0.855;0.859;0.859;0.859;0.863;0.867;0.867;0.871;0.871;0.875;0.875;0.878;0.882;0.882;0.886;0.890;0.890;0.894;0.894;0.898;0.902;0.906;0.906;0.910;0.914;0.914;0.918;0.918;0.922;0.925;
0.800;0.804;0.804;0.804;0.804;0.804;0.804;0.812;0.812;0.816;0.820;0.820;0.820;0.820;0.824;0.824;0.824;0.827;0.827;0.827;0.831;0.831;0.831;0.835;0.839;0.839;0.847;0.847;0.847;0.851;0.851;0.855;0.859;0.859;0.863;0.871;0.875;0.882;0.890;0.894;0.898;0.902;0.906;0.910;0.914;0.918;0.918;0.922;0.925;0.929;0.933;0.937;0.941;0.949;0.949;0.953;0.953;0.957;0.957;0.957;0.957;0.957;0.961;0.961;0.961;0.965;0.965;0.965;0.965;0.965;0.965;0.965;0.965;0.965;0.965;0.965;0.965;0.961;0.953;0.949;0.945;0.945;0.941;0.937;0.933;0.925;0.922;0.918;0.910;0.906;0.898;0.894;0.890;0.882;0.875;0.867;0.863;0.863;0.851;0.847;0.839;0.839;0.835;0.831;0.827;0.820;0.816;0.812;0.808;0.804;0.804;0.796;0.792;0.788;0.784;0.780;0.776;0.776;0.773;0.773;0.769;0.761;0.761;0.753;0.753;0.753;0.749;0.745;0.745;0.745;0.741;0.737;0.741;0.733;0.733;0.729;0.729;0.725;0.722;0.725;0.729;0.729;0.725;0.722;0.729;0.729;0.729;0.725;0.729;0.729;0.729;0.729;0.733;0.733;0.733;0.733;0.733;0.737;0.741;0.741;0.745;0.749;0.753;0.757;0.761;0.765;0.769;0.776;0.780;0.784;0.788;0.792;0.796;0.800;0.804;0.808;0.812;0.812;0.816;0.820;0.824;0.827;0.835;0.851;0.855;0.859;0.859;0.859;0.863;0.867;0.867;0.871;0.871;0.875;0.875;0.878;0.882;0.882;0.886;0.890;0.890;0.894;0.894;0.898;0.902;0.906;0.906;0.910;0.914;0.914;0.918;0.918;0.922;0.925;
0.800;0.800;0.800;0.804;0.804;0.804;0.808;0.808;0.812;0.820;0.820;0.820;0.820;0.824;0.827;0.827;0.827;0.827;0.831;0.831;0.831;0.835;0.835;0.835;0.839;0.847;0.847;0.847;0.851;0.851;0.855;0.859;0.859;0.863;0.867;0.871;0.882;0.886;0.894;0.898;0.898;0.902;0.906;0.910;0.914;0.914;0.918;0.922;0.925;0.929;0.933;0.937;0.941;0.945;0.949;0.953;0.953;0.953;0.957;0.957;0.957;0.961;0.961;0.961;0.961;0.965;0.965;0.965;0.965;0.965;0.965;0.965;0.965;0.965;0.965;0.965;0.965;0.961;0.953;0.949;0.945;0.945;0.941;0.937;0.933;0.929;0.922;0.918;0.914;0.910;0.902;0.894;0.886;0.882;0.878;0.871;0.863;0.859;0.855;0.847;0.843;0.839;0.835;0.831;0.831;0.824;0.820;0.816;0.812;0.808;0.804;0.800;0.796;0.792;0.788;0.784;0.780;0.780;0.776;0.773;0.769;0.769;0.765;0.761;0.761;0.761;0.757;0.753;0.753;0.753;0.749;0.745;0.745;0.741;0.741;0.737;0.737;0.737;0.733;0.733;0.733;0.733;0.733;0.729;0.725;0.729;0.729;0.729;0.729;0.729;0.729;0.733;0.729;0.733;0.733;0.733;0.733;0.737;0.737;0.741;0.741;0.745;0.749;0.753;0.757;0.761;0.761;0.769;0.776;0.780;0.784;0.788;0.788;0.792;0.796;0.800;0.804;0.808;0.812;0.816;0.820;0.824;0.827;0.831;0.839;0.851;0.859;0.863;0.863;0.867;0.867;0.867;0.871;0.871;0.875;0.875;0.878;0.878;0.882;0.882;0.886;0.890;0.890;0.894;0.898;0.898;0.902;0.906;0.906;0.910;0.910;0.914;0.914;0.918;
0.800;0.800;0.800;0.804;0.804;0.804;0.808;0.808;0.812;0.820;0.820;0.820;0.820;0.824;0.827;0.827;0.827;0.827;0.831;0.831;0.831;0.835;0.835;0.835;0.839;0.847;0.847;0.847;0.851;0.851;0.855;0.859;0.859;0.863;0.867;0.871;0.882;0.886;0.894;0.898;0.898;0.902;0.906;0.910;0.914;0.914;0.918;0.922;0.925;0.929;0.933;0.937;0.941;0.945;0.949;0.953;0.953;0.953;0.957;0.957;0.957;0.961;0.961;0.961;0.961;0.965;0.965;0.965;0.965;0.965;0.965;0.965;0.965;0.965;0.965;0.965;0.965;0.961;0.953;0.949;0.945;0.945;0.941;0.937;0.933;0.929;0.922;0.918;0.914;0.910;0.902;0.894;0.886;0.882;0.878;0.871;0.863;0.859;0.855;0.847;0.843;0.839;0.835;0.831;0.831;0.824;0.820;0.816;0.812;0.808;0.804;0.800;0.796;0.792;0.788;0.784;0.780;0.780;0.776;0.773;0.769;0.769;0.765;0.761;0.761;0.761;0.757;0.753;0.753;0.753;0.749;0.745;0.745;0.741;0.741;0.737;0.737;0.737;0.733;0.733;0.733;0.733;0.733;0.729;0.725;0.729;0.729;0.729;0.729;0.729;0.729;0.733;0.729;0.733;0.733;0.733;0.733;0.737;0.737;0.741;0.741;0.745;0.749;0.753;0.757;0.761;0.761;0.769;0.776;0.780;0.784;0.788;0.788;0.792;0.796;0.800;0.804;0.808;0.812;0.816;0.820;0.824;0.827;0.831;0.839;0.851;0.859;0.863;0.863;0.867;0.867;0.867;0.871;0.871;0.875;0.875;0.878;0.878;0.882;0.882;0.886;0.890;0.890;0.894;0.898;0.898;0.902;0.906;0.906;0.910;0.910;0.914;0.914;0.918;
0.796;0.800;0.800;0.800;0.804;0.804;0.808;0.808;0.812;0.816;0.816;0.816;0.820;0.820;0.824;0.827;0.831;0.831;0.831;0.831;0.835;0.835;0.835;0.839;0.839;0.843;0.847;0.851;0.851;0.851;0.855;0.859;0.859;0.863;0.863;0.871;0.882;0.898;0.898;0.898;0.902;0.902;0.906;0.910;0.914;0.918;0.922;0.922;0.925;0.929;0.933;0.937;0.941;0.945;0.949;0.949;0.953;0.953;0.953;0.957;0.957;0.961;0.961;0.961;0.961;0.965;0.965;0.965;0.965;0.965;0.965;0.965;0.965;0.965;0.965;0.965;0.965;0.961;0.957;0.949;0.945;0.941;0.941;0.937;0.933;0.929;0.925;0.922;0.914;0.906;0.902;0.894;0.890;0.886;0.878;0.875;0.867;0.863;0.859;0.851;0.847;0.843;0.839;0.835;0.831;0.827;0.824;0.820;0.816;0.812;0.808;0.804;0.804;0.800;0.796;0.792;0.788;0.784;0.784;0.780;0.776;0.776;0.773;0.773;0.769;0.765;0.765;0.761;0.761;0.757;0.757;0.757;0.757;0.753;0.749;0.745;0.745;0.741;0.741;0.737;0.737;0.737;0.737;0.737;0.737;0.733;0.733;0.733;0.733;0.733;0.729;0.733;0.733;0.733;0.733;0.733;0.733;0.737;0.737;0.737;0.741;0.741;0.745;0.749;0.753;0.757;0.757;0.761;0.765;0.773;0.776;0.784;0.784;0.788;0.788;0.792;0.796;0.800;0.804;0.812;0.816;0.820;0.824;0.827;0.831;0.831;0.835;0.843;0.855;0.863;0.867;0.871;0.871;0.871;0.871;0.871;0.875;0.875;0.878;0.878;0.882;0.882;0.886;0.890;0.890;0.894;0.898;0.898;0.902;0.902;0.902;0.906;0.910;0.914;
0.796;0.800;0.800;0.800;0.804;0.804;0.808;0.808;0.812;0.816;0.816;0.816;0.820;0.820;0.824;0.827;0.831;0.831;0.831;0.831;0.835;0.835;0.835;0.839;0.839;0.843;0.847;0.851;0.851;0.851;0.855;0.859;0.859;0.863;0.863;0.871;0.882;0.898;0.898;0.898;0.902;0.902;0.906;0.910;0.914;0.918;0.922;0.922;0.925;0.929;0.933;0.937;0.941;0.945;0.949;0.949;0.953;0.953;0.953;0.957;0.957;0.961;0.961;0.961;0.961;0.965;0.965;0.965;0.965;0.965;0.965;0.965;0.965;0.965;0.965;0.965;0.965;0.961;0.957;0.949;0.945;0.941;0.941;0.937;0.933;0.929;0.925;0.922;0.914;0.906;0.902;0.894;0.890;0.886;0.878;0.875;0.867;0.863;0.859;0.851;0.847;0.843;0.839;0.835;0.831;0.827;0.824;0.820;0.816;0.812;0.808;0.804;0.804;0.800;0.796;0.792;0.788;0.784;0.784;0.780;0.776;0.776;0.773;0.773;0.769;0.765;0.765;0.761;0.761;0.757;0.757;0.757;0.757;0.753;0.749;0.745;0.745;0.741;0.741;0.737;0.737;0.737;0.737;0.737;0.737;0.733;0.733;0.733;0.733;0.733;0.729;0.733;0.733;0.733;0.733;0.733;0.733;0.737;0.737;0.737;0.741;0.741;0.745;0.749;0.753;0.757;0.757;0.761;0.765;0.773;0.776;0.784;0.784;0.788;0.788;0.792;0.796;0.800;0.804;0.812;0.816;0.820;0.824;0.827;0.831;0.831;0.835;0.843;0.855;0.863;0.867;0.871;0.871;0.871;0.871;0.871;0.875;0.875;0.878;0.878;0.882;0.882;0.886;0.890;0.890;0.894;0.898;0.898;0.902;0.902;0.902;0.906;0.910;0.914;
0.792;0.796;0.796;0.800;0.800;0.804;0.804;0.808;0.816;0.816;0.816;0.820;0.820;0.820;0.824;0.824;0.824;0.827;0.831;0.835;0.835;0.835;0.839;0.839;0.839;0.839;0.843;0.855;0.855;0.855;0.855;0.855;0.859;0.863;0.863;0.867;0.878;0.890;0.898;0.898;0.902;0.902;0.906;0.910;0.910;0.914;0.918;0.922;0.922;0.925;0.929;0.933;0.933;0.937;0.945;0.949;0.949;0.953;0.953;0.957;0.957;0.961;0.961;0.961;0.961;0.965;0.965;0.965;0.965;0.965;0.965;0.965;0.965;0.965;0.965;0.965;0.961;0.961;0.957;0.949;0.945;0.941;0.941;0.937;0.933;0.929;0.925;0.922;0.914;0.906;0.902;0.898;0.894;0.890;0.882;0.878;0.871;0.867;0.867;0.859;0.855;0.847;0.843;0.839;0.835;0.831;0.827;0.824;0.820;0.820;0.812;0.812;0.808;0.804;0.800;0.800;0.796;0.792;0.792;0.788;0.784;0.784;0.780;0.780;0.776;0.773;0.773;0.769;0.769;0.769;0.769;0.765;0.765;0.761;0.757;0.757;0.753;0.749;0.745;0.745;0.745;0.745;0.745;0.745;0.745;0.745;0.737;0.733;0.733;0.733;0.733;0.737;0.733;0.733;0.737;0.733;0.737;0.737;0.737;0.737;0.741;0.741;0.745;0.745;0.749;0.753;0.757;0.757;0.761;0.765;0.773;0.773;0.776;0.780;0.784;0.788;0.792;0.796;0.800;0.804;0.808;0.812;0.816;0.820;0.824;0.827;0.831;0.831;0.835;0.839;0.839;0.851;0.863;0.867;0.867;0.871;0.871;0.871;0.875;0.875;0.878;0.882;0.882;0.886;0.886;0.886;0.890;0.890;0.894;0.894;0.898;0.898;0.902;0.902;
0.792;0.796;0.796;0.800;0.800;0.804;0.804;0.808;0.816;0.816;0.816;0.820;0.820;0.820;0.824;0.824;0.824;0.827;0.831;0.835;0.835;0.835;0.839;0.839;0.839;0.839;0.843;0.855;0.855;0.855;0.855;0.855;0.859;0.863;0.863;0.867;0.878;0.890;0.898;0.898;0.902;0.902;0.906;0.910;0.910;0.914;0.918;0.922;0.922;0.925;0.929;0.933;0.933;0.937;0.945;0.949;0.949;0.953;0.953;0.957;0.957;0.961;0.961;0.961;0.961;0.965;0.965;0.965;0.965;0.965;0.965;0.965;0.965;0.965;0.965;0.965;0.961;0.961;0.957;0.949;0.945;0.941;0.941;0.937;0.933;0.929;0.925;0.922;0.914;0.906;0.902;0.898;0.894;0.890;0.882;0.878;0.871;0.867;0.867;0.859;0.855;0.847;0.843;0.839;0.835;0.831;0.827;0.824;0.820;0.820;0.812;0.812;0.808;0.804;0.800;0.800;0.796;0.792;0.792;0.788;0.784;0.784;0.780;0.780;0.776;0.773;0.773;0.769;0.769;0.769;0.769;0.765;0.765;0.761;0.757;0.757;0.753;0.749;0.745;0.745;0.745;0.745;0.745;0.745;0.745;0.745;0.737;0.733;0.733;0.733;0.733;0.737;0.733;0.733;0.737;0.733;0.737;0.737;0.737;0.737;0.741;0.741;0.745;0.745;0.749;0.753;0.757;0.757;0.761;0.765;0.773;0.773;0.776;0.780;0.784;0.788;0.792;0.796;0.800;0.804;0.808;0.812;0.816;0.820;0.824;0.827;0.831;0.831;0.835;0.839;0.839;0.851;0.863;0.867;0.867;0.871;0.871;0.871;0.875;0.875;0.878;0.882;0.882;0.886;0.886;0.886;0.890;0.890;0.894;0.894;0.898;0.898;0.902;0.902;
0.788;0.792;0.792;0.796;0.800;0.800;0.804;0.808;0.812;0.816;0.816;0.816;0.820;0.820;0.824;0.824;0.824;0.824;0.827;0.831;0.831;0.839;0.839;0.839;0.839;0.843;0.843;0.851;0.855;0.855;0.855;0.859;0.859;0.863;0.867;0.871;0.875;0.882;0.890;0.898;0.898;0.902;0.902;0.906;0.906;0.910;0.910;0.914;0.918;0.918;0.925;0.925;0.929;0.929;0.933;0.933;0.937;0.937;0.941;0.945;0.949;0.949;0.953;0.957;0.961;0.961;0.965;0.965;0.965;0.965;0.965;0.965;0.965;0.965;0.961;0.961;0.961;0.961;0.957;0.949;0.945;0.941;0.937;0.933;0.929;0.929;0.922;0.922;0.914;0.910;0.906;0.902;0.894;0.890;0.886;0.882;0.875;0.871;0.867;0.867;0.863;0.859;0.851;0.843;0.839;0.835;0.835;0.831;0.827;0.824;0.820;0.820;0.816;0.812;0.808;0.808;0.804;0.800;0.796;0.796;0.792;0.792;0.788;0.784;0.784;0.784;0.780;0.780;0.780;0.776;0.773;0.773;0.773;0.769;0.765;0.765;0.761;0.761;0.761;0.757;0.753;0.749;0.749;0.749;0.749;0.749;0.745;0.741;0.737;0.737;0.737;0.737;0.737;0.737;0.737;0.737;0.737;0.741;0.741;0.741;0.741;0.741;0.741;0.745;0.749;0.749;0.753;0.757;0.761;0.761;0.765;0.769;0.773;0.776;0.780;0.784;0.788;0.792;0.796;0.796;0.800;0.808;0.808;0.812;0.816;0.820;0.824;0.824;0.827;0.831;0.831;0.835;0.839;0.847;0.863;0.867;0.871;0.871;0.871;0.871;0.875;0.875;0.878;0.878;0.882;0.882;0.886;0.886;0.886;0.890;0.890;0.890;0.894;0.894;
0.788;0.792;0.792;0.796;0.800;0.800;0.804;0.808;0.812;0.816;0.816;0.816;0.820;0.820;0.824;0.824;0.824;0.824;0.827;0.831;0.831;0.839;0.839;0.839;0.839;0.843;0.843;0.851;0.855;0.855;0.855;0.859;0.859;0.863;0.867;0.871;0.875;0.882;0.890;0.898;0.898;0.902;0.902;0.906;0.906;0.910;0.910;0.914;0.918;0.918;0.925;0.925;0.929;0.929;0.933;0.933;0.937;0.937;0.941;0.945;0.949;0.949;0.953;0.957;0.961;0.961;0.965;0.965;0.965;0.965;0.965;0.965;0.965;0.965;0.961;0.961;0.961;0.961;0.957;0.949;0.945;0.941;0.937;0.933;0.929;0.929;0.922;0.922;0.914;0.910;0.906;0.902;0.894;0.890;0.886;0.882;0.875;0.871;0.867;0.867;0.863;0.859;0.851;0.843;0.839;0.835;0.835;0.831;0.827;0.824;0.820;0.820;0.816;0.812;0.808;0.808;0.804;0.800;0.796;0.796;0.792;0.792;0.788;0.784;0.784;0.784;0.780;0.780;0.780;0.776;0.773;0.773;0.773;0.769;0.765;0.765;0.761;0.761;0.761;0.757;0.753;0.749;0.749;0.749;0.749;0.749;0.745;0.741;0.737;0.737;0.737;0.737;0.737;0.737;0.737;0.737;0.737;0.741;0.741;0.741;0.741;0.741;0.741;0.745;0.749;0.749;0.753;0.757;0.761;0.761;0.765;0.769;0.773;0.776;0.780;0.784;0.788;0.792;0.796;0.796;0.800;0.808;0.808;0.812;0.816;0.820;0.824;0.824;0.827;0.831;0.831;0.835;0.839;0.847;0.863;0.867;0.871;0.871;0.871;0.871;0.875;0.875;0.878;0.878;0.882;0.882;0.886;0.886;0.886;0.890;0.890;0.890;0.894;0.894;
0.788;0.788;0.788;0.792;0.792;0.796;0.804;0.808;0.808;0.812;0.812;0.816;0.820;0.820;0.820;0.824;0.824;0.827;0.827;0.831;0.831;0.831;0.835;0.839;0.839;0.843;0.847;0.847;0.855;0.855;0.855;0.859;0.859;0.863;0.867;0.867;0.871;0.875;0.878;0.882;0.886;0.890;0.894;0.898;0.902;0.902;0.906;0.906;0.910;0.910;0.914;0.918;0.918;0.922;0.925;0.929;0.929;0.929;0.933;0.937;0.941;0.941;0.945;0.945;0.949;0.953;0.957;0.957;0.957;0.961;0.965;0.961;0.961;0.961;0.961;0.961;0.957;0.953;0.953;0.949;0.941;0.941;0.937;0.933;0.929;0.929;0.925;0.922;0.918;0.910;0.906;0.906;0.898;0.894;0.890;0.886;0.878;0.875;0.871;0.867;0.867;0.867;0.863;0.847;0.843;0.843;0.839;0.835;0.835;0.831;0.831;0.831;0.824;0.820;0.816;0.820;0.820;0.820;0.808;0.804;0.800;0.796;0.796;0.792;0.792;0.792;0.788;0.788;0.788;0.784;0.784;0.780;0.780;0.776;0.776;0.773;0.773;0.769;0.765;0.765;0.761;0.757;0.753;0.753;0.753;0.753;0.753;0.753;0.749;0.745;0.737;0.737;0.737;0.737;0.737;0.741;0.741;0.741;0.741;0.741;0.741;0.741;0.741;0.745;0.749;0.749;0.753;0.757;0.757;0.761;0.761;0.765;0.769;0.776;0.776;0.776;0.780;0.784;0.788;0.792;0.792;0.800;0.800;0.804;0.808;0.812;0.816;0.816;0.824;0.824;0.824;0.827;0.827;0.831;0.835;0.843;0.859;0.867;0.871;0.871;0.871;0.875;0.875;0.875;0.878;0.878;0.882;0.882;0.882;0.886;0.886;0.886;0.890;0.890;
0.788;0.788;0.788;0.792;0.792;0.796;0.804;0.808;0.808;0.812;0.812;0.816;0.820;0.820;0.820;0.824;0.824;0.827;0.827;0.831;0.831;0.831;0.835;0.839;0.839;0.843;0.847;0.847;0.855;0.855;0.855;0.859;0.859;0.863;0.867;0.867;0.871;0.875;0.878;0.882;0.886;0.890;0.894;0.898;0.902;0.902;0.906;0.906;0.910;0.910;0.914;0.918;0.918;0.922;0.925;0.929;0.929;0.929;0.933;0.937;0.941;0.941;0.945;0.945;0.949;0.953;0.957;0.957;0.957;0.961;0.965;0.961;0.961;0.961;0.961;0.961;0.957;0.953;0.953;0.949;0.941;0.941;0.937;0.933;0.929;0.929;0.925;0.922;0.918;0.910;0.906;0.906;0.898;0.894;0.890;0.886;0.878;0.875;0.871;0.867;0.867;0.867;0.863;0.847;0.843;0.843;0.839;0.835;0.835;0.831;0.831;0.831;0.824;0.820;0.816;0.820;0.820;0.820;0.808;0.804;0.800;0.796;0.796;0.792;0.792;0.792;0.788;0.788;0.788;0.784;0.784;0.780;0.780;0.776;0.776;0.773;0.773;0.769;0.765;0.765;0.761;0.757;0.753;0.753;0.753;0.753;0.753;0.753;0.749;0.745;0.737;0.737;0.737;0.737;0.737;0.741;0.741;0.741;0.741;0.741;0.741;0.741;0.741;0.745;0.749;0.749;0.753;0.757;0.757;0.761;0.761;0.765;0.769;0.776;0.776;0.776;0.780;0.784;0.788;0.792;0.792;0.800;0.800;0.804;0.808;0.812;0.816;0.816;0.824;0.824;0.824;0.827;0.827;0.831;0.835;0.843;0.859;0.867;0.871;0.871;0.871;0.875;0.875;0.875;0.878;0.878;0.882;0.882;0.882;0.886;0.886;0.886;0.890;0.890;
0.784;0.788;0.788;0.788;0.788;0.788;0.800;0.804;0.804;0.808;0.808;0.812;0.816;0.820;0.820;0.824;0.824;0.824;0.827;0.831;0.831;0.831;0.835;0.835;0.839;0.839;0.843;0.847;0.855;0.855;0.855;0.859;0.859;0.863;0.863;0.867;0.867;0.871;0.875;0.875;0.878;0.882;0.882;0.886;0.886;0.890;0.894;0.894;0.898;0.902;0.902;0.906;0.910;0.914;0.918;0.922;0.922;0.922;0.925;0.925;0.929;0.933;0.933;0.937;0.941;0.945;0.949;0.949;0.953;0.953;0.953;0.953;0.953;0.953;0.953;0.953;0.953;0.953;0.949;0.949;0.941;0.941;0.937;0.933;0.933;0.929;0.929;0.925;0.922;0.914;0.910;0.906;0.906;0.898;0.894;0.890;0.886;0.878;0.875;0.871;0.871;0.867;0.867;0.863;0.855;0.851;0.847;0.847;0.843;0.839;0.839;0.835;0.831;0.831;0.827;0.824;0.824;0.824;0.824;0.812;0.808;0.808;0.804;0.804;0.804;0.808;0.800;0.796;0.796;0.800;0.792;0.792;0.792;0.792;0.788;0.784;0.780;0.776;0.773;0.773;0.769;0.765;0.761;0.757;0.757;0.757;0.757;0.757;0.757;0.753;0.749;0.741;0.741;0.741;0.741;0.741;0.741;0.741;0.741;0.741;0.741;0.745;0.745;0.745;0.749;0.753;0.753;0.753;0.757;0.757;0.761;0.761;0.765;0.769;0.773;0.773;0.776;0.780;0.780;0.784;0.788;0.792;0.796;0.800;0.800;0.804;0.808;0.812;0.812;0.820;0.820;0.820;0.824;0.824;0.827;0.831;0.831;0.835;0.843;0.843;0.851;0.859;0.867;0.867;0.859;0.859;0.863;0.871;0.875;0.875;0.878;0.882;0.882;0.886;
0.784;0.788;0.788;0.788;0.788;0.788;0.800;0.804;0.804;0.808;0.808;0.812;0.816;0.820;0.820;0.824;0.824;0.824;0.827;0.831;0.831;0.831;0.835;0.835;0.839;0.839;0.843;0.847;0.855;0.855;0.855;0.859;0.859;0.863;0.863;0.867;0.867;0.871;0.875;0.875;0.878;0.882;0.882;0.886;0.886;0.890;0.894;0.894;0.898;0.902;0.902;0.906;0.910;0.914;0.918;0.922;0.922;0.922;0.925;0.925;0.929;0.933;0.933;0.937;0.941;0.945;0.949;0.949;0.953;0.953;0.953;0.953;0.953;0.953;0.953;0.953;0.953;0.953;0.949;0.949;0.941;0.941;0.937;0.933;0.933;0.929;0.929;0.925;0.922;0.914;0.910;0.906;0.906;0.898;0.894;0.890;0.886;0.878;0.875;0.871;0.871;0.867;0.867;0.863;0.855;0.851;0.847;0.847;0.843;0.839;0.839;0.835;0.831;0.831;0.827;0.824;0.824;0.824;0.824;0.812;0.808;0.808;0.804;0.804;0.804;0.808;0.800;0.796;0.796;0.800;0.792;0.792;0.792;0.792;0.788;0.784;0.780;0.776;0.773;0.773;0.769;0.765;0.761;0.757;0.757;0.757;0.757;0.757;0.757;0.753;0.749;0.741;0.741;0.741;0.741;0.741;0.741;0.741;0.741;0.741;0.741;0.745;0.745;0.745;0.749;0.753;0.753;0.753;0.757;0.757;0.761;0.761;0.765;0.769;0.773;0.773;0.776;0.780;0.780;0.784;0.788;0.792;0.796;0.800;0.800;0.804;0.808;0.812;0.812;0.820;0.820;0.820;0.824;0.824;0.827;0.831;0.831;0.835;0.843;0.843;0.851;0.859;0.867;0.867;0.859;0.859;0.863;0.871;0.875;0.875;0.878;0.882;0.882;0.886;
